{"inorganic_cbm_gamma": 1.8084249999828637, "inorganic_cbm_z": 1.8084249999828637, "inorganic_vbm_gamma": -0.8269750000171363, "inorganic_vbm_z": -0.8269750000171363, "organic_LUMO": 3.4294249999828637, "organic_HOMO": -2.4847750000171365, "alignment_type": "Ia"}