{"inorganic_cbm_gamma": 1.6392500000048895, "inorganic_cbm_z": 1.6392500000048895, "inorganic_vbm_gamma": -0.5952499999951105, "inorganic_vbm_z": -0.5952499999951105, "organic_LUMO": 3.74565000000489, "organic_HOMO": -2.0024499999951106, "alignment_type": "Ia"}