{"inorganic_cbm_gamma": 1.5163249999914319, "inorganic_cbm_z": 1.5163249999914319, "inorganic_vbm_gamma": -0.7336750000085681, "inorganic_vbm_z": -0.7336750000085681, "organic_LUMO": 3.744524999991432, "organic_HOMO": -1.4515750000085683, "alignment_type": "Ia"}