{"inorganic_cbm_gamma": 1.8029750000029106, "inorganic_cbm_z": 1.8029750000029106, "inorganic_vbm_gamma": -0.7732249999970896, "inorganic_vbm_z": -0.7732249999970896, "organic_LUMO": 3.3620750000029105, "organic_HOMO": -2.32602499999709, "alignment_type": "Ia"}