{"inorganic_cbm_gamma": 1.838099999989872, "inorganic_cbm_z": 1.838099999989872, "inorganic_vbm_gamma": -0.8464000000101282, "inorganic_vbm_z": -0.8464000000101282, "organic_LUMO": 3.121199999989872, "organic_HOMO": -1.5530000000101283, "alignment_type": "Ia"}