{"inorganic_cbm_gamma": 1.876324999999674, "inorganic_cbm_z": 1.8156249999996739, "inorganic_vbm_gamma": -0.9262750000003259, "inorganic_vbm_z": -0.7224750000003259, "organic_LUMO": 1.984924999999674, "organic_HOMO": -4.018775000000327, "alignment_type": "Ia"}