{"inorganic_cbm_gamma": 1.8708750000016066, "inorganic_cbm_z": 1.8708750000016066, "inorganic_vbm_gamma": -0.8672249999983934, "inorganic_vbm_z": -0.8672249999983934, "organic_LUMO": 2.9105750000016064, "organic_HOMO": -1.6065249999983935, "alignment_type": "Ia"}