{"inorganic_cbm_gamma": 1.8286500000003025, "inorganic_cbm_z": 1.8059500000003026, "inorganic_vbm_gamma": -0.8403499999996973, "inorganic_vbm_z": -0.7524499999996973, "organic_LUMO": 3.532350000000303, "organic_HOMO": -2.2178499999996975, "alignment_type": "Ia"}