{"inorganic_cbm_gamma": 1.883825000003795, "inorganic_cbm_z": 1.815425000003795, "inorganic_vbm_gamma": -0.8974749999962048, "inorganic_vbm_z": -0.7162749999962048, "organic_LUMO": 1.8416250000037953, "organic_HOMO": -4.181974999996205, "alignment_type": "Ia"}