{"inorganic_cbm_gamma": 1.6073499999945984, "inorganic_cbm_z": 1.5598499999945985, "inorganic_vbm_gamma": -0.8974500000054016, "inorganic_vbm_z": -0.5767500000054017, "organic_LUMO": 2.1201499999945983, "organic_HOMO": -3.8071500000054015, "alignment_type": "Ia"}