{"inorganic_cbm_gamma": 1.5184499999991852, "inorganic_cbm_z": 1.490849999999185, "inorganic_vbm_gamma": -0.3035500000008149, "inorganic_vbm_z": -0.09725000000081496, "organic_LUMO": 3.9081499999991847, "organic_HOMO": -1.331050000000815, "alignment_type": "Ia"}