{"inorganic_cbm_gamma": 1.4813000000053087, "inorganic_cbm_z": 1.4813000000053087, "inorganic_vbm_gamma": -0.6382999999946914, "inorganic_vbm_z": -0.6382999999946914, "organic_LUMO": 3.326900000005309, "organic_HOMO": -2.9258999999946913, "alignment_type": "Ia"}