{"inorganic_cbm_gamma": 1.6520750000014903, "inorganic_cbm_z": 1.6520750000014903, "inorganic_vbm_gamma": -0.7734249999985099, "inorganic_vbm_z": -0.7734249999985099, "organic_LUMO": 3.4728750000014905, "organic_HOMO": -2.73792499999851, "alignment_type": "Ia"}