{"inorganic_cbm_gamma": 1.6658750000132017, "inorganic_cbm_z": 1.6528750000132013, "inorganic_vbm_gamma": -0.8465249999867985, "inorganic_vbm_z": -0.7566249999867984, "organic_LUMO": 3.4609750000132014, "organic_HOMO": -2.8584249999867986, "alignment_type": "Ia"}