{"inorganic_cbm_gamma": 1.7218749999921767, "inorganic_cbm_z": 1.702474999992177, "inorganic_vbm_gamma": -0.8694250000078231, "inorganic_vbm_z": -0.7721250000078231, "organic_LUMO": 3.4696749999921765, "organic_HOMO": -2.959725000007823, "alignment_type": "Ia"}