{"inorganic_cbm_gamma": 1.738024999995483, "inorganic_cbm_z": 1.738024999995483, "inorganic_vbm_gamma": -0.7983750000045169, "inorganic_vbm_z": -0.7983750000045169, "organic_LUMO": 3.479324999995483, "organic_HOMO": -2.7330750000045168, "alignment_type": "Ia"}