{"inorganic_cbm_gamma": 1.7872000000063095, "inorganic_cbm_z": 1.7872000000063095, "inorganic_vbm_gamma": -0.8676999999936903, "inorganic_vbm_z": -0.8676999999936903, "organic_LUMO": 3.22210000000631, "organic_HOMO": -2.84229999999369, "alignment_type": "Ia"}