{"inorganic_cbm_gamma": 1.6355500000028407, "inorganic_cbm_z": 1.6199500000028406, "inorganic_vbm_gamma": -0.8531499999971595, "inorganic_vbm_z": -0.7212499999971594, "organic_LUMO": 3.2700500000028407, "organic_HOMO": -3.1435499999971594, "alignment_type": "Ia"}