{"inorganic_cbm_gamma": 1.6706000000067522, "inorganic_cbm_z": 1.6706000000067522, "inorganic_vbm_gamma": -0.7947999999932479, "inorganic_vbm_z": -0.7947999999932479, "organic_LUMO": 1.8993000000067521, "organic_HOMO": -2.605599999993248, "alignment_type": "Ia"}