{"inorganic_cbm_gamma": 1.6372750000013037, "inorganic_cbm_z": 1.6372750000013037, "inorganic_vbm_gamma": -0.6542249999986961, "inorganic_vbm_z": -0.6542249999986961, "organic_LUMO": 3.539875000001304, "organic_HOMO": -1.9590249999986962, "alignment_type": "Ia"}