{"inorganic_cbm_gamma": 1.8099999999965308, "inorganic_cbm_z": 1.736399999996531, "inorganic_vbm_gamma": -0.9687000000034692, "inorganic_vbm_z": -0.6851000000034692, "organic_LUMO": 1.8099999999965308, "organic_HOMO": -4.685400000003469, "alignment_type": "Ia"}