{"inorganic_cbm_gamma": 1.5985750000018393, "inorganic_cbm_z": 1.5985750000018393, "inorganic_vbm_gamma": -0.7786249999981607, "inorganic_vbm_z": -0.7786249999981607, "organic_LUMO": 3.4377750000018397, "organic_HOMO": -1.9859249999981605, "alignment_type": "Ia"}