{"inorganic_cbm_gamma": 1.7055250000040048, "inorganic_cbm_z": 1.7055250000040048, "inorganic_vbm_gamma": -0.8361749999959953, "inorganic_vbm_z": -0.8361749999959953, "organic_LUMO": 3.206725000004005, "organic_HOMO": -1.3544749999959953, "alignment_type": "Ia"}