{"inorganic_cbm_gamma": 1.7400000000101978, "inorganic_cbm_z": 1.6911000000101981, "inorganic_vbm_gamma": -0.963799999989802, "inorganic_vbm_z": -0.713699999989802, "organic_LUMO": 1.9588000000101982, "organic_HOMO": -4.137199999989802, "alignment_type": "Ia"}