{"inorganic_cbm_gamma": 1.6848000000141563, "inorganic_cbm_z": 1.6848000000141563, "inorganic_vbm_gamma": -0.8284999999858439, "inorganic_vbm_z": -0.8284999999858439, "organic_LUMO": 3.032300000014156, "organic_HOMO": -1.474599999985844, "alignment_type": "Ia"}