{"inorganic_cbm_gamma": 1.7865250000104775, "inorganic_cbm_z": 1.7865250000104775, "inorganic_vbm_gamma": -0.7197749999895227, "inorganic_vbm_z": -0.7197749999895227, "organic_LUMO": 3.2067250000104774, "organic_HOMO": -1.5621749999895227, "alignment_type": "Ia"}