{"inorganic_cbm_gamma": 1.6051999999906634, "inorganic_cbm_z": 1.5763999999906635, "inorganic_vbm_gamma": -0.23390000000933653, "inorganic_vbm_z": -0.003800000009336557, "organic_LUMO": 3.7389999999906633, "organic_HOMO": -1.7916000000093364, "alignment_type": "Ia"}