{"inorganic_cbm_gamma": 1.8392499999942258, "inorganic_cbm_z": 1.685949999994226, "inorganic_vbm_gamma": -0.8395500000057742, "inorganic_vbm_z": -0.6352500000057743, "organic_LUMO": 1.7275499999942259, "organic_HOMO": -4.550350000005775, "alignment_type": "Ia"}