{"inorganic_cbm_gamma": 1.8444749999976482, "inorganic_cbm_z": 1.8444749999976482, "inorganic_vbm_gamma": -0.9057250000023516, "inorganic_vbm_z": -0.9057250000023516, "organic_LUMO": 3.4727749999976485, "organic_HOMO": -1.6169250000023516, "alignment_type": "Ia"}