{"inorganic_cbm_gamma": 1.6985250000046566, "inorganic_cbm_z": 1.6985250000046566, "inorganic_vbm_gamma": -0.40937499999534344, "inorganic_vbm_z": -0.40937499999534344, "organic_LUMO": 3.3524250000046565, "organic_HOMO": -1.1184749999953434, "alignment_type": "Ia"}