{"inorganic_cbm_gamma": 1.5529749999953666, "inorganic_cbm_z": 1.5529749999953666, "inorganic_vbm_gamma": -0.7140250000046333, "inorganic_vbm_z": -0.7140250000046333, "organic_LUMO": 3.4372749999953665, "organic_HOMO": -2.2661250000046333, "alignment_type": "Ia"}