{"inorganic_cbm_gamma": 1.8870499999913386, "inorganic_cbm_z": 1.8870499999913386, "inorganic_vbm_gamma": -0.9257500000086613, "inorganic_vbm_z": -0.9257500000086613, "organic_LUMO": 2.972949999991339, "organic_HOMO": -1.5063500000086614, "alignment_type": "Ia"}