{"inorganic_cbm_gamma": 1.7209500000049827, "inorganic_cbm_z": 1.7209500000049827, "inorganic_vbm_gamma": -0.6554499999950174, "inorganic_vbm_z": -0.6554499999950174, "organic_LUMO": 3.5561500000049824, "organic_HOMO": -1.9616499999950174, "alignment_type": "Ia"}