{"inorganic_cbm_gamma": 1.6963999999965076, "inorganic_cbm_z": 1.6963999999965076, "inorganic_vbm_gamma": -0.4642000000034925, "inorganic_vbm_z": -0.4642000000034925, "organic_LUMO": 3.3906999999965075, "organic_HOMO": -1.1131000000034925, "alignment_type": "Ia"}