{"inorganic_cbm_gamma": 1.8394250000048893, "inorganic_cbm_z": 1.8394250000048893, "inorganic_vbm_gamma": -0.8555749999951106, "inorganic_vbm_z": -0.8555749999951106, "organic_LUMO": 3.2095250000048896, "organic_HOMO": -1.8715749999951106, "alignment_type": "Ia"}