{"inorganic_cbm_gamma": 1.7677000000099885, "inorganic_cbm_z": 1.7677000000099885, "inorganic_vbm_gamma": -0.7493999999900116, "inorganic_vbm_z": -0.7493999999900116, "organic_LUMO": 3.2753000000099886, "organic_HOMO": -1.8104999999900115, "alignment_type": "Ia"}