{"inorganic_cbm_gamma": 1.7214250000040745, "inorganic_cbm_z": 1.7214250000040745, "inorganic_vbm_gamma": -0.8400749999959255, "inorganic_vbm_z": -0.8400749999959255, "organic_LUMO": 3.1918250000040747, "organic_HOMO": -1.7041749999959255, "alignment_type": "Ia"}