{"inorganic_cbm_gamma": 1.6786250000111294, "inorganic_cbm_z": 1.6786250000111294, "inorganic_vbm_gamma": -0.8202749999888707, "inorganic_vbm_z": -0.8202749999888707, "organic_LUMO": 3.4693250000111293, "organic_HOMO": -1.9524749999888706, "alignment_type": "Ia"}