{"inorganic_cbm_gamma": 1.6142499999876598, "inorganic_cbm_z": 1.5763499999876598, "inorganic_vbm_gamma": -0.72695000001234, "inorganic_vbm_z": 0.11774999998765989, "organic_LUMO": 3.45144999998766, "organic_HOMO": -3.31645000001234, "alignment_type": "Ia"}