{"inorganic_cbm_gamma": 1.6825499999931082, "inorganic_cbm_z": 1.6825499999931082, "inorganic_vbm_gamma": -0.8049500000068918, "inorganic_vbm_z": -0.8049500000068918, "organic_LUMO": 3.126549999993108, "organic_HOMO": -1.3158500000068918, "alignment_type": "Ia"}