{"inorganic_cbm_gamma": 1.712775000008382, "inorganic_cbm_z": 1.712775000008382, "inorganic_vbm_gamma": -0.5998249999916181, "inorganic_vbm_z": -0.5998249999916181, "organic_LUMO": 3.287675000008382, "organic_HOMO": -1.156324999991618, "alignment_type": "Ia"}