{"inorganic_cbm_gamma": 1.606699999992014, "inorganic_cbm_z": 1.606699999992014, "inorganic_vbm_gamma": -0.4653000000079861, "inorganic_vbm_z": -0.4653000000079861, "organic_LUMO": 3.370999999992014, "organic_HOMO": -2.6537000000079862, "alignment_type": "Ia"}