{"inorganic_cbm_gamma": 1.6608999999940859, "inorganic_cbm_z": 1.637399999994086, "inorganic_vbm_gamma": -0.4413000000059139, "inorganic_vbm_z": -0.18020000000591385, "organic_LUMO": 3.786799999994086, "organic_HOMO": -2.729400000005914, "alignment_type": "Ia"}