{"inorganic_cbm_gamma": 1.9251749999930383, "inorganic_cbm_z": 1.8936749999930385, "inorganic_vbm_gamma": -1.0660250000069615, "inorganic_vbm_z": -0.7781250000069616, "organic_LUMO": 3.3464749999930383, "organic_HOMO": -3.1720250000069616, "alignment_type": "Ia"}