{"inorganic_cbm_gamma": 1.567700000003865, "inorganic_cbm_z": 1.567700000003865, "inorganic_vbm_gamma": -0.49139999999613504, "inorganic_vbm_z": -0.49139999999613504, "organic_LUMO": 3.465200000003865, "organic_HOMO": -1.354799999996135, "alignment_type": "Ia"}