{"inorganic_cbm_gamma": 1.6729250000003493, "inorganic_cbm_z": 1.6729250000003493, "inorganic_vbm_gamma": -0.7971749999996507, "inorganic_vbm_z": -0.7971749999996507, "organic_LUMO": 3.348425000000349, "organic_HOMO": -2.910474999999651, "alignment_type": "Ia"}