{"inorganic_cbm_gamma": 1.7058999999914084, "inorganic_cbm_z": 1.7058999999914084, "inorganic_vbm_gamma": -0.8289000000085914, "inorganic_vbm_z": -0.8289000000085914, "organic_LUMO": 3.4234999999914084, "organic_HOMO": -2.6547000000085914, "alignment_type": "Ia"}