{"inorganic_cbm_gamma": 1.8418500000024678, "inorganic_cbm_z": 1.8418500000024678, "inorganic_vbm_gamma": -0.933349999997532, "inorganic_vbm_z": -0.933349999997532, "organic_LUMO": 3.4461500000024676, "organic_HOMO": -2.998349999997532, "alignment_type": "Ia"}