{"inorganic_cbm_gamma": 1.8166750000050294, "inorganic_cbm_z": 1.8166750000050294, "inorganic_vbm_gamma": -0.8570249999949708, "inorganic_vbm_z": -0.8570249999949708, "organic_LUMO": 2.988575000005029, "organic_HOMO": -3.005824999994971, "alignment_type": "Ia"}