{"inorganic_cbm_gamma": 1.742300000000419, "inorganic_cbm_z": 1.742300000000419, "inorganic_vbm_gamma": -0.8117999999995809, "inorganic_vbm_z": -0.8117999999995809, "organic_LUMO": 3.331600000000419, "organic_HOMO": -2.600199999999581, "alignment_type": "Ia"}