{"inorganic_cbm_gamma": 1.805825000001816, "inorganic_cbm_z": 1.805825000001816, "inorganic_vbm_gamma": -0.840674999998184, "inorganic_vbm_z": -0.840674999998184, "organic_LUMO": 3.021525000001816, "organic_HOMO": -1.432374999998184, "alignment_type": "Ia"}