{"inorganic_cbm_gamma": 1.6970749999952037, "inorganic_cbm_z": 1.6970749999952037, "inorganic_vbm_gamma": -0.7804250000047963, "inorganic_vbm_z": -0.7804250000047963, "organic_LUMO": 2.6970749999952037, "organic_HOMO": -1.9402250000047963, "alignment_type": "Ia"}