{"inorganic_cbm_gamma": 1.758274999997509, "inorganic_cbm_z": 1.758274999997509, "inorganic_vbm_gamma": -0.8172250000024912, "inorganic_vbm_z": -0.8172250000024912, "organic_LUMO": 3.7108749999975084, "organic_HOMO": -1.1738250000024912, "alignment_type": "Ia"}