{"inorganic_cbm_gamma": 1.4978500000020722, "inorganic_cbm_z": 1.4978500000020722, "inorganic_vbm_gamma": -0.6114499999979278, "inorganic_vbm_z": -0.6114499999979278, "organic_LUMO": 2.6510500000020722, "organic_HOMO": -2.054849999997928, "alignment_type": "Ia"}