{"inorganic_cbm_gamma": 1.7891749999966007, "inorganic_cbm_z": 1.7891749999966007, "inorganic_vbm_gamma": -0.8460250000033993, "inorganic_vbm_z": -0.8460250000033993, "organic_LUMO": 2.0140749999966006, "organic_HOMO": -0.4437250000033993, "alignment_type": "IIa"}