{"inorganic_cbm_gamma": 1.928050000002561, "inorganic_cbm_z": 1.928050000002561, "inorganic_vbm_gamma": -0.877849999997439, "inorganic_vbm_z": -0.877849999997439, "organic_LUMO": 2.857850000002561, "organic_HOMO": -1.620149999997439, "alignment_type": "Ia"}