{"inorganic_cbm_gamma": 1.7042249999942722, "inorganic_cbm_z": 1.7042249999942722, "inorganic_vbm_gamma": -0.7809750000057276, "inorganic_vbm_z": -0.7809750000057276, "organic_LUMO": 2.8180249999942726, "organic_HOMO": -1.1693750000057275, "alignment_type": "Ia"}