{"inorganic_cbm_gamma": 1.880375000003865, "inorganic_cbm_z": 1.880375000003865, "inorganic_vbm_gamma": -0.864224999996135, "inorganic_vbm_z": -0.864224999996135, "organic_LUMO": 3.151375000003865, "organic_HOMO": -1.815524999996135, "alignment_type": "Ia"}