{"inorganic_cbm_gamma": 1.7624750000057277, "inorganic_cbm_z": 1.7624750000057277, "inorganic_vbm_gamma": -0.7877249999942724, "inorganic_vbm_z": -0.7877249999942724, "organic_LUMO": 2.456575000005728, "organic_HOMO": -0.8634249999942724, "alignment_type": "Ia"}