{"inorganic_cbm_gamma": 1.821574999988568, "inorganic_cbm_z": 1.821574999988568, "inorganic_vbm_gamma": -0.777225000011432, "inorganic_vbm_z": -0.777225000011432, "organic_LUMO": 2.386174999988568, "organic_HOMO": -0.880025000011432, "alignment_type": "Ia"}