{"inorganic_cbm_gamma": 1.7346999999910593, "inorganic_cbm_z": 1.7346999999910593, "inorganic_vbm_gamma": -0.7866000000089407, "inorganic_vbm_z": -0.7866000000089407, "organic_LUMO": 3.262199999991059, "organic_HOMO": -1.9667000000089407, "alignment_type": "Ia"}