{"inorganic_cbm_gamma": 1.8724499999951805, "inorganic_cbm_z": 1.8231499999951803, "inorganic_vbm_gamma": -0.9428500000048196, "inorganic_vbm_z": -0.7475500000048196, "organic_LUMO": 2.2206499999951803, "organic_HOMO": -3.8157500000048197, "alignment_type": "Ia"}