{"inorganic_cbm_gamma": 1.8408500000056345, "inorganic_cbm_z": 1.8408500000056345, "inorganic_vbm_gamma": -0.8561499999943655, "inorganic_vbm_z": -0.8561499999943655, "organic_LUMO": 2.2463500000056347, "organic_HOMO": -0.6496499999943655, "alignment_type": "IIa"}