{"inorganic_cbm_gamma": 1.7091750000117112, "inorganic_cbm_z": 1.7173750000117112, "inorganic_vbm_gamma": -0.9571249999882886, "inorganic_vbm_z": -0.38982499998828857, "organic_LUMO": 1.3781750000117112, "organic_HOMO": -4.2679249999882884, "alignment_type": "IIb"}