{"inorganic_cbm_gamma": 1.9796999999928286, "inorganic_cbm_z": 1.9393999999928289, "inorganic_vbm_gamma": -0.9773000000071712, "inorganic_vbm_z": -0.8165000000071712, "organic_LUMO": 1.594299999992829, "organic_HOMO": -4.599200000007171, "alignment_type": "IIb"}