{"inorganic_cbm_gamma": 1.6236000000039348, "inorganic_cbm_z": 1.6236000000039348, "inorganic_vbm_gamma": -0.7056999999960651, "inorganic_vbm_z": -0.7056999999960651, "organic_LUMO": 3.3586000000039347, "organic_HOMO": -2.8096999999960652, "alignment_type": "Ia"}