{"inorganic_cbm_gamma": 1.852499999994249, "inorganic_cbm_z": 1.852499999994249, "inorganic_vbm_gamma": -0.8106000000057509, "inorganic_vbm_z": -0.8106000000057509, "organic_LUMO": 2.6513999999942492, "organic_HOMO": -3.2764000000057507, "alignment_type": "Ia"}