{"inorganic_cbm_gamma": 1.7691500000028872, "inorganic_cbm_z": 1.7691500000028872, "inorganic_vbm_gamma": -0.8362499999971129, "inorganic_vbm_z": -0.8362499999971129, "organic_LUMO": 3.4444500000028873, "organic_HOMO": -2.482149999997113, "alignment_type": "Ia"}