{"inorganic_cbm_gamma": 1.658325000007078, "inorganic_cbm_z": 1.658325000007078, "inorganic_vbm_gamma": -0.784874999992922, "inorganic_vbm_z": -0.784874999992922, "organic_LUMO": 3.126825000007078, "organic_HOMO": -3.094574999992922, "alignment_type": "Ia"}