{"inorganic_cbm_gamma": 1.4994750000067987, "inorganic_cbm_z": 1.4994750000067987, "inorganic_vbm_gamma": -0.48232499999320133, "inorganic_vbm_z": -0.48232499999320133, "organic_LUMO": 3.6693750000067986, "organic_HOMO": -2.6239249999932013, "alignment_type": "Ia"}