{"inorganic_cbm_gamma": 1.4548500000070081, "inorganic_cbm_z": 1.4548500000070081, "inorganic_vbm_gamma": -0.5695499999929918, "inorganic_vbm_z": -0.5695499999929918, "organic_LUMO": 3.3438500000070084, "organic_HOMO": -2.700649999992992, "alignment_type": "Ia"}