{"inorganic_cbm_gamma": 1.5866500000085217, "inorganic_cbm_z": 1.5866500000085217, "inorganic_vbm_gamma": -0.7990499999914784, "inorganic_vbm_z": -0.7990499999914784, "organic_LUMO": 3.659750000008522, "organic_HOMO": -1.9726499999914784, "alignment_type": "Ia"}