{"inorganic_cbm_gamma": 1.5372749999900814, "inorganic_cbm_z": 1.5372749999900814, "inorganic_vbm_gamma": -0.7614250000099185, "inorganic_vbm_z": -0.7614250000099185, "organic_LUMO": 3.8635749999900817, "organic_HOMO": -1.4159250000099186, "alignment_type": "Ia"}