{"inorganic_cbm_gamma": 1.522700000015972, "inorganic_cbm_z": 1.522700000015972, "inorganic_vbm_gamma": -0.7249999999840278, "inorganic_vbm_z": -0.7249999999840278, "organic_LUMO": 3.4518000000159725, "organic_HOMO": -2.1806999999840277, "alignment_type": "Ia"}