{"inorganic_cbm_gamma": 1.7939999999929919, "inorganic_cbm_z": 1.7939999999929919, "inorganic_vbm_gamma": -0.8255000000070082, "inorganic_vbm_z": -0.8255000000070082, "organic_LUMO": 3.689899999992992, "organic_HOMO": -1.4710000000070083, "alignment_type": "Ia"}