{"inorganic_cbm_gamma": 1.7761249999949706, "inorganic_cbm_z": 1.7761249999949706, "inorganic_vbm_gamma": -0.7701750000050291, "inorganic_vbm_z": -0.7701750000050291, "organic_LUMO": 3.237124999994971, "organic_HOMO": -1.6170750000050291, "alignment_type": "Ia"}