{"inorganic_cbm_gamma": 1.8781250000020488, "inorganic_cbm_z": 1.8781250000020488, "inorganic_vbm_gamma": -0.8176749999979511, "inorganic_vbm_z": -0.8176749999979511, "organic_LUMO": 3.930225000002049, "organic_HOMO": -0.1049749999979511, "alignment_type": "IIa"}