{"inorganic_cbm_gamma": 1.5985000000051222, "inorganic_cbm_z": 1.5985000000051222, "inorganic_vbm_gamma": -0.7284999999948778, "inorganic_vbm_z": -0.7284999999948778, "organic_LUMO": 2.0594000000051222, "organic_HOMO": -2.567299999994878, "alignment_type": "Ia"}