{"inorganic_cbm_gamma": 1.7694249999956229, "inorganic_cbm_z": 1.7694249999956229, "inorganic_vbm_gamma": -0.8681750000043772, "inorganic_vbm_z": -0.8681750000043772, "organic_LUMO": 4.084424999995623, "organic_HOMO": -0.4637750000043772, "alignment_type": "IIa"}