{"inorganic_cbm_gamma": 1.7612500000005589, "inorganic_cbm_z": 1.7612500000005589, "inorganic_vbm_gamma": -0.7379499999994412, "inorganic_vbm_z": -0.7379499999994412, "organic_LUMO": 3.8974500000005587, "organic_HOMO": -0.1890499999994412, "alignment_type": "IIa"}