{"inorganic_cbm_gamma": 1.7731250000036323, "inorganic_cbm_z": 1.7731250000036323, "inorganic_vbm_gamma": -0.8389749999963678, "inorganic_vbm_z": -0.8389749999963678, "organic_LUMO": 3.531925000003632, "organic_HOMO": 0.08322500000363214, "alignment_type": "IIa"}