{"inorganic_cbm_gamma": 1.7963249999966473, "inorganic_cbm_z": 1.7963249999966473, "inorganic_vbm_gamma": -0.8161750000033527, "inorganic_vbm_z": -0.8161750000033527, "organic_LUMO": 3.966424999996647, "organic_HOMO": 0.07032499999664724, "alignment_type": "IIa"}