{"inorganic_cbm_gamma": 1.85362500000305, "inorganic_cbm_z": 1.85362500000305, "inorganic_vbm_gamma": -0.7933749999969499, "inorganic_vbm_z": -0.7933749999969499, "organic_LUMO": 3.00572500000305, "organic_HOMO": -0.7795749999969499, "alignment_type": "IIa"}