{"inorganic_cbm_gamma": 1.8205249999948079, "inorganic_cbm_z": 1.8205249999948079, "inorganic_vbm_gamma": -0.875675000005192, "inorganic_vbm_z": -0.875675000005192, "organic_LUMO": 3.0112249999948077, "organic_HOMO": -0.5540750000051922, "alignment_type": "IIa"}