{"inorganic_cbm_gamma": 1.82275000000617, "inorganic_cbm_z": 1.82275000000617, "inorganic_vbm_gamma": -0.87964999999383, "inorganic_vbm_z": -0.87964999999383, "organic_LUMO": 3.68585000000617, "organic_HOMO": -0.64734999999383, "alignment_type": "IIa"}