{"inorganic_cbm_gamma": 1.4837249999988593, "inorganic_cbm_z": 1.4837249999988593, "inorganic_vbm_gamma": -0.6260750000011409, "inorganic_vbm_z": -0.6260750000011409, "organic_LUMO": 3.035824999998859, "organic_HOMO": -1.1656750000011409, "alignment_type": "Ia"}