{"inorganic_cbm_gamma": 1.5107500000002096, "inorganic_cbm_z": 1.5107500000002096, "inorganic_vbm_gamma": -0.5686499999997905, "inorganic_vbm_z": -0.5686499999997905, "organic_LUMO": 2.7036500000002097, "organic_HOMO": -0.4362499999997904, "alignment_type": "IIa"}