{"inorganic_cbm_gamma": 1.923325000004843, "inorganic_cbm_z": 1.901025000004843, "inorganic_vbm_gamma": -1.0125749999951572, "inorganic_vbm_z": -0.5450749999951572, "organic_LUMO": 2.2117250000048427, "organic_HOMO": -4.077174999995157, "alignment_type": "Ia"}