{"inorganic_cbm_gamma": 1.5701749999962047, "inorganic_cbm_z": 1.5422749999962049, "inorganic_vbm_gamma": -0.8817250000037952, "inorganic_vbm_z": -0.6785250000037951, "organic_LUMO": 2.357174999996205, "organic_HOMO": -3.928825000003795, "alignment_type": "Ia"}