{"inorganic_cbm_gamma": 2.0245749999933644, "inorganic_cbm_z": 1.9720749999933642, "inorganic_vbm_gamma": -1.0209250000066357, "inorganic_vbm_z": -0.7900250000066358, "organic_LUMO": 1.6853749999933645, "organic_HOMO": -4.489225000006636, "alignment_type": "IIb"}