{"inorganic_cbm_gamma": 1.5354999999964378, "inorganic_cbm_z": 1.5028999999964379, "inorganic_vbm_gamma": -0.7231000000035623, "inorganic_vbm_z": -0.4828000000035623, "organic_LUMO": 2.3598999999964376, "organic_HOMO": -3.7680000000035623, "alignment_type": "Ia"}