{"inorganic_cbm_gamma": 1.484499999996205, "inorganic_cbm_z": 1.484499999996205, "inorganic_vbm_gamma": -0.7358000000037951, "inorganic_vbm_z": -0.7358000000037951, "organic_LUMO": 4.1959999999962045, "organic_HOMO": -1.9125000000037953, "alignment_type": "Ia"}