{"inorganic_cbm_gamma": 1.73442499999532, "inorganic_cbm_z": 1.73442499999532, "inorganic_vbm_gamma": -0.7296750000046799, "inorganic_vbm_z": -0.7296750000046799, "organic_LUMO": 3.9117249999953203, "organic_HOMO": -0.8272750000046799, "alignment_type": "Ia"}