{"inorganic_cbm_gamma": 1.5843000000011873, "inorganic_cbm_z": 1.5843000000011873, "inorganic_vbm_gamma": -0.5812999999988127, "inorganic_vbm_z": -0.5812999999988127, "organic_LUMO": 2.6962000000011876, "organic_HOMO": 0.10640000000118743, "alignment_type": "IIa"}