{"inorganic_cbm_gamma": 1.6601250000016297, "inorganic_cbm_z": 1.6601250000016297, "inorganic_vbm_gamma": -0.8254749999983702, "inorganic_vbm_z": -0.8254749999983702, "organic_LUMO": 1.7007250000016296, "organic_HOMO": -0.8437749999983701, "alignment_type": "Ia"}