{"inorganic_cbm_gamma": 1.7018499999937369, "inorganic_cbm_z": 1.7018499999937369, "inorganic_vbm_gamma": -0.7936500000062632, "inorganic_vbm_z": -0.7936500000062632, "organic_LUMO": 1.979049999993737, "organic_HOMO": -2.902050000006263, "alignment_type": "Ia"}