{"inorganic_cbm_gamma": 1.8823749999905237, "inorganic_cbm_z": 1.8823749999905237, "inorganic_vbm_gamma": -0.8454250000094762, "inorganic_vbm_z": -0.8454250000094762, "organic_LUMO": 2.460974999990524, "organic_HOMO": -1.9249250000094762, "alignment_type": "Ia"}