{"inorganic_cbm_gamma": 1.7477249999976252, "inorganic_cbm_z": 1.7477249999976252, "inorganic_vbm_gamma": -0.6132750000023748, "inorganic_vbm_z": -0.6132750000023748, "organic_LUMO": 2.9248249999976252, "organic_HOMO": 0.10642499999762511, "alignment_type": "IIa"}