{"inorganic_cbm_gamma": 1.7093999999931548, "inorganic_cbm_z": 1.7093999999931548, "inorganic_vbm_gamma": -0.8984000000068453, "inorganic_vbm_z": -0.8984000000068453, "organic_LUMO": 2.5973999999931547, "organic_HOMO": -1.4462000000068453, "alignment_type": "Ia"}