{"inorganic_cbm_gamma": 1.8641750000000232, "inorganic_cbm_z": 1.8641750000000232, "inorganic_vbm_gamma": -0.7650249999999768, "inorganic_vbm_z": -0.7650249999999768, "organic_LUMO": 1.7010750000000232, "organic_HOMO": -0.1782249999999767, "alignment_type": "Ib"}