{"inorganic_cbm_gamma": 1.8763750000063097, "inorganic_cbm_z": 1.8763750000063097, "inorganic_vbm_gamma": -0.7194249999936904, "inorganic_vbm_z": -0.7194249999936904, "organic_LUMO": 2.7509750000063096, "organic_HOMO": 0.1873750000063097, "alignment_type": "IIa"}