{"inorganic_cbm_gamma": 1.556449999986915, "inorganic_cbm_z": 1.556449999986915, "inorganic_vbm_gamma": -0.5770500000130852, "inorganic_vbm_z": -0.5770500000130852, "organic_LUMO": 3.054049999986915, "organic_HOMO": -0.21515000001308504, "alignment_type": "IIa"}