{"inorganic_cbm_gamma": 1.821249999997043, "inorganic_cbm_z": 1.821249999997043, "inorganic_vbm_gamma": -0.8161500000029569, "inorganic_vbm_z": -0.8161500000029569, "organic_LUMO": 3.236249999997043, "organic_HOMO": 0.020949999997043056, "alignment_type": "IIa"}