{"inorganic_cbm_gamma": 1.53784999998922, "inorganic_cbm_z": 1.53784999998922, "inorganic_vbm_gamma": -0.7608500000107801, "inorganic_vbm_z": -0.7608500000107801, "organic_LUMO": 3.3702499999892197, "organic_HOMO": -2.25455000001078, "alignment_type": "Ia"}