{"inorganic_cbm_gamma": 1.5618500000073574, "inorganic_cbm_z": 1.5234500000073576, "inorganic_vbm_gamma": -0.8275499999926426, "inorganic_vbm_z": -0.45954999999264257, "organic_LUMO": 3.7596500000073574, "organic_HOMO": -3.048549999992643, "alignment_type": "Ia"}