{"inorganic_cbm_gamma": 1.771374999999674, "inorganic_cbm_z": 1.771374999999674, "inorganic_vbm_gamma": -0.587925000000326, "inorganic_vbm_z": -0.587925000000326, "organic_LUMO": 3.295774999999674, "organic_HOMO": -1.392525000000326, "alignment_type": "Ia"}