{"inorganic_cbm_gamma": 1.7310500000049593, "inorganic_cbm_z": 1.7310500000049593, "inorganic_vbm_gamma": -0.8406499999950408, "inorganic_vbm_z": -0.8406499999950408, "organic_LUMO": 3.3350500000049594, "organic_HOMO": -1.7541499999950407, "alignment_type": "Ia"}