{"inorganic_cbm_gamma": 1.5557000000085917, "inorganic_cbm_z": 1.5557000000085917, "inorganic_vbm_gamma": -0.7830999999914086, "inorganic_vbm_z": -0.7830999999914086, "organic_LUMO": 3.3620000000085914, "organic_HOMO": -2.231999999991409, "alignment_type": "Ia"}