{"inorganic_cbm_gamma": 1.7046999999897787, "inorganic_cbm_z": 1.7046999999897787, "inorganic_vbm_gamma": -0.7634000000102212, "inorganic_vbm_z": -0.7634000000102212, "organic_LUMO": 3.488899999989779, "organic_HOMO": -2.1360000000102213, "alignment_type": "Ia"}