{"inorganic_cbm_gamma": 1.8226250000007915, "inorganic_cbm_z": 1.8226250000007915, "inorganic_vbm_gamma": -0.8581749999992083, "inorganic_vbm_z": -0.8581749999992083, "organic_LUMO": 1.7014250000007916, "organic_HOMO": -0.16427499999920836, "alignment_type": "Ib"}