{"inorganic_cbm_gamma": 1.8802500000052156, "inorganic_cbm_z": 1.8802500000052156, "inorganic_vbm_gamma": -0.8059499999947846, "inorganic_vbm_z": -0.8059499999947846, "organic_LUMO": 2.8056500000052154, "organic_HOMO": -1.2248499999947846, "alignment_type": "Ia"}