{"inorganic_cbm_gamma": 1.6071999999919906, "inorganic_cbm_z": 1.6071999999919906, "inorganic_vbm_gamma": -0.7839000000080094, "inorganic_vbm_z": -0.7839000000080094, "organic_LUMO": 2.929899999991991, "organic_HOMO": 0.09139999999199067, "alignment_type": "IIa"}