{"inorganic_cbm_gamma": 1.7438500000056345, "inorganic_cbm_z": 1.7438500000056345, "inorganic_vbm_gamma": -0.7945499999943655, "inorganic_vbm_z": -0.7945499999943655, "organic_LUMO": 3.2019500000056347, "organic_HOMO": -2.0171499999943654, "alignment_type": "Ia"}