{"inorganic_cbm_gamma": 1.6244999999996508, "inorganic_cbm_z": 1.6244999999996508, "inorganic_vbm_gamma": -0.8230000000003492, "inorganic_vbm_z": -0.8230000000003492, "organic_LUMO": 3.4448999999996506, "organic_HOMO": -0.7111000000003492, "alignment_type": "IIa"}