{"inorganic_cbm_gamma": 1.6569749999977184, "inorganic_cbm_z": 1.6569749999977184, "inorganic_vbm_gamma": -0.6370250000022817, "inorganic_vbm_z": -0.6370250000022817, "organic_LUMO": 3.206074999997718, "organic_HOMO": -1.4626250000022818, "alignment_type": "Ia"}