{"inorganic_cbm_gamma": 1.4885000000118744, "inorganic_cbm_z": 1.4885000000118744, "inorganic_vbm_gamma": -0.7427999999881256, "inorganic_vbm_z": -0.7427999999881256, "organic_LUMO": 4.091700000011874, "organic_HOMO": -0.14419999998812566, "alignment_type": "IIa"}