{"inorganic_cbm_gamma": 1.6860750000029103, "inorganic_cbm_z": 1.6860750000029103, "inorganic_vbm_gamma": -0.8574249999970897, "inorganic_vbm_z": -0.8574249999970897, "organic_LUMO": 1.3799750000029103, "organic_HOMO": -0.5340249999970896, "alignment_type": "Ib"}