{"inorganic_cbm_gamma": 1.6280750000009778, "inorganic_cbm_z": 1.6280750000009778, "inorganic_vbm_gamma": -0.7953249999990221, "inorganic_vbm_z": -0.7953249999990221, "organic_LUMO": 4.075375000000978, "organic_HOMO": -2.200624999999022, "alignment_type": "Ia"}