{"inorganic_cbm_gamma": 1.8106500000080792, "inorganic_cbm_z": 1.8106500000080792, "inorganic_vbm_gamma": -0.8309499999919208, "inorganic_vbm_z": -0.8309499999919208, "organic_LUMO": 3.024250000008079, "organic_HOMO": -1.5453499999919207, "alignment_type": "Ia"}