{"inorganic_cbm_gamma": 1.8586000000044702, "inorganic_cbm_z": 1.8190000000044702, "inorganic_vbm_gamma": -1.0571999999955297, "inorganic_vbm_z": -0.7550999999955297, "organic_LUMO": 2.1213000000044704, "organic_HOMO": -3.9876999999955296, "alignment_type": "Ia"}