{"inorganic_cbm_gamma": 1.763774999990361, "inorganic_cbm_z": 1.763774999990361, "inorganic_vbm_gamma": -0.8672250000096392, "inorganic_vbm_z": -0.8672250000096392, "organic_LUMO": 3.118174999990361, "organic_HOMO": -1.9262250000096393, "alignment_type": "Ia"}