{"inorganic_cbm_gamma": 1.6184249999990454, "inorganic_cbm_z": 1.5689249999990453, "inorganic_vbm_gamma": -0.8545750000009547, "inorganic_vbm_z": -0.5833750000009547, "organic_LUMO": 1.9149249999990454, "organic_HOMO": -3.7995750000009547, "alignment_type": "Ia"}