{"inorganic_cbm_gamma": 1.7458249999994413, "inorganic_cbm_z": 1.7075249999994413, "inorganic_vbm_gamma": -0.8833750000005588, "inorganic_vbm_z": -0.6295750000005588, "organic_LUMO": 2.0724249999994413, "organic_HOMO": -4.013475000000559, "alignment_type": "Ia"}