{"inorganic_cbm_gamma": 1.8395250000109895, "inorganic_cbm_z": 1.8395250000109895, "inorganic_vbm_gamma": -0.8492749999890103, "inorganic_vbm_z": -0.8492749999890103, "organic_LUMO": 2.9288250000109897, "organic_HOMO": -1.7259749999890104, "alignment_type": "Ia"}