{"inorganic_cbm_gamma": 1.7400250000155997, "inorganic_cbm_z": 1.7400250000155997, "inorganic_vbm_gamma": -0.5431749999844003, "inorganic_vbm_z": -0.5431749999844003, "organic_LUMO": 3.4843250000156, "organic_HOMO": -1.8824749999844004, "alignment_type": "Ia"}