{"inorganic_cbm_gamma": 1.6822250000087777, "inorganic_cbm_z": 1.6822250000087777, "inorganic_vbm_gamma": -0.6050749999912223, "inorganic_vbm_z": -0.6050749999912223, "organic_LUMO": 3.7741250000087776, "organic_HOMO": -1.7459749999912222, "alignment_type": "Ia"}