{"inorganic_cbm_gamma": 1.7697250000106637, "inorganic_cbm_z": 1.7697250000106637, "inorganic_vbm_gamma": -0.8335749999893364, "inorganic_vbm_z": -0.8335749999893364, "organic_LUMO": 3.0559250000106637, "organic_HOMO": -1.5905749999893364, "alignment_type": "Ia"}