{"inorganic_cbm_gamma": 1.6904000000033297, "inorganic_cbm_z": 1.6904000000033297, "inorganic_vbm_gamma": -0.7808999999966706, "inorganic_vbm_z": -0.7808999999966706, "organic_LUMO": 3.5698000000033296, "organic_HOMO": -2.1103999999966705, "alignment_type": "Ia"}