{"inorganic_cbm_gamma": 1.8992500000092432, "inorganic_cbm_z": 1.8992500000092432, "inorganic_vbm_gamma": -0.9023499999907566, "inorganic_vbm_z": -0.9023499999907566, "organic_LUMO": 3.558150000009243, "organic_HOMO": -2.5349499999907565, "alignment_type": "Ia"}