{"inorganic_cbm_gamma": 1.7905499999981376, "inorganic_cbm_z": 1.7905499999981376, "inorganic_vbm_gamma": -0.8996500000018627, "inorganic_vbm_z": -0.8996500000018627, "organic_LUMO": 3.6425499999981374, "organic_HOMO": -2.5944500000018627, "alignment_type": "Ia"}