{"inorganic_cbm_gamma": 1.7224000000019324, "inorganic_cbm_z": 1.7224000000019324, "inorganic_vbm_gamma": -0.7434999999980675, "inorganic_vbm_z": -0.7434999999980675, "organic_LUMO": 1.8572000000019324, "organic_HOMO": -0.3388999999980675, "alignment_type": "IIa"}