{"inorganic_cbm_gamma": 1.8588000000067986, "inorganic_cbm_z": 1.8588000000067986, "inorganic_vbm_gamma": -0.8838999999932013, "inorganic_vbm_z": -0.8838999999932013, "organic_LUMO": 1.9995000000067988, "organic_HOMO": -0.4536999999932013, "alignment_type": "IIa"}