{"inorganic_cbm_gamma": 1.699999999979185, "inorganic_cbm_z": 1.699999999979185, "inorganic_vbm_gamma": -0.38570000002081506, "inorganic_vbm_z": -0.38570000002081506, "organic_LUMO": 3.2409999999791848, "organic_HOMO": -1.506200000020815, "alignment_type": "Ia"}