{"inorganic_cbm_gamma": 1.794249999993667, "inorganic_cbm_z": 1.794249999993667, "inorganic_vbm_gamma": -0.780650000006333, "inorganic_vbm_z": -0.780650000006333, "organic_LUMO": 2.026249999993667, "organic_HOMO": -0.542950000006333, "alignment_type": "IIa"}