{"inorganic_cbm_gamma": 1.8174499999903144, "inorganic_cbm_z": 1.8174499999903144, "inorganic_vbm_gamma": -0.7155500000096857, "inorganic_vbm_z": -0.7155500000096857, "organic_LUMO": 2.9104499999903144, "organic_HOMO": -0.6542500000096858, "alignment_type": "IIa"}