{"inorganic_cbm_gamma": 1.7400500000011876, "inorganic_cbm_z": 1.7400500000011876, "inorganic_vbm_gamma": -0.8147499999988126, "inorganic_vbm_z": -0.8147499999988126, "organic_LUMO": 1.9271500000011876, "organic_HOMO": -2.8833499999988126, "alignment_type": "Ia"}