{"inorganic_cbm_gamma": 1.6560000000047266, "inorganic_cbm_z": 1.6560000000047266, "inorganic_vbm_gamma": -0.8265999999952736, "inorganic_vbm_z": -0.8265999999952736, "organic_LUMO": 2.1253000000047266, "organic_HOMO": -2.4708999999952734, "alignment_type": "Ia"}