{"inorganic_cbm_gamma": 1.5699749999974388, "inorganic_cbm_z": 1.5699749999974388, "inorganic_vbm_gamma": -0.6938250000025612, "inorganic_vbm_z": -0.6938250000025612, "organic_LUMO": 2.106274999997439, "organic_HOMO": -2.555625000002561, "alignment_type": "Ia"}