{"inorganic_cbm_gamma": 1.8715750000031663, "inorganic_cbm_z": 1.8715750000031663, "inorganic_vbm_gamma": -0.8266249999968335, "inorganic_vbm_z": -0.8266249999968335, "organic_LUMO": 2.9727750000031663, "organic_HOMO": -1.5343249999968336, "alignment_type": "Ia"}