{"inorganic_cbm_gamma": 1.7249750000031665, "inorganic_cbm_z": 1.7249750000031665, "inorganic_vbm_gamma": -0.8213249999968335, "inorganic_vbm_z": -0.8213249999968335, "organic_LUMO": 3.5151750000031665, "organic_HOMO": -1.4689249999968335, "alignment_type": "Ia"}