{"inorganic_cbm_gamma": 1.7448000000032828, "inorganic_cbm_z": 1.7448000000032828, "inorganic_vbm_gamma": -0.800599999996717, "inorganic_vbm_z": -0.800599999996717, "organic_LUMO": 3.297100000003283, "organic_HOMO": -1.048599999996717, "alignment_type": "Ia"}