{"inorganic_cbm_gamma": 1.7092249999899418, "inorganic_cbm_z": 1.7092249999899418, "inorganic_vbm_gamma": -0.7993750000100582, "inorganic_vbm_z": -0.7993750000100582, "organic_LUMO": 3.217624999989942, "organic_HOMO": -1.0711750000100584, "alignment_type": "Ia"}