{"inorganic_cbm_gamma": 1.6908499999880093, "inorganic_cbm_z": 1.6908499999880093, "inorganic_vbm_gamma": -0.8104500000119907, "inorganic_vbm_z": -0.8104500000119907, "organic_LUMO": 3.473249999988009, "organic_HOMO": -1.335350000011991, "alignment_type": "Ia"}