{"inorganic_cbm_gamma": 1.772274999995902, "inorganic_cbm_z": 1.772274999995902, "inorganic_vbm_gamma": -0.8198250000040979, "inorganic_vbm_z": -0.8198250000040979, "organic_LUMO": 2.962574999995902, "organic_HOMO": -1.0503250000040978, "alignment_type": "Ia"}