{"inorganic_cbm_gamma": 1.7104000000141095, "inorganic_cbm_z": 1.7104000000141095, "inorganic_vbm_gamma": -0.7348999999858905, "inorganic_vbm_z": -0.7348999999858905, "organic_LUMO": 2.7039000000141096, "organic_HOMO": -1.1053999999858903, "alignment_type": "Ia"}