{"inorganic_cbm_gamma": 1.693174999987404, "inorganic_cbm_z": 1.693174999987404, "inorganic_vbm_gamma": -0.6947250000125962, "inorganic_vbm_z": -0.6947250000125962, "organic_LUMO": 3.1734749999874037, "organic_HOMO": -1.437625000012596, "alignment_type": "Ia"}