{"inorganic_cbm_gamma": 1.7390000000011177, "inorganic_cbm_z": 1.7390000000011177, "inorganic_vbm_gamma": -0.7971999999988824, "inorganic_vbm_z": -0.7971999999988824, "organic_LUMO": 3.512300000001118, "organic_HOMO": -1.6447999999988823, "alignment_type": "Ia"}