{"inorganic_cbm_gamma": 1.651650000003888, "inorganic_cbm_z": 1.651650000003888, "inorganic_vbm_gamma": -0.5402499999961117, "inorganic_vbm_z": -0.5402499999961117, "organic_LUMO": 3.416350000003888, "organic_HOMO": -1.2755499999961117, "alignment_type": "Ia"}