{"inorganic_cbm_gamma": 1.77157500000773, "inorganic_cbm_z": 1.77157500000773, "inorganic_vbm_gamma": -0.86912499999227, "inorganic_vbm_z": -0.86912499999227, "organic_LUMO": 3.23697500000773, "organic_HOMO": -1.52782499999227, "alignment_type": "Ia"}