{"inorganic_cbm_gamma": 1.7572750000062864, "inorganic_cbm_z": 1.7572750000062864, "inorganic_vbm_gamma": -0.8279249999937135, "inorganic_vbm_z": -0.8279249999937135, "organic_LUMO": 3.4247750000062864, "organic_HOMO": -1.2547249999937136, "alignment_type": "Ia"}