{"inorganic_cbm_gamma": 1.7733250000030965, "inorganic_cbm_z": 1.7733250000030965, "inorganic_vbm_gamma": -0.7919749999969034, "inorganic_vbm_z": -0.7919749999969034, "organic_LUMO": 3.5654250000030965, "organic_HOMO": -2.1004749999969032, "alignment_type": "Ia"}