{"inorganic_cbm_gamma": 1.750674999992014, "inorganic_cbm_z": 1.750674999992014, "inorganic_vbm_gamma": -0.6247250000079861, "inorganic_vbm_z": -0.6247250000079861, "organic_LUMO": 3.186974999992014, "organic_HOMO": -1.448725000007986, "alignment_type": "Ia"}