{"inorganic_cbm_gamma": 1.7946500000029335, "inorganic_cbm_z": 1.7690500000029337, "inorganic_vbm_gamma": -0.8112499999970664, "inorganic_vbm_z": -0.7162499999970664, "organic_LUMO": 3.408050000002934, "organic_HOMO": -2.4317499999970664, "alignment_type": "Ia"}