{"inorganic_cbm_gamma": 1.7420000000047033, "inorganic_cbm_z": 1.716200000004703, "inorganic_vbm_gamma": -0.8190999999952968, "inorganic_vbm_z": -0.7515999999952968, "organic_LUMO": 3.5105000000047033, "organic_HOMO": -2.381799999995297, "alignment_type": "Ia"}