{"inorganic_cbm_gamma": 1.7722750000012342, "inorganic_cbm_z": 1.7722750000012342, "inorganic_vbm_gamma": -0.838424999998766, "inorganic_vbm_z": -0.838424999998766, "organic_LUMO": 3.305075000001234, "organic_HOMO": -2.751224999998766, "alignment_type": "Ia"}