{"inorganic_cbm_gamma": 1.7418250000097788, "inorganic_cbm_z": 1.7418250000097788, "inorganic_vbm_gamma": -0.822074999990221, "inorganic_vbm_z": -0.822074999990221, "organic_LUMO": 3.5035250000097786, "organic_HOMO": -2.140474999990221, "alignment_type": "Ia"}