{"inorganic_cbm_gamma": 1.7585250000077068, "inorganic_cbm_z": 1.7585250000077068, "inorganic_vbm_gamma": -0.7305749999922933, "inorganic_vbm_z": -0.7305749999922933, "organic_LUMO": 3.881825000007707, "organic_HOMO": -1.7908749999922933, "alignment_type": "Ia"}