{"inorganic_cbm_gamma": 1.6882250000013972, "inorganic_cbm_z": 1.6882250000013972, "inorganic_vbm_gamma": -0.400074999998603, "inorganic_vbm_z": -0.400074999998603, "organic_LUMO": 3.3614250000013968, "organic_HOMO": -0.911774999998603, "alignment_type": "Ia"}