{"inorganic_cbm_gamma": 1.7417750000068217, "inorganic_cbm_z": 1.7417750000068217, "inorganic_vbm_gamma": -0.7104249999931781, "inorganic_vbm_z": -0.7104249999931781, "organic_LUMO": 3.6477750000068223, "organic_HOMO": -2.0253249999931784, "alignment_type": "Ia"}