{"inorganic_cbm_gamma": 1.6069499999953436, "inorganic_cbm_z": 1.5908499999953434, "inorganic_vbm_gamma": -0.5110500000046566, "inorganic_vbm_z": -0.3235500000046566, "organic_LUMO": 3.3984499999953437, "organic_HOMO": -2.3271500000046563, "alignment_type": "Ia"}