{"inorganic_cbm_gamma": 1.7465249999924797, "inorganic_cbm_z": 1.7465249999924797, "inorganic_vbm_gamma": -0.8187750000075205, "inorganic_vbm_z": -0.8187750000075205, "organic_LUMO": 3.2740249999924798, "organic_HOMO": -1.7893750000075204, "alignment_type": "Ia"}