{"inorganic_cbm_gamma": 1.697075000015041, "inorganic_cbm_z": 1.697075000015041, "inorganic_vbm_gamma": -0.7653249999849592, "inorganic_vbm_z": -0.7653249999849592, "organic_LUMO": 2.830175000015041, "organic_HOMO": -1.4287249999849592, "alignment_type": "Ia"}