{"inorganic_cbm_gamma": 1.8380250000001397, "inorganic_cbm_z": 1.8380250000001397, "inorganic_vbm_gamma": -0.8313749999998603, "inorganic_vbm_z": -0.8313749999998603, "organic_LUMO": 2.8825250000001397, "organic_HOMO": -1.4510749999998602, "alignment_type": "Ia"}