{"inorganic_cbm_gamma": 1.8433000000003958, "inorganic_cbm_z": 1.8433000000003958, "inorganic_vbm_gamma": -0.8121999999996041, "inorganic_vbm_z": -0.8121999999996041, "organic_LUMO": 2.976300000000396, "organic_HOMO": -2.247799999999604, "alignment_type": "Ia"}