{"inorganic_cbm_gamma": 1.71474999999383, "inorganic_cbm_z": 1.71474999999383, "inorganic_vbm_gamma": -0.47355000000617, "inorganic_vbm_z": -0.47355000000617, "organic_LUMO": 3.20644999999383, "organic_HOMO": -1.30375000000617, "alignment_type": "Ia"}