{"inorganic_cbm_gamma": 1.7706000000007915, "inorganic_cbm_z": 1.7706000000007915, "inorganic_vbm_gamma": -0.8175999999992084, "inorganic_vbm_z": -0.8175999999992084, "organic_LUMO": 3.4886000000007917, "organic_HOMO": -1.7271999999992085, "alignment_type": "Ia"}