{"inorganic_cbm_gamma": 1.7180499999952503, "inorganic_cbm_z": 1.7180499999952503, "inorganic_vbm_gamma": -0.8521500000047497, "inorganic_vbm_z": -0.8521500000047497, "organic_LUMO": 3.2872499999952502, "organic_HOMO": -2.0275500000047497, "alignment_type": "Ia"}