{"inorganic_cbm_gamma": 1.756424999989895, "inorganic_cbm_z": 1.756424999989895, "inorganic_vbm_gamma": -0.8075750000101048, "inorganic_vbm_z": -0.8075750000101048, "organic_LUMO": 3.025524999989895, "organic_HOMO": -2.245175000010105, "alignment_type": "Ia"}