{"inorganic_cbm_gamma": 1.7849499999988359, "inorganic_cbm_z": 1.7849499999988359, "inorganic_vbm_gamma": -0.8957500000011641, "inorganic_vbm_z": -0.8957500000011641, "organic_LUMO": 3.469549999998836, "organic_HOMO": -1.8461500000011641, "alignment_type": "Ia"}