{"inorganic_cbm_gamma": 1.7747000000006519, "inorganic_cbm_z": 1.7747000000006519, "inorganic_vbm_gamma": -0.824099999999348, "inorganic_vbm_z": -0.824099999999348, "organic_LUMO": 2.966000000000652, "organic_HOMO": -1.9228999999993481, "alignment_type": "Ia"}