{"inorganic_cbm_gamma": 1.7892749999928288, "inorganic_cbm_z": 1.7892749999928288, "inorganic_vbm_gamma": -0.6705250000071712, "inorganic_vbm_z": -0.6705250000071712, "organic_LUMO": 3.0017749999928287, "organic_HOMO": -1.4223250000071712, "alignment_type": "Ia"}