{"inorganic_cbm_gamma": 1.8360250000053784, "inorganic_cbm_z": 1.8360250000053784, "inorganic_vbm_gamma": -0.7989749999946216, "inorganic_vbm_z": -0.7989749999946216, "organic_LUMO": 3.1718250000053785, "organic_HOMO": -1.1081749999946218, "alignment_type": "Ia"}