{"inorganic_cbm_gamma": 1.6122000000109895, "inorganic_cbm_z": 1.6122000000109895, "inorganic_vbm_gamma": -0.7956999999890104, "inorganic_vbm_z": -0.7956999999890104, "organic_LUMO": 3.2570000000109895, "organic_HOMO": -1.8185999999890103, "alignment_type": "Ia"}