{"inorganic_cbm_gamma": 1.7818749999912922, "inorganic_cbm_z": 1.7818749999912922, "inorganic_vbm_gamma": -0.8429250000087078, "inorganic_vbm_z": -0.8429250000087078, "organic_LUMO": 3.402574999991292, "organic_HOMO": -1.5309250000087078, "alignment_type": "Ia"}