{"inorganic_cbm_gamma": 1.8571000000005355, "inorganic_cbm_z": 1.8571000000005355, "inorganic_vbm_gamma": -0.7019999999994645, "inorganic_vbm_z": -0.7019999999994645, "organic_LUMO": 3.2624000000005355, "organic_HOMO": -1.1964999999994645, "alignment_type": "Ia"}