{"inorganic_cbm_gamma": 1.7362750000155065, "inorganic_cbm_z": 1.7362750000155065, "inorganic_vbm_gamma": -0.8058249999844935, "inorganic_vbm_z": -0.8058249999844935, "organic_LUMO": 3.0328750000155065, "organic_HOMO": -1.1126249999844935, "alignment_type": "Ia"}