{"inorganic_cbm_gamma": 1.6539999999985564, "inorganic_cbm_z": 1.6539999999985564, "inorganic_vbm_gamma": -0.5339000000014436, "inorganic_vbm_z": -0.5339000000014436, "organic_LUMO": 3.6100999999985564, "organic_HOMO": -1.4421000000014434, "alignment_type": "Ia"}