{"inorganic_cbm_gamma": 1.6407000000016299, "inorganic_cbm_z": 1.6407000000016299, "inorganic_vbm_gamma": -0.7501999999983702, "inorganic_vbm_z": -0.7501999999983702, "organic_LUMO": 2.9452000000016296, "organic_HOMO": -1.35969999999837, "alignment_type": "Ia"}