{"inorganic_cbm_gamma": 1.784899999996135, "inorganic_cbm_z": 1.784899999996135, "inorganic_vbm_gamma": -0.8415000000038649, "inorganic_vbm_z": -0.8415000000038649, "organic_LUMO": 2.825799999996135, "organic_HOMO": -1.5244000000038649, "alignment_type": "Ia"}