{"inorganic_cbm_gamma": 1.806524999998696, "inorganic_cbm_z": 1.806524999998696, "inorganic_vbm_gamma": -0.44317500000130383, "inorganic_vbm_z": -0.44317500000130383, "organic_LUMO": 3.093024999998696, "organic_HOMO": -1.0876750000013038, "alignment_type": "Ia"}