{"inorganic_cbm_gamma": 1.7882749999917347, "inorganic_cbm_z": 1.7882749999917347, "inorganic_vbm_gamma": -0.7658250000082655, "inorganic_vbm_z": -0.7658250000082655, "organic_LUMO": 3.2546749999917344, "organic_HOMO": -1.6537250000082655, "alignment_type": "Ia"}