{"inorganic_cbm_gamma": 1.67842499999539, "inorganic_cbm_z": 1.67842499999539, "inorganic_vbm_gamma": -0.84877500000461, "inorganic_vbm_z": -0.84877500000461, "organic_LUMO": 3.11182499999539, "organic_HOMO": -1.9135750000046101, "alignment_type": "Ia"}