{"inorganic_cbm_gamma": 1.795000000006589, "inorganic_cbm_z": 1.795000000006589, "inorganic_vbm_gamma": -0.8499999999934109, "inorganic_vbm_z": -0.8499999999934109, "organic_LUMO": 2.940500000006589, "organic_HOMO": -1.8645999999934109, "alignment_type": "Ia"}