{"inorganic_cbm_gamma": 1.6807750000015833, "inorganic_cbm_z": 1.6807750000015833, "inorganic_vbm_gamma": -0.8143249999984168, "inorganic_vbm_z": -0.8143249999984168, "organic_LUMO": 3.3070750000015834, "organic_HOMO": -1.6421249999984167, "alignment_type": "Ia"}