{"inorganic_cbm_gamma": 1.6787749999994879, "inorganic_cbm_z": 1.6787749999994879, "inorganic_vbm_gamma": -0.7854250000005122, "inorganic_vbm_z": -0.7854250000005122, "organic_LUMO": 3.0667749999994878, "organic_HOMO": -1.6172250000005122, "alignment_type": "Ia"}