{"inorganic_cbm_gamma": 1.8290250000064727, "inorganic_cbm_z": 1.8290250000064727, "inorganic_vbm_gamma": -0.8283749999935273, "inorganic_vbm_z": -0.8283749999935273, "organic_LUMO": 3.8047250000064725, "organic_HOMO": -1.1088749999935272, "alignment_type": "Ia"}