{"inorganic_cbm_gamma": 2.0196499999976485, "inorganic_cbm_z": 2.0196499999976485, "inorganic_vbm_gamma": -0.9234500000023516, "inorganic_vbm_z": -0.9234500000023516, "organic_LUMO": 3.645349999997648, "organic_HOMO": -1.7931500000023517, "alignment_type": "Ia"}