{"inorganic_cbm_gamma": 1.6531499999936903, "inorganic_cbm_z": 1.6531499999936903, "inorganic_vbm_gamma": -0.4217500000063097, "inorganic_vbm_z": -0.4217500000063097, "organic_LUMO": 3.4316499999936902, "organic_HOMO": -1.5412500000063096, "alignment_type": "Ia"}