{"inorganic_cbm_gamma": 1.7366250000023515, "inorganic_cbm_z": 1.7366250000023515, "inorganic_vbm_gamma": -0.8181749999976484, "inorganic_vbm_z": -0.8181749999976484, "organic_LUMO": 3.3115250000023515, "organic_HOMO": -1.5532749999976485, "alignment_type": "Ia"}