{"inorganic_cbm_gamma": 1.6588499999888473, "inorganic_cbm_z": 1.6588499999888473, "inorganic_vbm_gamma": -0.7805500000111526, "inorganic_vbm_z": -0.7805500000111526, "organic_LUMO": 3.3359499999888476, "organic_HOMO": -1.6778500000111527, "alignment_type": "Ia"}