{"inorganic_cbm_gamma": 1.651525000000582, "inorganic_cbm_z": 1.651525000000582, "inorganic_vbm_gamma": -0.8314749999994179, "inorganic_vbm_z": -0.8314749999994179, "organic_LUMO": 3.1480250000005823, "organic_HOMO": -1.8369749999994178, "alignment_type": "Ia"}