{"inorganic_cbm_gamma": 1.8353000000092201, "inorganic_cbm_z": 1.8353000000092201, "inorganic_vbm_gamma": -0.7552999999907799, "inorganic_vbm_z": -0.7552999999907799, "organic_LUMO": 2.7046000000092203, "organic_HOMO": -1.26469999999078, "alignment_type": "Ia"}