{"inorganic_cbm_gamma": 1.7132999999973924, "inorganic_cbm_z": 1.7132999999973924, "inorganic_vbm_gamma": -0.5839000000026077, "inorganic_vbm_z": -0.5839000000026077, "organic_LUMO": 2.9519999999973923, "organic_HOMO": -1.3593000000026076, "alignment_type": "Ia"}