{"inorganic_cbm_gamma": 1.8564250000142726, "inorganic_cbm_z": 1.8564250000142726, "inorganic_vbm_gamma": -0.8577749999857275, "inorganic_vbm_z": -0.8577749999857275, "organic_LUMO": 2.4955250000142724, "organic_HOMO": -1.0841749999857275, "alignment_type": "Ia"}