{"inorganic_cbm_gamma": 1.8186249999944353, "inorganic_cbm_z": 1.8186249999944353, "inorganic_vbm_gamma": -0.8089750000055647, "inorganic_vbm_z": -0.8089750000055647, "organic_LUMO": 2.724824999994435, "organic_HOMO": -1.1149750000055647, "alignment_type": "Ia"}