{"inorganic_cbm_gamma": 1.79302500000312, "inorganic_cbm_z": 1.79302500000312, "inorganic_vbm_gamma": -0.9006749999968802, "inorganic_vbm_z": -0.9006749999968802, "organic_LUMO": 3.33142500000312, "organic_HOMO": -1.76427499999688, "alignment_type": "Ia"}