{"inorganic_cbm_gamma": 1.8679499999993714, "inorganic_cbm_z": 1.8679499999993714, "inorganic_vbm_gamma": -0.7570500000006286, "inorganic_vbm_z": -0.7570500000006286, "organic_LUMO": 3.1142499999993714, "organic_HOMO": -1.1493500000006287, "alignment_type": "Ia"}