{"inorganic_cbm_gamma": 1.7577249999959021, "inorganic_cbm_z": 1.7577249999959021, "inorganic_vbm_gamma": -0.7622750000040979, "inorganic_vbm_z": -0.7622750000040979, "organic_LUMO": 2.926424999995902, "organic_HOMO": -1.2651750000040978, "alignment_type": "Ia"}