{"inorganic_cbm_gamma": 1.6907249999995344, "inorganic_cbm_z": 1.6907249999995344, "inorganic_vbm_gamma": -0.7434750000004656, "inorganic_vbm_z": -0.7434750000004656, "organic_LUMO": 2.9879249999995343, "organic_HOMO": -1.3719750000004656, "alignment_type": "Ia"}