{"inorganic_cbm_gamma": 1.7907749999986031, "inorganic_cbm_z": 1.7907749999986031, "inorganic_vbm_gamma": -0.887925000001397, "inorganic_vbm_z": -0.887925000001397, "organic_LUMO": 2.682874999998603, "organic_HOMO": -1.377025000001397, "alignment_type": "Ia"}