{"inorganic_cbm_gamma": 1.7237249999836322, "inorganic_cbm_z": 1.7237249999836322, "inorganic_vbm_gamma": -0.755975000016368, "inorganic_vbm_z": -0.755975000016368, "organic_LUMO": 3.2170249999836322, "organic_HOMO": -1.3887750000163679, "alignment_type": "Ia"}