{"inorganic_cbm_gamma": 1.7589250000031664, "inorganic_cbm_z": 1.7589250000031664, "inorganic_vbm_gamma": -0.8580749999968336, "inorganic_vbm_z": -0.8580749999968336, "organic_LUMO": 1.9042250000031666, "organic_HOMO": -2.3587749999968333, "alignment_type": "Ia"}