{"inorganic_cbm_gamma": 1.703375000001141, "inorganic_cbm_z": 1.703375000001141, "inorganic_vbm_gamma": -0.8473249999988591, "inorganic_vbm_z": -0.8473249999988591, "organic_LUMO": 3.092575000001141, "organic_HOMO": -1.6908249999988592, "alignment_type": "Ia"}