{"inorganic_cbm_gamma": 1.777249999997439, "inorganic_cbm_z": 1.777249999997439, "inorganic_vbm_gamma": -0.8407500000025612, "inorganic_vbm_z": -0.8407500000025612, "organic_LUMO": 3.234349999997439, "organic_HOMO": -1.444750000002561, "alignment_type": "Ia"}