{"inorganic_cbm_gamma": 1.8427749999955063, "inorganic_cbm_z": 1.8427749999955063, "inorganic_vbm_gamma": -0.8321250000044936, "inorganic_vbm_z": -0.8321250000044936, "organic_LUMO": 2.9320749999955065, "organic_HOMO": -1.8091250000044936, "alignment_type": "Ia"}