{"inorganic_cbm_gamma": 1.8104749999965308, "inorganic_cbm_z": 1.8104749999965308, "inorganic_vbm_gamma": -0.8483250000034692, "inorganic_vbm_z": -0.8483250000034692, "organic_LUMO": 2.8180749999965307, "organic_HOMO": -1.5220250000034692, "alignment_type": "Ia"}