{"inorganic_cbm_gamma": 1.8595250000027008, "inorganic_cbm_z": 1.8595250000027008, "inorganic_vbm_gamma": -0.8551749999972992, "inorganic_vbm_z": -0.8551749999972992, "organic_LUMO": 2.7013250000027007, "organic_HOMO": -1.5596749999972992, "alignment_type": "Ia"}