{"inorganic_cbm_gamma": 1.7922500000021653, "inorganic_cbm_z": 1.7922500000021653, "inorganic_vbm_gamma": -0.8474499999978347, "inorganic_vbm_z": -0.8474499999978347, "organic_LUMO": 3.3003500000021653, "organic_HOMO": -1.2796499999978346, "alignment_type": "Ia"}