{"inorganic_cbm_gamma": 1.6894750000010244, "inorganic_cbm_z": 1.6894750000010244, "inorganic_vbm_gamma": -0.8099249999989755, "inorganic_vbm_z": -0.8099249999989755, "organic_LUMO": 3.1710750000010246, "organic_HOMO": -1.4841249999989756, "alignment_type": "Ia"}