{"inorganic_cbm_gamma": 1.6122749999996275, "inorganic_cbm_z": 1.6122749999996275, "inorganic_vbm_gamma": -0.4467250000003725, "inorganic_vbm_z": -0.4467250000003725, "organic_LUMO": 3.1898749999996276, "organic_HOMO": -1.4937250000003726, "alignment_type": "Ia"}