{"inorganic_cbm_gamma": 1.7992000000083586, "inorganic_cbm_z": 1.7992000000083586, "inorganic_vbm_gamma": -0.7455999999916414, "inorganic_vbm_z": -0.7455999999916414, "organic_LUMO": 2.762900000008359, "organic_HOMO": -1.0459999999916414, "alignment_type": "Ia"}