{"inorganic_cbm_gamma": 1.6183250000015368, "inorganic_cbm_z": 1.6183250000015368, "inorganic_vbm_gamma": -0.6440749999984633, "inorganic_vbm_z": -0.6440749999984633, "organic_LUMO": 3.0531250000015366, "organic_HOMO": -1.5266749999984632, "alignment_type": "Ia"}