{"inorganic_cbm_gamma": 1.7082250000082189, "inorganic_cbm_z": 1.7082250000082189, "inorganic_vbm_gamma": -0.845174999991781, "inorganic_vbm_z": -0.845174999991781, "organic_LUMO": 2.826825000008219, "organic_HOMO": -1.7595749999917811, "alignment_type": "Ia"}