{"inorganic_cbm_gamma": 1.7569000000179278, "inorganic_cbm_z": 1.7569000000179278, "inorganic_vbm_gamma": -0.48129999998207207, "inorganic_vbm_z": -0.48129999998207207, "organic_LUMO": 3.004700000017928, "organic_HOMO": -1.446499999982072, "alignment_type": "Ia"}