{"inorganic_cbm_gamma": 1.6607249999907798, "inorganic_cbm_z": 1.6607249999907798, "inorganic_vbm_gamma": -0.7942750000092201, "inorganic_vbm_z": -0.7942750000092201, "organic_LUMO": 3.30232499999078, "organic_HOMO": -1.18487500000922, "alignment_type": "Ia"}