{"inorganic_cbm_gamma": 1.8545999999893596, "inorganic_cbm_z": 1.8545999999893596, "inorganic_vbm_gamma": -0.8867000000106404, "inorganic_vbm_z": -0.8867000000106404, "organic_LUMO": 3.0405999999893596, "organic_HOMO": -1.4629000000106405, "alignment_type": "Ia"}