{"inorganic_cbm_gamma": 1.6528250000045401, "inorganic_cbm_z": 1.6528250000045401, "inorganic_vbm_gamma": -0.8260749999954599, "inorganic_vbm_z": -0.8260749999954599, "organic_LUMO": 3.0455250000045404, "organic_HOMO": -1.4129749999954597, "alignment_type": "Ia"}