{"inorganic_cbm_gamma": 1.8232750000038416, "inorganic_cbm_z": 1.8232750000038416, "inorganic_vbm_gamma": -0.7459249999961584, "inorganic_vbm_z": -0.7459249999961584, "organic_LUMO": 3.0345750000038416, "organic_HOMO": -1.3633249999961583, "alignment_type": "Ia"}