{"inorganic_cbm_gamma": 1.71884999999993, "inorganic_cbm_z": 1.71884999999993, "inorganic_vbm_gamma": -0.8149500000000699, "inorganic_vbm_z": -0.8149500000000699, "organic_LUMO": 3.47914999999993, "organic_HOMO": -1.0951500000000698, "alignment_type": "Ia"}