{"inorganic_cbm_gamma": 1.6564249999923166, "inorganic_cbm_z": 1.6564249999923166, "inorganic_vbm_gamma": -0.4509750000076834, "inorganic_vbm_z": -0.4509750000076834, "organic_LUMO": 3.028024999992317, "organic_HOMO": -1.5884750000076835, "alignment_type": "Ia"}