{"inorganic_cbm_gamma": 1.7938749999945984, "inorganic_cbm_z": 1.7938749999945984, "inorganic_vbm_gamma": -0.8883250000054017, "inorganic_vbm_z": -0.8883250000054017, "organic_LUMO": 3.1191749999945984, "organic_HOMO": -1.5307250000054016, "alignment_type": "Ia"}