{"inorganic_cbm_gamma": 1.7385250000061934, "inorganic_cbm_z": 1.7385250000061934, "inorganic_vbm_gamma": -0.8047749999938067, "inorganic_vbm_z": -0.8047749999938067, "organic_LUMO": 2.8222250000061933, "organic_HOMO": -1.7205749999938067, "alignment_type": "Ia"}