{"inorganic_cbm_gamma": 1.7682750000077299, "inorganic_cbm_z": 1.7682750000077299, "inorganic_vbm_gamma": -0.78902499999227, "inorganic_vbm_z": -0.78902499999227, "organic_LUMO": 2.99447500000773, "organic_HOMO": -1.61122499999227, "alignment_type": "Ia"}