{"inorganic_cbm_gamma": 1.7797499999925728, "inorganic_cbm_z": 1.7797499999925728, "inorganic_vbm_gamma": -0.8453500000074273, "inorganic_vbm_z": -0.8453500000074273, "organic_LUMO": 3.0201499999925727, "organic_HOMO": -1.1166500000074273, "alignment_type": "Ia"}