{"inorganic_cbm_gamma": 1.8113000000034458, "inorganic_cbm_z": 1.8113000000034458, "inorganic_vbm_gamma": -0.7980999999965541, "inorganic_vbm_z": -0.7980999999965541, "organic_LUMO": 2.9091000000034457, "organic_HOMO": -1.1219999999965542, "alignment_type": "Ia"}