{"inorganic_cbm_gamma": 1.7451000000046566, "inorganic_cbm_z": 1.7451000000046566, "inorganic_vbm_gamma": -0.8205999999953434, "inorganic_vbm_z": -0.8205999999953434, "organic_LUMO": 2.9391000000046565, "organic_HOMO": -1.4509999999953433, "alignment_type": "Ia"}