{"inorganic_cbm_gamma": 1.5927250000013968, "inorganic_cbm_z": 1.5927250000013968, "inorganic_vbm_gamma": -0.762574999998603, "inorganic_vbm_z": -0.762574999998603, "organic_LUMO": 3.090625000001397, "organic_HOMO": -1.4152749999986032, "alignment_type": "Ia"}