{"inorganic_cbm_gamma": 1.7019749999968803, "inorganic_cbm_z": 1.7019749999968803, "inorganic_vbm_gamma": -0.7281250000031199, "inorganic_vbm_z": -0.7281250000031199, "organic_LUMO": 3.05747499999688, "organic_HOMO": -1.4134250000031199, "alignment_type": "Ia"}