{"inorganic_cbm_gamma": 1.73175000000617, "inorganic_cbm_z": 1.73175000000617, "inorganic_vbm_gamma": -0.72544999999383, "inorganic_vbm_z": -0.72544999999383, "organic_LUMO": 2.79815000000617, "organic_HOMO": -2.06974999999383, "alignment_type": "Ia"}