{"inorganic_cbm_gamma": 1.7015999999957625, "inorganic_cbm_z": 1.7015999999957625, "inorganic_vbm_gamma": -0.4216000000042375, "inorganic_vbm_z": -0.4216000000042375, "organic_LUMO": 2.8170999999957624, "organic_HOMO": -0.9184000000042376, "alignment_type": "Ia"}