{"inorganic_cbm_gamma": 1.7319750000026775, "inorganic_cbm_z": 1.7319750000026775, "inorganic_vbm_gamma": -0.6168249999973224, "inorganic_vbm_z": -0.6168249999973224, "organic_LUMO": 3.5856750000026776, "organic_HOMO": -1.3796249999973225, "alignment_type": "Ia"}