{"inorganic_cbm_gamma": 1.7960249999952271, "inorganic_cbm_z": 1.7960249999952271, "inorganic_vbm_gamma": -0.8227750000047731, "inorganic_vbm_z": -0.8227750000047731, "organic_LUMO": 3.344724999995227, "organic_HOMO": -1.3954750000047729, "alignment_type": "Ia"}