{"inorganic_cbm_gamma": 1.8216749999877995, "inorganic_cbm_z": 1.8216749999877995, "inorganic_vbm_gamma": -0.8290250000122004, "inorganic_vbm_z": -0.8290250000122004, "organic_LUMO": 3.3505749999877996, "organic_HOMO": -1.4800250000122004, "alignment_type": "Ia"}