{"inorganic_cbm_gamma": 1.8612999999917577, "inorganic_cbm_z": 1.8612999999917577, "inorganic_vbm_gamma": -0.8400000000082422, "inorganic_vbm_z": -0.8400000000082422, "organic_LUMO": 2.934399999991758, "organic_HOMO": -1.9532000000082421, "alignment_type": "Ia"}