{"inorganic_cbm_gamma": 1.8477250000029337, "inorganic_cbm_z": 1.8477250000029337, "inorganic_vbm_gamma": -0.8651749999970664, "inorganic_vbm_z": -0.8651749999970664, "organic_LUMO": 3.2931250000029335, "organic_HOMO": -1.4319749999970663, "alignment_type": "Ia"}