{"inorganic_cbm_gamma": 1.6253500000065193, "inorganic_cbm_z": 1.6253500000065193, "inorganic_vbm_gamma": -0.7941499999934807, "inorganic_vbm_z": -0.7941499999934807, "organic_LUMO": 1.9937500000065191, "organic_HOMO": -2.673949999993481, "alignment_type": "Ia"}