{"inorganic_cbm_gamma": 1.8199749999982537, "inorganic_cbm_z": 1.8199749999982537, "inorganic_vbm_gamma": -0.8354250000017462, "inorganic_vbm_z": -0.8354250000017462, "organic_LUMO": 3.3072749999982536, "organic_HOMO": -2.055325000001746, "alignment_type": "Ia"}