{"inorganic_cbm_gamma": 1.9382500000019558, "inorganic_cbm_z": 1.9382500000019558, "inorganic_vbm_gamma": -0.39104999999804424, "inorganic_vbm_z": -0.39104999999804424, "organic_LUMO": 2.934750000001956, "organic_HOMO": -1.5147499999980443, "alignment_type": "Ia"}