{"inorganic_cbm_gamma": 1.7452749999969266, "inorganic_cbm_z": 1.7452749999969266, "inorganic_vbm_gamma": -0.5478250000030733, "inorganic_vbm_z": -0.5478250000030733, "organic_LUMO": 3.4799749999969265, "organic_HOMO": -1.2863250000030733, "alignment_type": "Ia"}