{"inorganic_cbm_gamma": 1.6936999999985565, "inorganic_cbm_z": 1.6936999999985565, "inorganic_vbm_gamma": -0.8082000000014435, "inorganic_vbm_z": -0.8082000000014435, "organic_LUMO": 3.0071999999985564, "organic_HOMO": -2.0349000000014437, "alignment_type": "Ia"}