{"inorganic_cbm_gamma": 1.6243999999889638, "inorganic_cbm_z": 1.6243999999889638, "inorganic_vbm_gamma": -0.36040000001103617, "inorganic_vbm_z": -0.36040000001103617, "organic_LUMO": 3.317099999988964, "organic_HOMO": -1.7388000000110362, "alignment_type": "Ia"}