{"inorganic_cbm_gamma": 1.921599999997369, "inorganic_cbm_z": 1.921599999997369, "inorganic_vbm_gamma": -0.712700000002631, "inorganic_vbm_z": -0.712700000002631, "organic_LUMO": 3.154799999997369, "organic_HOMO": -1.744500000002631, "alignment_type": "Ia"}