{"inorganic_cbm_gamma": 1.8927250000003726, "inorganic_cbm_z": 1.8314250000003724, "inorganic_vbm_gamma": -0.8667749999996275, "inorganic_vbm_z": -0.6908749999996274, "organic_LUMO": 1.3661250000003724, "organic_HOMO": -5.222574999999628, "alignment_type": "IIb"}