{"inorganic_cbm_gamma": 1.671774999999022, "inorganic_cbm_z": 1.671774999999022, "inorganic_vbm_gamma": -0.5754250000009778, "inorganic_vbm_z": -0.5754250000009778, "organic_LUMO": 3.174974999999022, "organic_HOMO": -1.5484250000009778, "alignment_type": "Ia"}