{"inorganic_cbm_gamma": 1.814224999984214, "inorganic_cbm_z": 1.756824999984214, "inorganic_vbm_gamma": -0.8790750000157859, "inorganic_vbm_z": -0.6865750000157859, "organic_LUMO": 1.9223249999842142, "organic_HOMO": -4.017675000015785, "alignment_type": "Ia"}