{"inorganic_cbm_gamma": 1.749699999986659, "inorganic_cbm_z": 1.749699999986659, "inorganic_vbm_gamma": -0.8396000000133412, "inorganic_vbm_z": -0.8396000000133412, "organic_LUMO": 2.9332999999866587, "organic_HOMO": -1.9280000000133413, "alignment_type": "Ia"}