{"inorganic_cbm_gamma": 1.7451999999924097, "inorganic_cbm_z": 1.7451999999924097, "inorganic_vbm_gamma": -0.7764000000075902, "inorganic_vbm_z": -0.7764000000075902, "organic_LUMO": 3.23219999999241, "organic_HOMO": -1.5519000000075902, "alignment_type": "Ia"}