{"inorganic_cbm_gamma": 1.9016750000002327, "inorganic_cbm_z": 1.9014750000002327, "inorganic_vbm_gamma": -1.0085249999997672, "inorganic_vbm_z": -0.7819249999997672, "organic_LUMO": 1.8399750000002326, "organic_HOMO": -4.057924999999767, "alignment_type": "IIb"}