{"inorganic_cbm_gamma": 1.8013000000048893, "inorganic_cbm_z": 1.8013000000048893, "inorganic_vbm_gamma": -0.8500999999951105, "inorganic_vbm_z": -0.8500999999951105, "organic_LUMO": 3.8346000000048894, "organic_HOMO": -2.2731999999951107, "alignment_type": "Ia"}