{"inorganic_cbm_gamma": 1.7817249999917113, "inorganic_cbm_z": 1.7817249999917113, "inorganic_vbm_gamma": -0.7129750000082888, "inorganic_vbm_z": -0.7129750000082888, "organic_LUMO": 3.186124999991711, "organic_HOMO": -1.5594750000082889, "alignment_type": "Ia"}