{"inorganic_cbm_gamma": 1.6411750000014902, "inorganic_cbm_z": 1.6411750000014902, "inorganic_vbm_gamma": -0.8115249999985099, "inorganic_vbm_z": -0.8115249999985099, "organic_LUMO": 3.55457500000149, "organic_HOMO": -2.5308249999985097, "alignment_type": "Ia"}