{"inorganic_cbm_gamma": 1.773849999994412, "inorganic_cbm_z": 1.773849999994412, "inorganic_vbm_gamma": -0.8319500000055879, "inorganic_vbm_z": -0.8319500000055879, "organic_LUMO": 3.648749999994412, "organic_HOMO": -2.568250000005588, "alignment_type": "Ia"}