{"inorganic_cbm_gamma": 1.8115000000048895, "inorganic_cbm_z": 1.8115000000048895, "inorganic_vbm_gamma": -0.8448999999951106, "inorganic_vbm_z": -0.8448999999951106, "organic_LUMO": 3.875900000004889, "organic_HOMO": -2.4192999999951104, "alignment_type": "Ia"}