{"inorganic_cbm_gamma": 1.8710750000021652, "inorganic_cbm_z": 1.8710750000021652, "inorganic_vbm_gamma": -0.8039249999978346, "inorganic_vbm_z": -0.8039249999978346, "organic_LUMO": 3.7030750000021655, "organic_HOMO": -2.407324999997835, "alignment_type": "Ia"}