{"inorganic_cbm_gamma": 1.6913500000044706, "inorganic_cbm_z": 1.6913500000044706, "inorganic_vbm_gamma": -0.7641499999955297, "inorganic_vbm_z": -0.7641499999955297, "organic_LUMO": 3.8539500000044704, "organic_HOMO": -2.2679499999955297, "alignment_type": "Ia"}