{"inorganic_cbm_gamma": 1.448900000006496, "inorganic_cbm_z": 1.448900000006496, "inorganic_vbm_gamma": -0.7417999999935041, "inorganic_vbm_z": -0.7417999999935041, "organic_LUMO": 3.8695000000064956, "organic_HOMO": -2.692399999993504, "alignment_type": "Ia"}