{"inorganic_cbm_gamma": 1.7021250000060535, "inorganic_cbm_z": 1.7021250000060535, "inorganic_vbm_gamma": -0.8488749999939464, "inorganic_vbm_z": -0.8488749999939464, "organic_LUMO": 3.5639250000060536, "organic_HOMO": -2.5199749999939463, "alignment_type": "Ia"}