{"inorganic_cbm_gamma": 1.6447000000157395, "inorganic_cbm_z": 1.6447000000157395, "inorganic_vbm_gamma": -0.7913999999842607, "inorganic_vbm_z": -0.7913999999842607, "organic_LUMO": 3.8467000000157396, "organic_HOMO": -2.2539999999842606, "alignment_type": "Ia"}