{"inorganic_cbm_gamma": 1.615550000000722, "inorganic_cbm_z": 1.598950000000722, "inorganic_vbm_gamma": -0.7536499999992783, "inorganic_vbm_z": -0.6103499999992783, "organic_LUMO": 3.348750000000722, "organic_HOMO": -3.0476499999992783, "alignment_type": "Ia"}