{"inorganic_cbm_gamma": 1.656675000009686, "inorganic_cbm_z": 1.656675000009686, "inorganic_vbm_gamma": -0.7091249999903142, "inorganic_vbm_z": -0.7091249999903142, "organic_LUMO": 3.4639750000096856, "organic_HOMO": -2.6364249999903144, "alignment_type": "Ia"}