{"inorganic_cbm_gamma": 1.5630750000095461, "inorganic_cbm_z": 1.5630750000095461, "inorganic_vbm_gamma": -0.7553249999904539, "inorganic_vbm_z": -0.7553249999904539, "organic_LUMO": 3.3588750000095464, "organic_HOMO": -3.1740249999904537, "alignment_type": "Ia"}