{"inorganic_cbm_gamma": 1.5459500000031665, "inorganic_cbm_z": 1.5459500000031665, "inorganic_vbm_gamma": -0.7033499999968336, "inorganic_vbm_z": -0.7033499999968336, "organic_LUMO": 3.4456500000031665, "organic_HOMO": -2.8277499999968336, "alignment_type": "Ia"}