{"inorganic_cbm_gamma": 1.639474999998603, "inorganic_cbm_z": 1.639474999998603, "inorganic_vbm_gamma": -0.449725000001397, "inorganic_vbm_z": -0.449725000001397, "organic_LUMO": 3.205374999998603, "organic_HOMO": -2.5611250000013968, "alignment_type": "Ia"}