{"inorganic_cbm_gamma": 1.8508750000007916, "inorganic_cbm_z": 1.8508750000007916, "inorganic_vbm_gamma": -0.7908249999992084, "inorganic_vbm_z": -0.7908249999992084, "organic_LUMO": 3.407475000000792, "organic_HOMO": -2.7164249999992083, "alignment_type": "Ia"}