{"inorganic_cbm_gamma": 1.6598000000006286, "inorganic_cbm_z": 1.6598000000006286, "inorganic_vbm_gamma": -0.7770999999993714, "inorganic_vbm_z": -0.7770999999993714, "organic_LUMO": 3.2162000000006286, "organic_HOMO": -2.927399999999371, "alignment_type": "Ia"}