{"inorganic_cbm_gamma": 1.8268750000014666, "inorganic_cbm_z": 1.8268750000014666, "inorganic_vbm_gamma": -0.9009249999985331, "inorganic_vbm_z": -0.9009249999985331, "organic_LUMO": 3.579475000001467, "organic_HOMO": -2.916824999998533, "alignment_type": "Ia"}