{"inorganic_cbm_gamma": 1.708099999986589, "inorganic_cbm_z": 1.708099999986589, "inorganic_vbm_gamma": -0.642400000013411, "inorganic_vbm_z": -0.642400000013411, "organic_LUMO": 3.121199999986589, "organic_HOMO": -2.759500000013411, "alignment_type": "Ia"}