{"inorganic_cbm_gamma": 1.6363750000033992, "inorganic_cbm_z": 1.6363750000033992, "inorganic_vbm_gamma": -0.5767249999966007, "inorganic_vbm_z": -0.5767249999966007, "organic_LUMO": 3.4483750000033995, "organic_HOMO": -2.7099249999966006, "alignment_type": "Ia"}