{"inorganic_cbm_gamma": 1.6375000000041675, "inorganic_cbm_z": 1.6375000000041675, "inorganic_vbm_gamma": -0.5494999999958323, "inorganic_vbm_z": -0.5494999999958323, "organic_LUMO": 3.249800000004168, "organic_HOMO": -2.675499999995832, "alignment_type": "Ia"}