{"inorganic_cbm_gamma": 1.7021500000008616, "inorganic_cbm_z": 1.7021500000008616, "inorganic_vbm_gamma": -0.7515499999991385, "inorganic_vbm_z": -0.7515499999991385, "organic_LUMO": 3.262850000000862, "organic_HOMO": -2.8014499999991385, "alignment_type": "Ia"}