{"inorganic_cbm_gamma": 1.8345500000066823, "inorganic_cbm_z": 1.8345500000066823, "inorganic_vbm_gamma": -0.8625499999933177, "inorganic_vbm_z": -0.8625499999933177, "organic_LUMO": 3.7032500000066824, "organic_HOMO": -2.4912499999933178, "alignment_type": "Ia"}