{"inorganic_cbm_gamma": 1.6458999999933877, "inorganic_cbm_z": 1.6458999999933877, "inorganic_vbm_gamma": -0.7789000000066124, "inorganic_vbm_z": -0.7789000000066124, "organic_LUMO": 2.9179999999933877, "organic_HOMO": -1.1298000000066124, "alignment_type": "Ia"}