{"inorganic_cbm_gamma": 1.7501249999935973, "inorganic_cbm_z": 1.7501249999935973, "inorganic_vbm_gamma": -0.8459750000064028, "inorganic_vbm_z": -0.8459750000064028, "organic_LUMO": 3.444724999993597, "organic_HOMO": -2.543475000006403, "alignment_type": "Ia"}