{"inorganic_cbm_gamma": 1.825300000007241, "inorganic_cbm_z": 1.825300000007241, "inorganic_vbm_gamma": -0.715099999992759, "inorganic_vbm_z": -0.715099999992759, "organic_LUMO": 2.911700000007241, "organic_HOMO": -0.715099999992759, "alignment_type": "Ia"}