{"inorganic_cbm_gamma": 1.797050000008801, "inorganic_cbm_z": 1.797050000008801, "inorganic_vbm_gamma": -0.812149999991199, "inorganic_vbm_z": -0.812149999991199, "organic_LUMO": 3.009550000008801, "organic_HOMO": -1.065149999991199, "alignment_type": "Ia"}