{"inorganic_cbm_gamma": 1.7584999999962747, "inorganic_cbm_z": 1.7584999999962747, "inorganic_vbm_gamma": -0.6121000000037253, "inorganic_vbm_z": -0.6121000000037253, "organic_LUMO": 2.8088999999962745, "organic_HOMO": -0.9124000000037253, "alignment_type": "Ia"}