{"inorganic_cbm_gamma": 1.7188499999968103, "inorganic_cbm_z": 1.7188499999968103, "inorganic_vbm_gamma": -0.6550500000031898, "inorganic_vbm_z": -0.6550500000031898, "organic_LUMO": 2.62914999999681, "organic_HOMO": -0.8481500000031897, "alignment_type": "Ia"}