{"inorganic_cbm_gamma": 2.0543250000061466, "inorganic_cbm_z": 2.0287250000061468, "inorganic_vbm_gamma": -1.0336749999938533, "inorganic_vbm_z": -0.6662749999938533, "organic_LUMO": 1.724725000006147, "organic_HOMO": -4.373074999993854, "alignment_type": "IIb"}