{"inorganic_cbm_gamma": 1.8932250000105704, "inorganic_cbm_z": 1.8640250000105705, "inorganic_vbm_gamma": -0.9047749999894295, "inorganic_vbm_z": -0.7355749999894294, "organic_LUMO": 1.6825250000105707, "organic_HOMO": -4.71567499998943, "alignment_type": "IIb"}