{"inorganic_cbm_gamma": 1.8805999999993017, "inorganic_cbm_z": 1.8228999999993016, "inorganic_vbm_gamma": -0.8068000000006985, "inorganic_vbm_z": -0.6465000000006984, "organic_LUMO": 1.1339999999993013, "organic_HOMO": -4.918500000000698, "alignment_type": "IIb"}