{"inorganic_cbm_gamma": 1.8577250000108032, "inorganic_cbm_z": 1.8577250000108032, "inorganic_vbm_gamma": -0.8547749999891967, "inorganic_vbm_z": -0.8547749999891967, "organic_LUMO": 3.0270250000108034, "organic_HOMO": -1.2285749999891966, "alignment_type": "Ia"}