{"inorganic_cbm_gamma": 1.786375000003539, "inorganic_cbm_z": 1.786375000003539, "inorganic_vbm_gamma": -0.849124999996461, "inorganic_vbm_z": -0.849124999996461, "organic_LUMO": 2.945175000003539, "organic_HOMO": -1.270724999996461, "alignment_type": "Ia"}