{"inorganic_cbm_gamma": 1.7137249999857973, "inorganic_cbm_z": 1.7137249999857973, "inorganic_vbm_gamma": -0.7963750000142027, "inorganic_vbm_z": -0.7963750000142027, "organic_LUMO": 3.0706249999857973, "organic_HOMO": -1.2648750000142026, "alignment_type": "Ia"}