{"inorganic_cbm_gamma": 1.7915250000124332, "inorganic_cbm_z": 1.7915250000124332, "inorganic_vbm_gamma": -0.6236749999875668, "inorganic_vbm_z": -0.6236749999875668, "organic_LUMO": 3.121225000012433, "organic_HOMO": -0.9821749999875669, "alignment_type": "Ia"}