{"inorganic_cbm_gamma": 1.8196749999913853, "inorganic_cbm_z": 1.8196749999913853, "inorganic_vbm_gamma": -0.7587250000086148, "inorganic_vbm_z": -0.7587250000086148, "organic_LUMO": 3.0597749999913852, "organic_HOMO": -1.0486250000086148, "alignment_type": "Ia"}