{"inorganic_cbm_gamma": 1.7802499999943655, "inorganic_cbm_z": 1.7802499999943655, "inorganic_vbm_gamma": -0.7678500000056345, "inorganic_vbm_z": -0.7678500000056345, "organic_LUMO": 3.1110499999943655, "organic_HOMO": -1.1663500000056346, "alignment_type": "Ia"}