{"inorganic_cbm_gamma": 1.7590249999990455, "inorganic_cbm_z": 1.7590249999990455, "inorganic_vbm_gamma": -0.43317500000095466, "inorganic_vbm_z": -0.43317500000095466, "organic_LUMO": 3.2836249999990454, "organic_HOMO": -0.7301750000009546, "alignment_type": "Ia"}