{"inorganic_cbm_gamma": 1.5483249999845865, "inorganic_cbm_z": 1.5483249999845865, "inorganic_vbm_gamma": -0.6635750000154134, "inorganic_vbm_z": -0.6635750000154134, "organic_LUMO": 2.9102249999845866, "organic_HOMO": -0.9738750000154134, "alignment_type": "Ia"}