{"inorganic_cbm_gamma": 1.797274999996065, "inorganic_cbm_z": 1.797274999996065, "inorganic_vbm_gamma": -0.8259250000039349, "inorganic_vbm_z": -0.8259250000039349, "organic_LUMO": 3.076774999996065, "organic_HOMO": -1.057425000003935, "alignment_type": "Ia"}