{"inorganic_cbm_gamma": 1.8390749999998837, "inorganic_cbm_z": 1.8390749999998837, "inorganic_vbm_gamma": -0.8223250000001164, "inorganic_vbm_z": -0.8223250000001164, "organic_LUMO": 2.7005749999998834, "organic_HOMO": -0.8922250000001164, "alignment_type": "Ia"}