{"inorganic_cbm_gamma": 1.7568749999972992, "inorganic_cbm_z": 1.7568749999972992, "inorganic_vbm_gamma": -0.6506250000027008, "inorganic_vbm_z": -0.6506250000027008, "organic_LUMO": 2.8464749999972994, "organic_HOMO": -0.6506250000027008, "alignment_type": "Ia"}