{"inorganic_cbm_gamma": 1.7879000000020955, "inorganic_cbm_z": 1.7879000000020955, "inorganic_vbm_gamma": -0.8537999999979046, "inorganic_vbm_z": -0.8537999999979046, "organic_LUMO": 2.6771000000020955, "organic_HOMO": -0.6746999999979045, "alignment_type": "IIa"}