{"inorganic_cbm_gamma": 1.941374999986822, "inorganic_cbm_z": 1.9123749999868216, "inorganic_vbm_gamma": -0.7996250000131783, "inorganic_vbm_z": -0.6578250000131782, "organic_LUMO": 1.2480749999868217, "organic_HOMO": -4.850625000013178, "alignment_type": "IIb"}