{"inorganic_cbm_gamma": 1.7019000000039117, "inorganic_cbm_z": 1.6600000000039117, "inorganic_vbm_gamma": -1.0284999999960884, "inorganic_vbm_z": -0.5168999999960884, "organic_LUMO": 2.1207000000039113, "organic_HOMO": -4.9206999999960885, "alignment_type": "Ia"}