{"inorganic_cbm_gamma": 2.060824999988475, "inorganic_cbm_z": 2.029424999988475, "inorganic_vbm_gamma": -1.0351750000115252, "inorganic_vbm_z": -0.7042750000115252, "organic_LUMO": 1.7213249999884748, "organic_HOMO": -4.389575000011526, "alignment_type": "IIb"}