{"inorganic_cbm_gamma": 1.8628249999942024, "inorganic_cbm_z": 1.8418249999942025, "inorganic_vbm_gamma": -0.9448750000057975, "inorganic_vbm_z": -0.6746750000057975, "organic_LUMO": 1.4927249999942025, "organic_HOMO": -4.058575000005797, "alignment_type": "IIb"}