{"inorganic_cbm_gamma": 1.9100500000075904, "inorganic_cbm_z": 1.86655000000759, "inorganic_vbm_gamma": -0.9075499999924097, "inorganic_vbm_z": -0.7117499999924097, "organic_LUMO": 1.2864500000075902, "organic_HOMO": -4.65754999999241, "alignment_type": "IIb"}