{"inorganic_cbm_gamma": 1.503600000007893, "inorganic_cbm_z": 1.503600000007893, "inorganic_vbm_gamma": -0.717299999992107, "inorganic_vbm_z": -0.717299999992107, "organic_LUMO": 3.832700000007893, "organic_HOMO": -1.370699999992107, "alignment_type": "Ia"}