{"inorganic_cbm_gamma": 1.8458750000040745, "inorganic_cbm_z": 1.8458750000040745, "inorganic_vbm_gamma": -0.7942249999959254, "inorganic_vbm_z": -0.7942249999959254, "organic_LUMO": 3.0154750000040744, "organic_HOMO": -0.9903249999959255, "alignment_type": "Ia"}