{"inorganic_cbm_gamma": 1.6023250000021887, "inorganic_cbm_z": 1.6023250000021887, "inorganic_vbm_gamma": -0.7031749999978114, "inorganic_vbm_z": -0.7031749999978114, "organic_LUMO": 3.6911250000021885, "organic_HOMO": -1.3264749999978114, "alignment_type": "Ia"}