{"inorganic_cbm_gamma": 1.882749999996391, "inorganic_cbm_z": 1.882749999996391, "inorganic_vbm_gamma": -0.5196500000036088, "inorganic_vbm_z": -0.5196500000036088, "organic_LUMO": 2.515549999996391, "organic_HOMO": -1.185750000003609, "alignment_type": "Ia"}