{"inorganic_cbm_gamma": 1.8137500000033993, "inorganic_cbm_z": 1.8137500000033993, "inorganic_vbm_gamma": -0.7532499999966007, "inorganic_vbm_z": -0.7532499999966007, "organic_LUMO": 2.4001500000033995, "organic_HOMO": -1.3250499999966008, "alignment_type": "Ia"}