{"inorganic_cbm_gamma": 1.5852249999894295, "inorganic_cbm_z": 1.5852249999894295, "inorganic_vbm_gamma": -0.7586750000105704, "inorganic_vbm_z": -0.7586750000105704, "organic_LUMO": 3.6455249999894295, "organic_HOMO": -1.0839750000105706, "alignment_type": "Ia"}