{"inorganic_cbm_gamma": 1.797774999999837, "inorganic_cbm_z": 1.797774999999837, "inorganic_vbm_gamma": -0.703025000000163, "inorganic_vbm_z": -0.703025000000163, "organic_LUMO": 3.203674999999837, "organic_HOMO": -1.239125000000163, "alignment_type": "Ia"}