{"inorganic_cbm_gamma": 1.662674999992596, "inorganic_cbm_z": 1.662674999992596, "inorganic_vbm_gamma": -0.697425000007404, "inorganic_vbm_z": -0.697425000007404, "organic_LUMO": 3.657874999992596, "organic_HOMO": -0.7547250000074041, "alignment_type": "Ia"}