{"inorganic_cbm_gamma": 1.8099749999923866, "inorganic_cbm_z": 1.8099749999923866, "inorganic_vbm_gamma": -0.7238250000076135, "inorganic_vbm_z": -0.7238250000076135, "organic_LUMO": 2.8446749999923866, "organic_HOMO": -1.6169250000076136, "alignment_type": "Ia"}