{"inorganic_cbm_gamma": 1.9208500000125261, "inorganic_cbm_z": 1.8858500000125265, "inorganic_vbm_gamma": -1.0080499999874737, "inorganic_vbm_z": -0.7405499999874736, "organic_LUMO": 1.0733500000125265, "organic_HOMO": -5.528549999987474, "alignment_type": "IIb"}