{"inorganic_cbm_gamma": 1.7950500000047032, "inorganic_cbm_z": 1.842750000004703, "inorganic_vbm_gamma": -1.0352499999952969, "inorganic_vbm_z": -0.6215499999952969, "organic_LUMO": 1.1865500000047033, "organic_HOMO": -5.420349999995297, "alignment_type": "IIb"}