{"inorganic_cbm_gamma": 1.685699999999907, "inorganic_cbm_z": 1.681099999999907, "inorganic_vbm_gamma": -0.8152000000000932, "inorganic_vbm_z": -0.5538000000000931, "organic_LUMO": 1.4406999999999068, "organic_HOMO": -5.073300000000093, "alignment_type": "IIb"}