{"inorganic_cbm_gamma": 1.7469249999943655, "inorganic_cbm_z": 1.5110249999943655, "inorganic_vbm_gamma": -0.9429750000056345, "inorganic_vbm_z": -0.47377500000563444, "organic_LUMO": 1.4716249999943654, "organic_HOMO": -5.056575000005635, "alignment_type": "IIb"}