{"inorganic_cbm_gamma": 1.8173749999981608, "inorganic_cbm_z": 1.7566749999981606, "inorganic_vbm_gamma": -0.9311250000018394, "inorganic_vbm_z": -0.6219250000018393, "organic_LUMO": 0.9891749999981605, "organic_HOMO": -5.02812500000184, "alignment_type": "IIb"}