{"inorganic_cbm_gamma": 1.83277499999532, "inorganic_cbm_z": 1.80037499999532, "inorganic_vbm_gamma": -0.8529250000046799, "inorganic_vbm_z": -0.7020250000046799, "organic_LUMO": 1.6043749999953203, "organic_HOMO": -4.46342500000468, "alignment_type": "IIb"}