{"inorganic_cbm_gamma": 1.6986250000097325, "inorganic_cbm_z": 1.6542250000097325, "inorganic_vbm_gamma": -0.9253749999902677, "inorganic_vbm_z": -0.6573749999902677, "organic_LUMO": 1.4065250000097325, "organic_HOMO": -4.840174999990268, "alignment_type": "IIb"}