{"inorganic_cbm_gamma": 1.817025000006426, "inorganic_cbm_z": 1.7100250000064263, "inorganic_vbm_gamma": -0.9342749999935739, "inorganic_vbm_z": -0.5964749999935739, "organic_LUMO": 1.0797250000064262, "organic_HOMO": -4.753974999993574, "alignment_type": "IIb"}