{"inorganic_cbm_gamma": 1.9033999999853082, "inorganic_cbm_z": 1.8640999999853083, "inorganic_vbm_gamma": -0.9657000000146916, "inorganic_vbm_z": -0.7154000000146916, "organic_LUMO": 1.2596999999853082, "organic_HOMO": -5.099100000014692, "alignment_type": "IIb"}