{"inorganic_cbm_gamma": 1.9272249999954596, "inorganic_cbm_z": 1.61592499999546, "inorganic_vbm_gamma": -0.8373750000045402, "inorganic_vbm_z": -0.6500750000045402, "organic_LUMO": 0.6819249999954597, "organic_HOMO": -5.417875000004541, "alignment_type": "IIb"}