{"inorganic_cbm_gamma": 1.7823500000040746, "inorganic_cbm_z": 1.7823500000040746, "inorganic_vbm_gamma": -0.6874499999959255, "inorganic_vbm_z": -0.6874499999959255, "organic_LUMO": 3.1934500000040744, "organic_HOMO": -1.5199499999959254, "alignment_type": "Ia"}