{"inorganic_cbm_gamma": 1.846175000017765, "inorganic_cbm_z": 1.8115750000177648, "inorganic_vbm_gamma": -0.865924999982235, "inorganic_vbm_z": -0.705724999982235, "organic_LUMO": 2.291375000017765, "organic_HOMO": -3.506524999982235, "alignment_type": "Ia"}