{"inorganic_cbm_gamma": 1.5598500000017927, "inorganic_cbm_z": 1.5598500000017927, "inorganic_vbm_gamma": -0.7114499999982072, "inorganic_vbm_z": -0.7114499999982072, "organic_LUMO": 3.1181500000017928, "organic_HOMO": -1.4123499999982072, "alignment_type": "Ia"}