{"inorganic_cbm_gamma": 1.7971749999911526, "inorganic_cbm_z": 1.7971749999911526, "inorganic_vbm_gamma": -0.5583250000088475, "inorganic_vbm_z": -0.5583250000088475, "organic_LUMO": 3.3700749999911523, "organic_HOMO": -1.3865250000088476, "alignment_type": "Ia"}