{"inorganic_cbm_gamma": 1.7104250000010244, "inorganic_cbm_z": 1.7036250000010242, "inorganic_vbm_gamma": -0.7873749999989755, "inorganic_vbm_z": -0.7516749999989756, "organic_LUMO": 3.6834250000010247, "organic_HOMO": -2.4529749999989754, "alignment_type": "Ia"}