{"inorganic_cbm_gamma": 1.8348250000022817, "inorganic_cbm_z": 1.8348250000022817, "inorganic_vbm_gamma": -0.9234749999977183, "inorganic_vbm_z": -0.9234749999977183, "organic_LUMO": 3.5954250000022814, "organic_HOMO": -2.5300749999977183, "alignment_type": "Ia"}