{"inorganic_cbm_gamma": 1.6698500000128056, "inorganic_cbm_z": 1.6698500000128056, "inorganic_vbm_gamma": -0.8431499999871943, "inorganic_vbm_z": -0.8431499999871943, "organic_LUMO": 4.0317500000128055, "organic_HOMO": -2.0085499999871943, "alignment_type": "Ia"}