{"inorganic_cbm_gamma": 1.807849999996228, "inorganic_cbm_z": 1.807849999996228, "inorganic_vbm_gamma": -0.8093500000037719, "inorganic_vbm_z": -0.8093500000037719, "organic_LUMO": 3.8793499999962284, "organic_HOMO": -2.1808500000037716, "alignment_type": "Ia"}