{"inorganic_cbm_gamma": 1.7469500000044702, "inorganic_cbm_z": 1.7469500000044702, "inorganic_vbm_gamma": -0.8482499999955296, "inorganic_vbm_z": -0.8482499999955296, "organic_LUMO": 3.3348500000044705, "organic_HOMO": -2.6605499999955295, "alignment_type": "Ia"}