{"inorganic_cbm_gamma": 1.592774999993015, "inorganic_cbm_z": 1.592774999993015, "inorganic_vbm_gamma": -0.612525000006985, "inorganic_vbm_z": -0.612525000006985, "organic_LUMO": 3.6603749999930155, "organic_HOMO": -2.710925000006985, "alignment_type": "Ia"}