{"inorganic_cbm_gamma": 1.6823249999938765, "inorganic_cbm_z": 1.6823249999938765, "inorganic_vbm_gamma": -0.7023750000061234, "inorganic_vbm_z": -0.7023750000061234, "organic_LUMO": 3.4853249999938765, "organic_HOMO": -2.3196750000061233, "alignment_type": "Ia"}