{"inorganic_cbm_gamma": 1.7524249999950872, "inorganic_cbm_z": 1.7524249999950872, "inorganic_vbm_gamma": -0.5520750000049127, "inorganic_vbm_z": -0.5520750000049127, "organic_LUMO": 3.3444249999950872, "organic_HOMO": -2.463475000004913, "alignment_type": "Ia"}