{"inorganic_cbm_gamma": 1.639475000000978, "inorganic_cbm_z": 1.6111750000009777, "inorganic_vbm_gamma": -0.26502499999902207, "inorganic_vbm_z": -0.1034249999990221, "organic_LUMO": 3.8553750000009783, "organic_HOMO": -2.044424999999022, "alignment_type": "Ia"}