{"inorganic_cbm_gamma": 1.5784000000030733, "inorganic_cbm_z": 1.5784000000030733, "inorganic_vbm_gamma": -0.7428999999969266, "inorganic_vbm_z": -0.7428999999969266, "organic_LUMO": 4.049900000003073, "organic_HOMO": -2.0615999999969263, "alignment_type": "Ia"}