{"inorganic_cbm_gamma": 1.708100000003539, "inorganic_cbm_z": 1.708100000003539, "inorganic_vbm_gamma": -0.7400999999964609, "inorganic_vbm_z": -0.7400999999964609, "organic_LUMO": 3.511200000003539, "organic_HOMO": -2.5094999999964607, "alignment_type": "Ia"}