{"inorganic_cbm_gamma": 1.5152500000197442, "inorganic_cbm_z": 1.5152500000197442, "inorganic_vbm_gamma": -0.7003499999802559, "inorganic_vbm_z": -0.7003499999802559, "organic_LUMO": 3.3939500000197445, "organic_HOMO": -2.673549999980256, "alignment_type": "Ia"}