{"inorganic_cbm_gamma": 1.672899999997881, "inorganic_cbm_z": 1.672899999997881, "inorganic_vbm_gamma": -0.6945000000021188, "inorganic_vbm_z": -0.6945000000021188, "organic_LUMO": 3.4100999999978816, "organic_HOMO": -2.5433000000021186, "alignment_type": "Ia"}