{"inorganic_cbm_gamma": 1.8037000000052852, "inorganic_cbm_z": 1.8037000000052852, "inorganic_vbm_gamma": -0.44429999999471476, "inorganic_vbm_z": -0.44429999999471476, "organic_LUMO": 3.2276000000052854, "organic_HOMO": -2.356499999994715, "alignment_type": "Ia"}