{"inorganic_cbm_gamma": 1.805075000004261, "inorganic_cbm_z": 1.805075000004261, "inorganic_vbm_gamma": -0.8301249999957392, "inorganic_vbm_z": -0.8301249999957392, "organic_LUMO": 3.4610750000042607, "organic_HOMO": -2.392624999995739, "alignment_type": "Ia"}