{"inorganic_cbm_gamma": 1.806574999988079, "inorganic_cbm_z": 1.806574999988079, "inorganic_vbm_gamma": -0.8123250000119209, "inorganic_vbm_z": -0.8123250000119209, "organic_LUMO": 3.4386749999880792, "organic_HOMO": -2.404025000011921, "alignment_type": "Ia"}