{"inorganic_cbm_gamma": 1.7132249999979043, "inorganic_cbm_z": 1.7132249999979043, "inorganic_vbm_gamma": -0.8291750000020954, "inorganic_vbm_z": -0.8291750000020954, "organic_LUMO": 3.4468249999979044, "organic_HOMO": -1.9000750000020954, "alignment_type": "Ia"}