{"inorganic_cbm_gamma": 1.7532250000016298, "inorganic_cbm_z": 1.7532250000016298, "inorganic_vbm_gamma": -0.8678749999983701, "inorganic_vbm_z": -0.8678749999983701, "organic_LUMO": 3.4859250000016297, "organic_HOMO": -2.22947499999837, "alignment_type": "Ia"}