{"inorganic_cbm_gamma": 1.8262000000106635, "inorganic_cbm_z": 1.8262000000106635, "inorganic_vbm_gamma": -0.8672999999893364, "inorganic_vbm_z": -0.8672999999893364, "organic_LUMO": 3.417500000010664, "organic_HOMO": -2.3237999999893364, "alignment_type": "Ia"}