{"inorganic_cbm_gamma": 1.4878500000047266, "inorganic_cbm_z": 1.4878500000047266, "inorganic_vbm_gamma": -0.7080499999952735, "inorganic_vbm_z": -0.7080499999952735, "organic_LUMO": 3.4713500000047266, "organic_HOMO": -0.8466499999952736, "alignment_type": "Ia"}