{"inorganic_cbm_gamma": 2.052675000005215, "inorganic_cbm_z": 2.0260750000052155, "inorganic_vbm_gamma": -0.9927249999947846, "inorganic_vbm_z": -0.6815249999947846, "organic_LUMO": 1.0821750000052153, "organic_HOMO": -4.880324999994785, "alignment_type": "IIb"}