{"inorganic_cbm_gamma": 1.8856499999999303, "inorganic_cbm_z": 1.84274999999993, "inorganic_vbm_gamma": -0.8509500000000698, "inorganic_vbm_z": -0.6696500000000698, "organic_LUMO": 0.9499499999999301, "organic_HOMO": -5.428350000000069, "alignment_type": "IIb"}