{"inorganic_cbm_gamma": 1.898300000007171, "inorganic_cbm_z": 1.9152000000071712, "inorganic_vbm_gamma": -0.8607999999928289, "inorganic_vbm_z": -0.4854999999928289, "organic_LUMO": 1.5693000000071713, "organic_HOMO": -4.8499999999928285, "alignment_type": "IIb"}