{"inorganic_cbm_gamma": 1.886849999999511, "inorganic_cbm_z": 1.847249999999511, "inorganic_vbm_gamma": -0.899750000000489, "inorganic_vbm_z": -0.6637500000004889, "organic_LUMO": 1.7085499999995108, "organic_HOMO": -5.958950000000489, "alignment_type": "IIb"}