{"inorganic_cbm_gamma": 1.8648749999856578, "inorganic_cbm_z": 1.8102749999856576, "inorganic_vbm_gamma": -0.7925250000143423, "inorganic_vbm_z": -0.6446250000143424, "organic_LUMO": 1.0795749999856574, "organic_HOMO": -5.297325000014343, "alignment_type": "IIb"}