{"inorganic_cbm_gamma": 1.8033750000004192, "inorganic_cbm_z": 1.8033750000004192, "inorganic_vbm_gamma": -0.7784249999995809, "inorganic_vbm_z": -0.7784249999995809, "organic_LUMO": 2.697875000000419, "organic_HOMO": -1.359024999999581, "alignment_type": "Ia"}