{"inorganic_cbm_gamma": 1.6908499999999533, "inorganic_cbm_z": 1.6908499999999533, "inorganic_vbm_gamma": -0.8208500000000465, "inorganic_vbm_z": -0.8208500000000465, "organic_LUMO": 3.6821499999999534, "organic_HOMO": -1.1072500000000465, "alignment_type": "Ia"}