{"inorganic_cbm_gamma": 1.7741000000020721, "inorganic_cbm_z": 1.7741000000020721, "inorganic_vbm_gamma": -0.8304999999979278, "inorganic_vbm_z": -0.8304999999979278, "organic_LUMO": 3.4325000000020722, "organic_HOMO": -1.0393999999979278, "alignment_type": "Ia"}