{"inorganic_cbm_gamma": 1.7315999999920604, "inorganic_cbm_z": 1.7315999999920604, "inorganic_vbm_gamma": -0.8237000000079395, "inorganic_vbm_z": -0.8237000000079395, "organic_LUMO": 3.9400999999920603, "organic_HOMO": -1.0261000000079394, "alignment_type": "Ia"}