{"inorganic_cbm_gamma": 1.7379249999977182, "inorganic_cbm_z": 1.7379249999977182, "inorganic_vbm_gamma": -0.8013750000022818, "inorganic_vbm_z": -0.8013750000022818, "organic_LUMO": 3.485224999997718, "organic_HOMO": -0.8013750000022818, "alignment_type": "Ia"}