{"inorganic_cbm_gamma": 1.5372500000072178, "inorganic_cbm_z": 1.5372500000072178, "inorganic_vbm_gamma": -0.7025499999927822, "inorganic_vbm_z": -0.7025499999927822, "organic_LUMO": 3.2946500000072176, "organic_HOMO": -0.7669499999927822, "alignment_type": "Ia"}