{"inorganic_cbm_gamma": 2.0654999999973223, "inorganic_cbm_z": 2.0157999999973226, "inorganic_vbm_gamma": -1.0871000000026776, "inorganic_vbm_z": -0.6752000000026777, "organic_LUMO": 1.6714999999973226, "organic_HOMO": -5.420200000002678, "alignment_type": "IIb"}