{"inorganic_cbm_gamma": 1.9538749999987894, "inorganic_cbm_z": 1.9374749999987895, "inorganic_vbm_gamma": -0.9541250000012107, "inorganic_vbm_z": -0.5338250000012108, "organic_LUMO": 1.370574999998789, "organic_HOMO": -4.84842500000121, "alignment_type": "IIb"}