{"inorganic_cbm_gamma": 1.906750000001304, "inorganic_cbm_z": 1.831650000001304, "inorganic_vbm_gamma": -0.7929499999986962, "inorganic_vbm_z": -0.6547499999986961, "organic_LUMO": 1.0892500000013037, "organic_HOMO": -5.583049999998696, "alignment_type": "IIb"}