{"inorganic_cbm_gamma": 1.8877000000058906, "inorganic_cbm_z": 1.8354000000058908, "inorganic_vbm_gamma": -0.8689999999941094, "inorganic_vbm_z": -0.6395999999941094, "organic_LUMO": 1.3161000000058904, "organic_HOMO": -4.86319999999411, "alignment_type": "IIb"}