{"inorganic_cbm_gamma": 1.9571249999931548, "inorganic_cbm_z": 1.9101249999931547, "inorganic_vbm_gamma": -1.0493750000068451, "inorganic_vbm_z": -0.7098750000068452, "organic_LUMO": 2.1727249999931546, "organic_HOMO": -5.335075000006846, "alignment_type": "Ia"}