{"inorganic_cbm_gamma": 1.9932499999957627, "inorganic_cbm_z": 1.9542499999957625, "inorganic_vbm_gamma": -1.0162500000042374, "inorganic_vbm_z": -0.43305000000423743, "organic_LUMO": 1.2540499999957624, "organic_HOMO": -4.3433500000042375, "alignment_type": "IIb"}