{"inorganic_cbm_gamma": 2.1592249999888704, "inorganic_cbm_z": 2.1031249999888706, "inorganic_vbm_gamma": -1.1223750000111292, "inorganic_vbm_z": -0.7673750000111292, "organic_LUMO": 0.8877249999888708, "organic_HOMO": -5.019275000011129, "alignment_type": "IIb"}