{"inorganic_cbm_gamma": 1.8677250000022352, "inorganic_cbm_z": 1.821125000002235, "inorganic_vbm_gamma": -0.9735749999977649, "inorganic_vbm_z": -0.5507749999977649, "organic_LUMO": 0.7665250000022352, "organic_HOMO": -4.674374999997765, "alignment_type": "IIb"}