{"inorganic_cbm_gamma": 1.8916500000045633, "inorganic_cbm_z": 1.8389500000045635, "inorganic_vbm_gamma": -0.8841499999954365, "inorganic_vbm_z": -0.5932499999954365, "organic_LUMO": 1.2154500000045636, "organic_HOMO": -4.907649999995437, "alignment_type": "IIb"}