{"inorganic_cbm_gamma": 1.892474999987241, "inorganic_cbm_z": 1.855174999987241, "inorganic_vbm_gamma": -0.8632250000127591, "inorganic_vbm_z": -0.6534250000127592, "organic_LUMO": 1.196974999987241, "organic_HOMO": -5.664625000012759, "alignment_type": "IIb"}