{"inorganic_cbm_gamma": 1.7768999999927357, "inorganic_cbm_z": 1.7768999999927357, "inorganic_vbm_gamma": -0.8292000000072643, "inorganic_vbm_z": -0.8292000000072643, "organic_LUMO": 3.3158999999927357, "organic_HOMO": -1.4185000000072643, "alignment_type": "Ia"}