{"inorganic_cbm_gamma": 1.5388749999899185, "inorganic_cbm_z": 1.5388749999899185, "inorganic_vbm_gamma": -0.7556250000100815, "inorganic_vbm_z": -0.7556250000100815, "organic_LUMO": 3.3217749999899184, "organic_HOMO": -1.6422250000100815, "alignment_type": "Ia"}