{"inorganic_cbm_gamma": 1.7261000000049826, "inorganic_cbm_z": 1.7261000000049826, "inorganic_vbm_gamma": -0.7886999999950174, "inorganic_vbm_z": -0.7886999999950174, "organic_LUMO": 3.5989000000049827, "organic_HOMO": -1.3257999999950174, "alignment_type": "Ia"}