{"inorganic_cbm_gamma": 1.5250749999908264, "inorganic_cbm_z": 1.5250749999908264, "inorganic_vbm_gamma": -0.7468250000091735, "inorganic_vbm_z": -0.7468250000091735, "organic_LUMO": 3.7752749999908266, "organic_HOMO": -1.3372250000091734, "alignment_type": "Ia"}