{"inorganic_cbm_gamma": 1.5777250000165775, "inorganic_cbm_z": 1.5777250000165775, "inorganic_vbm_gamma": -0.7365749999834224, "inorganic_vbm_z": -0.7365749999834224, "organic_LUMO": 4.2269250000165774, "organic_HOMO": -0.4913749999834225, "alignment_type": "IIa"}