{"inorganic_cbm_gamma": 1.8124249999996507, "inorganic_cbm_z": 1.8124249999996507, "inorganic_vbm_gamma": -0.8422750000003493, "inorganic_vbm_z": -0.8422750000003493, "organic_LUMO": 3.3193249999996506, "organic_HOMO": -1.5234750000003492, "alignment_type": "Ia"}