{"inorganic_cbm_gamma": 1.6045250000013505, "inorganic_cbm_z": 1.6045250000013505, "inorganic_vbm_gamma": -0.43587499999864954, "inorganic_vbm_z": -0.43587499999864954, "organic_LUMO": 3.0320250000013504, "organic_HOMO": -0.6484749999986497, "alignment_type": "Ia"}