{"inorganic_cbm_gamma": 1.823924999996554, "inorganic_cbm_z": 1.823924999996554, "inorganic_vbm_gamma": -0.7990750000034459, "inorganic_vbm_z": -0.7990750000034459, "organic_LUMO": 2.692724999996554, "organic_HOMO": -1.6704750000034458, "alignment_type": "Ia"}