{"inorganic_cbm_gamma": 1.6302500000062632, "inorganic_cbm_z": 1.6302500000062632, "inorganic_vbm_gamma": -0.42994999999373684, "inorganic_vbm_z": -0.42994999999373684, "organic_LUMO": 3.9674500000062634, "organic_HOMO": -0.781749999993737, "alignment_type": "Ia"}