{"inorganic_cbm_gamma": 1.6050499999964376, "inorganic_cbm_z": 1.6050499999964376, "inorganic_vbm_gamma": -0.6770500000035624, "inorganic_vbm_z": -0.6770500000035624, "organic_LUMO": 3.995449999996438, "organic_HOMO": -0.6047500000035623, "alignment_type": "IIa"}