{"inorganic_cbm_gamma": 1.6749249999842373, "inorganic_cbm_z": 1.6749249999842373, "inorganic_vbm_gamma": -0.3939750000157627, "inorganic_vbm_z": -0.3939750000157627, "organic_LUMO": 3.6205249999842373, "organic_HOMO": -0.7885750000157625, "alignment_type": "Ia"}