{"inorganic_cbm_gamma": 1.791700000000745, "inorganic_cbm_z": 1.791700000000745, "inorganic_vbm_gamma": -0.865599999999255, "inorganic_vbm_z": -0.865599999999255, "organic_LUMO": 3.650200000000745, "organic_HOMO": -1.096099999999255, "alignment_type": "Ia"}