{"inorganic_cbm_gamma": 1.5298999999913387, "inorganic_cbm_z": 1.5298999999913387, "inorganic_vbm_gamma": -0.6147000000086613, "inorganic_vbm_z": -0.6147000000086613, "organic_LUMO": 3.4143999999913386, "organic_HOMO": -0.9175000000086613, "alignment_type": "Ia"}