{"inorganic_cbm_gamma": 1.8379250000028173, "inorganic_cbm_z": 1.8379250000028173, "inorganic_vbm_gamma": -0.7969749999971828, "inorganic_vbm_z": -0.7969749999971828, "organic_LUMO": 3.5497250000028173, "organic_HOMO": -0.7969749999971828, "alignment_type": "Ia"}