{"inorganic_cbm_gamma": 1.635775000000489, "inorganic_cbm_z": 1.635775000000489, "inorganic_vbm_gamma": -0.779024999999511, "inorganic_vbm_z": -0.779024999999511, "organic_LUMO": 3.681575000000489, "organic_HOMO": -0.683224999999511, "alignment_type": "IIa"}