{"inorganic_cbm_gamma": 1.8795500000072178, "inorganic_cbm_z": 1.8795500000072178, "inorganic_vbm_gamma": -0.9012499999927823, "inorganic_vbm_z": -0.9012499999927823, "organic_LUMO": 2.060350000007218, "organic_HOMO": -0.6299499999927822, "alignment_type": "IIa"}