{"inorganic_cbm_gamma": 1.8350749999991618, "inorganic_cbm_z": 1.8350749999991618, "inorganic_vbm_gamma": -0.8105250000008382, "inorganic_vbm_z": -0.8105250000008382, "organic_LUMO": 2.374274999999162, "organic_HOMO": -0.8952250000008382, "alignment_type": "Ia"}