{"inorganic_cbm_gamma": 1.8736000000015134, "inorganic_cbm_z": 1.8736000000015134, "inorganic_vbm_gamma": -0.8244999999984866, "inorganic_vbm_z": -0.8244999999984866, "organic_LUMO": 2.524500000001513, "organic_HOMO": -0.9381999999984867, "alignment_type": "Ia"}