{"inorganic_cbm_gamma": 1.7903000000012574, "inorganic_cbm_z": 1.7903000000012574, "inorganic_vbm_gamma": -0.7775999999987427, "inorganic_vbm_z": -0.7775999999987427, "organic_LUMO": 2.5660000000012575, "organic_HOMO": -1.1091999999987427, "alignment_type": "Ia"}