{"inorganic_cbm_gamma": 1.5752249999931547, "inorganic_cbm_z": 1.5752249999931547, "inorganic_vbm_gamma": -0.7305750000068452, "inorganic_vbm_z": -0.7305750000068452, "organic_LUMO": 2.680824999993155, "organic_HOMO": -0.6862750000068453, "alignment_type": "IIa"}