{"inorganic_cbm_gamma": 1.830549999996065, "inorganic_cbm_z": 1.830549999996065, "inorganic_vbm_gamma": -0.7877500000039348, "inorganic_vbm_z": -0.7877500000039348, "organic_LUMO": 0.9107499999960651, "organic_HOMO": -3.4536500000039347, "alignment_type": "IIb"}