{"inorganic_cbm_gamma": 1.8133750000101747, "inorganic_cbm_z": 1.8133750000101747, "inorganic_vbm_gamma": -0.8039249999898253, "inorganic_vbm_z": -0.8039249999898253, "organic_LUMO": 1.3130750000101745, "organic_HOMO": -3.849824999989825, "alignment_type": "IIb"}