{"inorganic_cbm_gamma": 1.8804499999994877, "inorganic_cbm_z": 1.8804499999994877, "inorganic_vbm_gamma": -0.8051500000005123, "inorganic_vbm_z": -0.8051500000005123, "organic_LUMO": 1.2296499999994879, "organic_HOMO": -3.852650000000512, "alignment_type": "IIb"}