{"inorganic_cbm_gamma": 1.7648000000081723, "inorganic_cbm_z": 1.7648000000081723, "inorganic_vbm_gamma": -0.8424999999918277, "inorganic_vbm_z": -0.8424999999918277, "organic_LUMO": 3.7124000000081723, "organic_HOMO": -1.0378999999918277, "alignment_type": "Ia"}