{"inorganic_cbm_gamma": 1.7662500000002328, "inorganic_cbm_z": 1.7662500000002328, "inorganic_vbm_gamma": -0.5688499999997672, "inorganic_vbm_z": -0.5688499999997672, "organic_LUMO": 2.758350000000233, "organic_HOMO": -1.2394499999997672, "alignment_type": "Ia"}