{"inorganic_cbm_gamma": 1.8412500000023981, "inorganic_cbm_z": 1.8412500000023981, "inorganic_vbm_gamma": -0.7133499999976018, "inorganic_vbm_z": -0.7133499999976018, "organic_LUMO": 3.9322500000023983, "organic_HOMO": -1.0549499999976018, "alignment_type": "Ia"}