{"inorganic_cbm_gamma": 1.863299999995716, "inorganic_cbm_z": 1.813799999995716, "inorganic_vbm_gamma": -0.7824000000042841, "inorganic_vbm_z": -0.6135000000042841, "organic_LUMO": 0.8907999999957159, "organic_HOMO": -3.980800000004284, "alignment_type": "IIb"}