{"inorganic_cbm_gamma": 1.770075000006985, "inorganic_cbm_z": 1.704275000006985, "inorganic_vbm_gamma": -0.6734249999930151, "inorganic_vbm_z": -0.5183249999930151, "organic_LUMO": 0.7600750000069851, "organic_HOMO": -4.968224999993016, "alignment_type": "IIb"}