{"inorganic_cbm_gamma": 1.7607749999863094, "inorganic_cbm_z": 1.7422749999863094, "inorganic_vbm_gamma": -1.0143250000136903, "inorganic_vbm_z": -0.6162250000136904, "organic_LUMO": 0.7779749999863097, "organic_HOMO": -4.86392500001369, "alignment_type": "IIb"}