{"inorganic_cbm_gamma": 1.7591750000079163, "inorganic_cbm_z": 1.696775000007916, "inorganic_vbm_gamma": -0.8962249999920837, "inorganic_vbm_z": -0.46252499999208374, "organic_LUMO": 0.9762750000079161, "organic_HOMO": -4.672824999992084, "alignment_type": "IIb"}