{"inorganic_cbm_gamma": 1.8057499999925493, "inorganic_cbm_z": 1.7997499999925495, "inorganic_vbm_gamma": -0.7218500000074506, "inorganic_vbm_z": -0.5730500000074505, "organic_LUMO": 0.9671499999925492, "organic_HOMO": -4.62105000000745, "alignment_type": "IIb"}