{"inorganic_cbm_gamma": 1.7976250000105938, "inorganic_cbm_z": 1.7551250000105938, "inorganic_vbm_gamma": -0.8213749999894062, "inorganic_vbm_z": -0.5989749999894062, "organic_LUMO": 1.2340250000105937, "organic_HOMO": -4.236074999989406, "alignment_type": "IIb"}