{"inorganic_cbm_gamma": 1.7731500000065656, "inorganic_cbm_z": 1.6685500000065656, "inorganic_vbm_gamma": -0.8974499999934342, "inorganic_vbm_z": -0.4943499999934342, "organic_LUMO": 0.7056500000065657, "organic_HOMO": -5.580249999993434, "alignment_type": "IIb"}