{"inorganic_cbm_gamma": 1.8982000000005588, "inorganic_cbm_z": 1.8570000000005589, "inorganic_vbm_gamma": -0.9006999999994412, "inorganic_vbm_z": -0.6446999999994412, "organic_LUMO": 0.5720000000005587, "organic_HOMO": -4.650399999999442, "alignment_type": "IIb"}