{"inorganic_cbm_gamma": 1.8236250000040513, "inorganic_cbm_z": 1.7674250000040512, "inorganic_vbm_gamma": -0.8931749999959487, "inorganic_vbm_z": -0.6002749999959487, "organic_LUMO": 0.6925250000040513, "organic_HOMO": -5.431174999995949, "alignment_type": "IIb"}