{"inorganic_cbm_gamma": 1.8444749999987193, "inorganic_cbm_z": 1.7929749999987195, "inorganic_vbm_gamma": -0.9231250000012806, "inorganic_vbm_z": -0.5646250000012805, "organic_LUMO": 0.3742749999987196, "organic_HOMO": -4.84922500000128, "alignment_type": "IIb"}