{"inorganic_cbm_gamma": 1.8091999999895694, "inorganic_cbm_z": 1.8164999999895692, "inorganic_vbm_gamma": -0.9630000000104308, "inorganic_vbm_z": -0.5897000000104309, "organic_LUMO": 0.9275999999895692, "organic_HOMO": -5.07640000001043, "alignment_type": "IIb"}