{"inorganic_cbm_gamma": 1.8308250000011874, "inorganic_cbm_z": 1.7706250000011874, "inorganic_vbm_gamma": -0.9039749999988126, "inorganic_vbm_z": -0.6481749999988127, "organic_LUMO": 0.6768250000011875, "organic_HOMO": -5.507674999998812, "alignment_type": "IIb"}