{"inorganic_cbm_gamma": 1.8909749999877064, "inorganic_cbm_z": 1.8430749999877065, "inorganic_vbm_gamma": -0.9918250000122935, "inorganic_vbm_z": -0.8336250000122934, "organic_LUMO": 1.0338749999877064, "organic_HOMO": -4.938025000012294, "alignment_type": "IIb"}