{"inorganic_cbm_gamma": 1.8951250000058208, "inorganic_cbm_z": 1.8426250000058206, "inorganic_vbm_gamma": -0.9001749999941793, "inorganic_vbm_z": -0.7363749999941792, "organic_LUMO": 1.3486250000058209, "organic_HOMO": -5.066074999994179, "alignment_type": "IIb"}