{"inorganic_cbm_gamma": 1.9076750000073575, "inorganic_cbm_z": 1.8494750000073577, "inorganic_vbm_gamma": -0.9422249999926425, "inorganic_vbm_z": -0.8120249999926425, "organic_LUMO": 1.7869750000073577, "organic_HOMO": -4.390424999992643, "alignment_type": "IIb"}