{"inorganic_cbm_gamma": 1.8917250000012107, "inorganic_cbm_z": 1.8909250000012108, "inorganic_vbm_gamma": -0.9314749999987892, "inorganic_vbm_z": -0.7974749999987892, "organic_LUMO": 1.7402250000012107, "organic_HOMO": -4.39397499999879, "alignment_type": "IIb"}