{"inorganic_cbm_gamma": 1.8667249999896391, "inorganic_cbm_z": 1.815924999989639, "inorganic_vbm_gamma": -0.929575000010361, "inorganic_vbm_z": -0.793375000010361, "organic_LUMO": 1.263324999989639, "organic_HOMO": -4.592575000010362, "alignment_type": "IIb"}