{"inorganic_cbm_gamma": 1.7204750000042144, "inorganic_cbm_z": 1.6616750000042142, "inorganic_vbm_gamma": -0.8952249999957858, "inorganic_vbm_z": -0.5613249999957857, "organic_LUMO": 0.7099750000042144, "organic_HOMO": -5.127624999995786, "alignment_type": "IIb"}