{"inorganic_cbm_gamma": 2.015999999998417, "inorganic_cbm_z": 1.815899999998417, "inorganic_vbm_gamma": -0.9916000000015832, "inorganic_vbm_z": -0.7230000000015833, "organic_LUMO": 0.5527999999984168, "organic_HOMO": -5.7253000000015835, "alignment_type": "IIb"}