{"inorganic_cbm_gamma": 1.7375750000055414, "inorganic_cbm_z": 1.7375750000055414, "inorganic_vbm_gamma": -0.9248249999944587, "inorganic_vbm_z": -0.9248249999944587, "organic_LUMO": 3.8794750000055416, "organic_HOMO": -0.4715249999944586, "alignment_type": "IIa"}