{"inorganic_cbm_gamma": 1.619225000003958, "inorganic_cbm_z": 1.619225000003958, "inorganic_vbm_gamma": -0.8296749999960419, "inorganic_vbm_z": -0.8296749999960419, "organic_LUMO": 3.971625000003958, "organic_HOMO": -0.39737499999604187, "alignment_type": "IIa"}