{"inorganic_cbm_gamma": 1.5221750000000465, "inorganic_cbm_z": 1.5221750000000465, "inorganic_vbm_gamma": -0.7526249999999535, "inorganic_vbm_z": -0.7526249999999535, "organic_LUMO": 3.6878750000000466, "organic_HOMO": -0.40202499999995345, "alignment_type": "IIa"}