{"inorganic_cbm_gamma": 1.5906499999921535, "inorganic_cbm_z": 1.5906499999921535, "inorganic_vbm_gamma": -0.7291500000078464, "inorganic_vbm_z": -0.7291500000078464, "organic_LUMO": 3.8200499999921536, "organic_HOMO": -0.8095500000078464, "alignment_type": "Ia"}