{"inorganic_cbm_gamma": 1.6665249999968335, "inorganic_cbm_z": 1.6665249999968335, "inorganic_vbm_gamma": -0.8647750000031665, "inorganic_vbm_z": -0.8647750000031665, "organic_LUMO": 3.9686249999968335, "organic_HOMO": -0.6204750000031665, "alignment_type": "IIa"}