{"inorganic_cbm_gamma": 1.4785499999863794, "inorganic_cbm_z": 1.4785499999863794, "inorganic_vbm_gamma": -0.6501500000136206, "inorganic_vbm_z": -0.6501500000136206, "organic_LUMO": 3.8340499999863793, "organic_HOMO": -0.6044500000136206, "alignment_type": "IIa"}