{"inorganic_cbm_gamma": 1.7197000000048195, "inorganic_cbm_z": 1.7197000000048195, "inorganic_vbm_gamma": -0.8766999999951804, "inorganic_vbm_z": -0.8766999999951804, "organic_LUMO": 4.00660000000482, "organic_HOMO": -0.46319999999518036, "alignment_type": "IIa"}