{"inorganic_cbm_gamma": 1.7300749999903375, "inorganic_cbm_z": 1.7300749999903375, "inorganic_vbm_gamma": -0.8552250000096625, "inorganic_vbm_z": -0.8552250000096625, "organic_LUMO": 3.3585749999903376, "organic_HOMO": -0.8653250000096625, "alignment_type": "Ia"}