{"inorganic_cbm_gamma": 1.4854500000117348, "inorganic_cbm_z": 1.4854500000117348, "inorganic_vbm_gamma": -0.7470499999882654, "inorganic_vbm_z": -0.7470499999882654, "organic_LUMO": 3.528850000011735, "organic_HOMO": -0.5338499999882653, "alignment_type": "IIa"}