{"inorganic_cbm_gamma": 1.505900000011339, "inorganic_cbm_z": 1.505900000011339, "inorganic_vbm_gamma": -0.7368999999886612, "inorganic_vbm_z": -0.7368999999886612, "organic_LUMO": 3.593200000011339, "organic_HOMO": -0.38219999998866117, "alignment_type": "IIa"}