{"inorganic_cbm_gamma": 1.7736249999973923, "inorganic_cbm_z": 1.7736249999973923, "inorganic_vbm_gamma": -0.6695750000026077, "inorganic_vbm_z": -0.6695750000026077, "organic_LUMO": 4.029924999997393, "organic_HOMO": -1.3193750000026077, "alignment_type": "Ia"}