{"inorganic_cbm_gamma": 1.78217499998766, "inorganic_cbm_z": 1.78217499998766, "inorganic_vbm_gamma": -0.7979250000123401, "inorganic_vbm_z": -0.7979250000123401, "organic_LUMO": 3.32037499998766, "organic_HOMO": -0.5887250000123401, "alignment_type": "IIa"}