{"inorganic_cbm_gamma": 1.6125250000094995, "inorganic_cbm_z": 1.6125250000094995, "inorganic_vbm_gamma": -0.8372749999905005, "inorganic_vbm_z": -0.8372749999905005, "organic_LUMO": 3.4913250000094993, "organic_HOMO": -0.6393749999905005, "alignment_type": "IIa"}