{"inorganic_cbm_gamma": 1.6687999999936205, "inorganic_cbm_z": 1.6687999999936205, "inorganic_vbm_gamma": -0.6650000000063796, "inorganic_vbm_z": -0.6650000000063796, "organic_LUMO": 4.173999999993621, "organic_HOMO": -0.9033000000063796, "alignment_type": "Ia"}