{"inorganic_cbm_gamma": 1.606174999999348, "inorganic_cbm_z": 1.606174999999348, "inorganic_vbm_gamma": -0.716425000000652, "inorganic_vbm_z": -0.716425000000652, "organic_LUMO": 4.047074999999348, "organic_HOMO": -1.982625000000652, "alignment_type": "Ia"}