{"inorganic_cbm_gamma": 1.5938999999987427, "inorganic_cbm_z": 1.5938999999987427, "inorganic_vbm_gamma": -0.38990000000125724, "inorganic_vbm_z": -0.38990000000125724, "organic_LUMO": 4.2060999999987425, "organic_HOMO": -1.3141000000012573, "alignment_type": "Ia"}