{"inorganic_cbm_gamma": 1.8745750000007917, "inorganic_cbm_z": 1.8745750000007917, "inorganic_vbm_gamma": -0.8903249999992084, "inorganic_vbm_z": -0.8903249999992084, "organic_LUMO": 3.9567750000007917, "organic_HOMO": -0.9340249999992083, "alignment_type": "Ia"}