{"inorganic_cbm_gamma": 1.6981249999918508, "inorganic_cbm_z": 1.6981249999918508, "inorganic_vbm_gamma": -0.567675000008149, "inorganic_vbm_z": -0.567675000008149, "organic_LUMO": 4.1465249999918505, "organic_HOMO": -1.062675000008149, "alignment_type": "Ia"}