{"inorganic_cbm_gamma": 1.6991500000092201, "inorganic_cbm_z": 1.6991500000092201, "inorganic_vbm_gamma": -0.58654999999078, "inorganic_vbm_z": -0.58654999999078, "organic_LUMO": 4.2563500000092205, "organic_HOMO": -0.8771499999907799, "alignment_type": "Ia"}