{"inorganic_cbm_gamma": 1.70202499998759, "inorganic_cbm_z": 1.70202499998759, "inorganic_vbm_gamma": -0.5874750000124098, "inorganic_vbm_z": -0.5874750000124098, "organic_LUMO": 4.05712499998759, "organic_HOMO": -1.5183750000124099, "alignment_type": "Ia"}