{"inorganic_cbm_gamma": 1.5127500000006284, "inorganic_cbm_z": 1.4853500000006288, "inorganic_vbm_gamma": -0.7569499999993714, "inorganic_vbm_z": -0.6312499999993714, "organic_LUMO": 0.3873500000006287, "organic_HOMO": -3.5364499999993715, "alignment_type": "IIb"}