{"inorganic_cbm_gamma": 1.8714999999947848, "inorganic_cbm_z": 1.8134999999947845, "inorganic_vbm_gamma": -0.6208000000052154, "inorganic_vbm_z": -0.4991000000052155, "organic_LUMO": 0.25779999999478465, "organic_HOMO": -5.131000000005216, "alignment_type": "IIb"}