{"inorganic_cbm_gamma": 1.8196249999936205, "inorganic_cbm_z": 1.7638249999936204, "inorganic_vbm_gamma": -0.8427750000063795, "inorganic_vbm_z": -0.6394750000063796, "organic_LUMO": 0.17262499999362046, "organic_HOMO": -5.38607500000638, "alignment_type": "IIb"}