{"inorganic_cbm_gamma": 1.834949999993667, "inorganic_cbm_z": 1.7753499999936668, "inorganic_vbm_gamma": -0.909350000006333, "inorganic_vbm_z": -0.678650000006333, "organic_LUMO": 0.012549999993666905, "organic_HOMO": -4.523050000006333, "alignment_type": "IIb"}