{"inorganic_cbm_gamma": 1.446550000000163, "inorganic_cbm_z": 1.446550000000163, "inorganic_vbm_gamma": -0.658349999999837, "inorganic_vbm_z": -0.658349999999837, "organic_LUMO": 2.444550000000163, "organic_HOMO": -1.455849999999837, "alignment_type": "Ia"}