{"inorganic_cbm_gamma": 1.6749749999957624, "inorganic_cbm_z": 1.6749749999957624, "inorganic_vbm_gamma": -0.8529250000042375, "inorganic_vbm_z": -0.8529250000042375, "organic_LUMO": 2.1205749999957626, "organic_HOMO": -1.0126250000042374, "alignment_type": "Ia"}