{"inorganic_cbm_gamma": 1.5943500000016064, "inorganic_cbm_z": 1.5943500000016064, "inorganic_vbm_gamma": -0.5660499999983934, "inorganic_vbm_z": -0.5660499999983934, "organic_LUMO": 2.3102500000016066, "organic_HOMO": -1.1533499999983934, "alignment_type": "Ia"}