{"inorganic_cbm_gamma": 1.49017500000624, "inorganic_cbm_z": 1.49017500000624, "inorganic_vbm_gamma": -0.7759249999937601, "inorganic_vbm_z": -0.7759249999937601, "organic_LUMO": 2.4541750000062397, "organic_HOMO": -1.5502249999937603, "alignment_type": "Ia"}