{"inorganic_cbm_gamma": 1.4895250000121072, "inorganic_cbm_z": 1.4895250000121072, "inorganic_vbm_gamma": -0.7560749999878928, "inorganic_vbm_z": -0.7560749999878928, "organic_LUMO": 2.4197250000121073, "organic_HOMO": -1.5676749999878927, "alignment_type": "Ia"}