{"inorganic_cbm_gamma": 1.8588249999904307, "inorganic_cbm_z": 1.8588249999904307, "inorganic_vbm_gamma": -0.8799750000095694, "inorganic_vbm_z": -0.8799750000095694, "organic_LUMO": 2.014824999990431, "organic_HOMO": -0.8172750000095693, "alignment_type": "IIa"}