{"inorganic_cbm_gamma": 1.4352250000118743, "inorganic_cbm_z": 1.4352250000118743, "inorganic_vbm_gamma": -0.6969749999881256, "inorganic_vbm_z": -0.6969749999881256, "organic_LUMO": 2.6481250000118743, "organic_HOMO": -1.4905749999881257, "alignment_type": "Ia"}