{"inorganic_cbm_gamma": 1.4361499999902678, "inorganic_cbm_z": 1.4361499999902678, "inorganic_vbm_gamma": -0.6789500000097324, "inorganic_vbm_z": -0.6789500000097324, "organic_LUMO": 2.438049999990268, "organic_HOMO": -2.0220500000097323, "alignment_type": "Ia"}