{"inorganic_cbm_gamma": 1.442074999996554, "inorganic_cbm_z": 1.442074999996554, "inorganic_vbm_gamma": -0.7047250000034458, "inorganic_vbm_z": -0.7047250000034458, "organic_LUMO": 2.290374999996554, "organic_HOMO": -1.067525000003446, "alignment_type": "Ia"}