{"inorganic_cbm_gamma": 1.4773500000046567, "inorganic_cbm_z": 1.4773500000046567, "inorganic_vbm_gamma": -0.7101499999953433, "inorganic_vbm_z": -0.7101499999953433, "organic_LUMO": 2.5351500000046565, "organic_HOMO": -1.3973499999953434, "alignment_type": "Ia"}