{"inorganic_cbm_gamma": 1.5394499999960418, "inorganic_cbm_z": 1.5394499999960418, "inorganic_vbm_gamma": -0.7480500000039582, "inorganic_vbm_z": -0.7480500000039582, "organic_LUMO": 2.509849999996042, "organic_HOMO": -1.317350000003958, "alignment_type": "Ia"}