{"inorganic_cbm_gamma": 1.6652749999919207, "inorganic_cbm_z": 1.6652749999919207, "inorganic_vbm_gamma": -0.41032500000807925, "inorganic_vbm_z": -0.41032500000807925, "organic_LUMO": 2.593274999991921, "organic_HOMO": -0.9952250000080791, "alignment_type": "Ia"}