{"inorganic_cbm_gamma": 1.7636749999964842, "inorganic_cbm_z": 1.7636749999964842, "inorganic_vbm_gamma": -0.7434250000035157, "inorganic_vbm_z": -0.7434250000035157, "organic_LUMO": 1.5471749999964843, "organic_HOMO": -0.38672500000351573, "alignment_type": "Ib"}