{"inorganic_cbm_gamma": 1.6567750000093597, "inorganic_cbm_z": 1.6567750000093597, "inorganic_vbm_gamma": -0.5456249999906402, "inorganic_vbm_z": -0.5456249999906402, "organic_LUMO": 2.53737500000936, "organic_HOMO": -1.4419249999906403, "alignment_type": "Ia"}