{"inorganic_cbm_gamma": 1.6187500000026076, "inorganic_cbm_z": 1.6187500000026076, "inorganic_vbm_gamma": -0.02234999999739229, "inorganic_vbm_z": -0.02234999999739229, "organic_LUMO": 2.3475500000026077, "organic_HOMO": -2.1455499999973924, "alignment_type": "Ia"}