{"inorganic_cbm_gamma": 1.8053250000016532, "inorganic_cbm_z": 1.8053250000016532, "inorganic_vbm_gamma": -0.8187749999983469, "inorganic_vbm_z": -0.8187749999983469, "organic_LUMO": 2.562125000001653, "organic_HOMO": -1.250974999998347, "alignment_type": "Ia"}