{"inorganic_cbm_gamma": 1.7301250000052386, "inorganic_cbm_z": 1.7301250000052386, "inorganic_vbm_gamma": -0.6803749999947613, "inorganic_vbm_z": -0.6803749999947613, "organic_LUMO": 2.9305250000052387, "organic_HOMO": -1.1567749999947612, "alignment_type": "Ia"}