{"inorganic_cbm_gamma": 1.736450000000978, "inorganic_cbm_z": 1.736450000000978, "inorganic_vbm_gamma": -0.7922499999990221, "inorganic_vbm_z": -0.7922499999990221, "organic_LUMO": 2.802550000000978, "organic_HOMO": -1.126449999999022, "alignment_type": "Ia"}