{"inorganic_cbm_gamma": 1.8937000000089874, "inorganic_cbm_z": 1.8522000000089873, "inorganic_vbm_gamma": -0.8051999999910128, "inorganic_vbm_z": -0.5141999999910127, "organic_LUMO": 2.174100000008987, "organic_HOMO": -5.369799999991013, "alignment_type": "Ia"}