{"inorganic_cbm_gamma": 1.8644500000016064, "inorganic_cbm_z": 1.8195500000016067, "inorganic_vbm_gamma": -0.8093499999983935, "inorganic_vbm_z": -0.6419499999983934, "organic_LUMO": 0.9621500000016066, "organic_HOMO": -4.860549999998394, "alignment_type": "IIb"}