{"inorganic_cbm_gamma": 1.910349999997555, "inorganic_cbm_z": 1.8358499999975555, "inorganic_vbm_gamma": -0.8042500000024447, "inorganic_vbm_z": -0.6293500000024448, "organic_LUMO": 1.7759499999975552, "organic_HOMO": -5.745150000002445, "alignment_type": "IIb"}