{"inorganic_cbm_gamma": 1.8826750000016998, "inorganic_cbm_z": 1.8284750000016996, "inorganic_vbm_gamma": -0.9410249999983004, "inorganic_vbm_z": -0.7056249999983003, "organic_LUMO": 1.1350750000016996, "organic_HOMO": -5.4601249999983, "alignment_type": "IIb"}