{"inorganic_cbm_gamma": 1.8947499999923632, "inorganic_cbm_z": 1.854249999992363, "inorganic_vbm_gamma": -0.9633500000076368, "inorganic_vbm_z": -0.7811500000076368, "organic_LUMO": 0.9629499999923632, "organic_HOMO": -4.692050000007637, "alignment_type": "IIb"}