{"inorganic_cbm_gamma": 1.8331500000115017, "inorganic_cbm_z": 1.8331500000115017, "inorganic_vbm_gamma": -0.7890499999884981, "inorganic_vbm_z": -0.7890499999884981, "organic_LUMO": 1.0155500000115016, "organic_HOMO": -5.283549999988498, "alignment_type": "IIb"}