{"inorganic_cbm_gamma": 1.7925500000000465, "inorganic_cbm_z": 1.7621500000000467, "inorganic_vbm_gamma": -0.8468499999999535, "inorganic_vbm_z": -0.7457499999999535, "organic_LUMO": 1.3643500000000466, "organic_HOMO": -5.307249999999954, "alignment_type": "IIb"}