{"inorganic_cbm_gamma": 1.8924750000015833, "inorganic_cbm_z": 1.856575000001583, "inorganic_vbm_gamma": -0.9069249999984168, "inorganic_vbm_z": -0.7377249999984168, "organic_LUMO": 1.1818750000015834, "organic_HOMO": -5.150624999998417, "alignment_type": "IIb"}