{"inorganic_cbm_gamma": 1.8676249999943657, "inorganic_cbm_z": 1.8148249999943653, "inorganic_vbm_gamma": -1.0170750000056346, "inorganic_vbm_z": -0.5832750000056345, "organic_LUMO": 1.8676249999943657, "organic_HOMO": -5.130975000005634, "alignment_type": "Ia"}