{"inorganic_cbm_gamma": 1.8608249999960886, "inorganic_cbm_z": 1.8217249999960883, "inorganic_vbm_gamma": -0.9168750000039115, "inorganic_vbm_z": -0.6554750000039116, "organic_LUMO": 2.1921249999960883, "organic_HOMO": -5.162975000003911, "alignment_type": "Ia"}