{"inorganic_cbm_gamma": 1.8448000000008613, "inorganic_cbm_z": 1.8448000000008613, "inorganic_vbm_gamma": -0.8162999999991385, "inorganic_vbm_z": -0.8162999999991385, "organic_LUMO": 0.40730000000086153, "organic_HOMO": -4.0075999999991385, "alignment_type": "IIb"}