{"inorganic_cbm_gamma": 1.8600999999938765, "inorganic_cbm_z": 1.8001999999938767, "inorganic_vbm_gamma": -0.8376000000061234, "inorganic_vbm_z": -0.6552000000061236, "organic_LUMO": 1.8825999999938765, "organic_HOMO": -5.709100000006123, "alignment_type": "Ia"}