{"inorganic_cbm_gamma": 1.8309500000105239, "inorganic_cbm_z": 1.8309500000105239, "inorganic_vbm_gamma": -0.5779499999894762, "inorganic_vbm_z": -0.5779499999894762, "organic_LUMO": 2.4155500000105237, "organic_HOMO": -0.994549999989476, "alignment_type": "Ia"}