{"inorganic_cbm_gamma": 1.7598749999956227, "inorganic_cbm_z": 1.7226749999956228, "inorganic_vbm_gamma": -0.9887250000043772, "inorganic_vbm_z": -0.6246250000043773, "organic_LUMO": 0.7346749999956228, "organic_HOMO": -5.345025000004377, "alignment_type": "IIb"}