{"inorganic_cbm_gamma": 1.9145500000048896, "inorganic_cbm_z": 1.8304500000048893, "inorganic_vbm_gamma": -0.8748499999951106, "inorganic_vbm_z": -0.6843499999951106, "organic_LUMO": 2.1345500000048894, "organic_HOMO": -5.66014999999511, "alignment_type": "Ia"}