{"inorganic_cbm_gamma": 1.9631500000000002, "inorganic_cbm_z": 1.8928500000000001, "inorganic_vbm_gamma": -0.91465, "inorganic_vbm_z": -0.77315, "organic_LUMO": 1.9103500000000002, "organic_HOMO": -5.39315, "alignment_type": "Ia"}