{"inorganic_cbm_gamma": 1.9164000000006984, "inorganic_cbm_z": 1.8775000000006985, "inorganic_vbm_gamma": -0.9087999999993015, "inorganic_vbm_z": -0.7442999999993015, "organic_LUMO": 0.9884000000006985, "organic_HOMO": -4.096299999999301, "alignment_type": "IIb"}