{"inorganic_cbm_gamma": 1.9305750000011175, "inorganic_cbm_z": 1.9197750000011178, "inorganic_vbm_gamma": -1.0135249999988825, "inorganic_vbm_z": -0.7141249999988825, "organic_LUMO": 1.7652750000011177, "organic_HOMO": -5.099724999998882, "alignment_type": "IIb"}