{"inorganic_cbm_gamma": 1.842299999996135, "inorganic_cbm_z": 1.8068999999961348, "inorganic_vbm_gamma": -0.9535000000038649, "inorganic_vbm_z": -0.679400000003865, "organic_LUMO": 1.038299999996135, "organic_HOMO": -4.607100000003864, "alignment_type": "IIb"}