{"inorganic_cbm_gamma": 1.9493250000069848, "inorganic_cbm_z": 1.9493250000069848, "inorganic_vbm_gamma": -0.3986749999930151, "inorganic_vbm_z": -0.3986749999930151, "organic_LUMO": 3.0689250000069848, "organic_HOMO": -1.412174999993015, "alignment_type": "Ia"}