{"inorganic_cbm_gamma": 1.78324999999539, "inorganic_cbm_z": 1.78324999999539, "inorganic_vbm_gamma": -0.8109500000046101, "inorganic_vbm_z": -0.8109500000046101, "organic_LUMO": 2.97234999999539, "organic_HOMO": -0.92735000000461, "alignment_type": "Ia"}