{"inorganic_cbm_gamma": 1.7673250000104541, "inorganic_cbm_z": 1.7673250000104541, "inorganic_vbm_gamma": -0.6560749999895459, "inorganic_vbm_z": -0.6560749999895459, "organic_LUMO": 2.897225000010454, "organic_HOMO": -1.4065749999895458, "alignment_type": "Ia"}