{"inorganic_cbm_gamma": 2.071350000009057, "inorganic_cbm_z": 2.071350000009057, "inorganic_vbm_gamma": -0.9140499999909428, "inorganic_vbm_z": -0.9140499999909428, "organic_LUMO": 2.501950000009057, "organic_HOMO": -0.2902499999909429, "alignment_type": "IIa"}