{"inorganic_cbm_gamma": 1.535424999994645, "inorganic_cbm_z": 1.535424999994645, "inorganic_vbm_gamma": -0.5532750000053551, "inorganic_vbm_z": -0.5532750000053551, "organic_LUMO": 3.7174249999946447, "organic_HOMO": -1.5498750000053552, "alignment_type": "Ia"}