{"inorganic_cbm_gamma": 1.8017249999959255, "inorganic_cbm_z": 1.8017249999959255, "inorganic_vbm_gamma": -0.8298750000040745, "inorganic_vbm_z": -0.8298750000040745, "organic_LUMO": 2.7241249999959254, "organic_HOMO": -1.2327750000040745, "alignment_type": "Ia"}