{"inorganic_cbm_gamma": 1.5303500000030268, "inorganic_cbm_z": 1.5303500000030268, "inorganic_vbm_gamma": -0.6219499999969732, "inorganic_vbm_z": -0.6219499999969732, "organic_LUMO": 3.560050000003027, "organic_HOMO": -1.1124499999969732, "alignment_type": "Ia"}