{"inorganic_cbm_gamma": 1.7471250000001164, "inorganic_cbm_z": 1.7471250000001164, "inorganic_vbm_gamma": -0.9160749999998836, "inorganic_vbm_z": -0.9160749999998836, "organic_LUMO": 3.1905250000001164, "organic_HOMO": -0.6198749999998836, "alignment_type": "IIa"}