{"inorganic_cbm_gamma": 1.6798500000100816, "inorganic_cbm_z": 1.6798500000100816, "inorganic_vbm_gamma": -0.8056499999899185, "inorganic_vbm_z": -0.8056499999899185, "organic_LUMO": 2.6524500000100817, "organic_HOMO": -1.3325499999899184, "alignment_type": "Ia"}