{"height": 9.376745746550695, "width": 3.1774286017787716, "length": 5.1699950906036225}