{"height": 8.833344180144408, "width": 3.2586046050577657, "length": 3.283377606246993}