{"height": 11.092407219048194, "width": 3.7465224005310276, "length": 4.45889495926377}