{"height": 6.647095581849031, "width": 2.8137180446218113, "length": 4.005445733216486}