{"height": 8.10696713677147, "width": 3.2396089219559636, "length": 3.446840791805381}