{"height": 8.858127569945296, "width": 3.3885962798346068, "length": 3.8619892392732353}