{"height": 11.538220195128256, "width": 3.5273963904478745, "length": 5.377377514668002}