{"height": 6.997915673453633, "width": 2.9565596307537687, "length": 4.2644199931186755}