{"height": 7.709471585799049, "width": 2.701334873848247, "length": 3.545598553011428}