{"height": 6.8035325626038095, "width": 2.813319282090367, "length": 3.7610936985188}