{"height": 6.811447289296666, "width": 1.7853478801976332, "length": 4.923786788935217}