{"height": 7.957512464419496, "width": 2.7750017727444334, "length": 4.340143076730317}