{"height": 8.050877619212715, "width": 2.6565230058546945, "length": 4.443439115811286}