{"height": 9.369248008612573, "width": 3.139498076650101, "length": 4.014329157294217}