{"height": 9.223144409629167, "width": 2.6383444857890135, "length": 5.403623571469813}