{"height": 9.375568275966835, "width": 3.4054528196884752, "length": 4.399702720663029}