{"height": 8.026886198810853, "width": 2.3174763660419786, "length": 4.238870099123193}