{"height": 9.251079884133585, "width": 2.9425827972617222, "length": 4.920740922609577}