{"height": 9.184815738152935, "width": 3.018931580106437, "length": 4.669502596208213}