{"height": 7.104984696846836, "width": 2.9424260903003785, "length": 5.127147301134467}