{"height": 11.491742797706294, "width": 3.537178797669182, "length": 5.280118860676778}