{"height": 10.14371842333788, "width": 2.570007576388342, "length": 5.456023390408253}