{"height": 7.042319378733955, "width": 2.260392380668666, "length": 4.1933894934271265}