{"height": 11.148590964942198, "width": 3.625259353763326, "length": 4.685512214546728}