{"height": 8.872435963527249, "width": 3.404153685939322, "length": 4.797772713214278}