{"height": 8.858258173675239, "width": 3.4932881032735006, "length": 4.9110401491099545}