{"height": 6.956299932690954, "width": 1.7938329516706402, "length": 4.744987995995416}