{"height": 6.70315807812076, "width": 2.8043036130402044, "length": 3.8395597497666385}