{"height": 12.934727071128581, "width": 4.556620725754257, "length": 5.074174737339447}