{"height": 13.680735116745549, "width": 3.7580803569504457, "length": 6.0426219523425555}