{"height": 13.486165146916045, "width": 4.406118541700108, "length": 4.435822224691909}