{"height": 12.99413524304659, "width": 4.020702164827894, "length": 4.966834093990503}