{"height": 12.958024218009534, "width": 4.974088555237573, "length": 4.938424005865883}