{"height": 12.975514457427673, "width": 3.7495881430676175, "length": 4.474284047096637}