{"height": 13.167869623324497, "width": 3.9731273065781094, "length": 5.899720472390554}