{"height": 12.877004486735625, "width": 4.526137297260723, "length": 5.515308879158292}