{"height": 12.973824867831937, "width": 4.224954840871395, "length": 5.116248720540312}