{"height": 13.522605737561612, "width": 3.8973281789058127, "length": 4.868606140733172}