{"height": 7.494748328020199, "width": 2.8751734190962566, "length": 5.022718806740627}