{"height": 8.685223295715073, "width": 3.5343474627798295, "length": 4.635561711757768}