{"height": 6.06913844077763, "width": 1.6595488977359665, "length": 4.979222757623183}