{"height": 12.56447154633143, "width": 4.75535044243937, "length": 5.352834717606851}