{"height": 11.47987426930997, "width": 3.6214767413287228, "length": 6.195295968334784}