{"height": 12.717770239527626, "width": 3.7549739388422463, "length": 5.656475130993414}