{"height": 6.454076856751472, "width": 1.4453286618098624, "length": 4.331560101301504}