{"height": 9.30439774537473, "width": 3.553211740074306, "length": 4.379066548089367}