{"height": 9.344987505377025, "width": 2.955533420809677, "length": 4.88519942416161}