{"height": 8.04753530040347, "width": 2.829610163647618, "length": 4.626599953009825}