{"height": 9.445170192865024, "width": 2.862292819017867, "length": 4.84311498026277}