{"height": 9.516591151616373, "width": 3.2713373672913977, "length": 5.1906855701186965}