{"height": 11.413205085399273, "width": 3.4544061480338706, "length": 5.068688341911784}