{"height": 11.499550348696957, "width": 3.5447832973512345, "length": 6.353536834836829}