{"height": 11.453165407607226, "width": 3.019950792212093, "length": 5.250282879007514}