{"height": 11.069723116525001, "width": 3.6388439067648135, "length": 4.949756799698259}