{"height": 13.7131780308931, "width": 3.6651887338176863, "length": 5.987761922868419}