{"height": 17.740363885681326, "width": 3.5272259014058758, "length": 4.606019202097687}