{"height": 12.545914635389225, "width": 3.592252996483563, "length": 5.273689794717046}