{"height": 6.635938225892939, "width": 2.7440240222536523, "length": 3.9482063968251335}