{"height": 13.523791354322633, "width": 3.9008494121153445, "length": 3.816811884962841}