{"height": 16.22347895577243, "width": 3.762041252111591, "length": 4.771631111578644}