{"height": 19.995305130206056, "width": 3.76929406750123, "length": 5.324699433822058}