{"height": 22.043136652779758, "width": 4.588849229472022, "length": 4.855882709672681}