{"height": 15.954727125715722, "width": 3.718958146172941, "length": 6.506896524142304}