{"height": 6.994309310501844, "width": 2.137313190019046, "length": 3.9898659927466626}