{"height": 8.638980611129412, "width": 3.4890774239759916, "length": 3.5547420023779175}