{"height": 8.902662311312017, "width": 2.8831796608072002, "length": 4.748338121612633}