{"height": 9.30871863304317, "width": 1.7947960623427022, "length": 4.839750852709164}