{"height": 8.902852775260586, "width": 2.73669268724299, "length": 4.934894096122525}