{"height": 6.672744485265849, "width": 1.7944998261650782, "length": 4.867420462971577}