{"height": 9.219943270573559, "width": 3.1740702085872528, "length": 4.060756330715335}