{"height": 8.968360106361324, "width": 2.7858300199928654, "length": 4.02355063958288}