{"height": 8.87681829350811, "width": 3.495583870893407, "length": 3.9115314297123103}