{"height": 8.66143343004093, "width": 3.4199652483059646, "length": 3.8639839949953947}