{"height": 8.805704522237928, "width": 3.0764632090105355, "length": 4.169149686223632}