{"height": 11.078486061903828, "width": 3.1518209707816895, "length": 4.816110490543946}