{"height": 11.187748029661826, "width": 3.7325924133775823, "length": 5.005319401013627}