{"height": 8.891239883379821, "width": 2.6795731601447805, "length": 4.846875873277101}