{"height": 11.964510528125837, "width": 3.7811271105803277, "length": 4.897631780300406}