{"height": 15.906926804631215, "width": 2.7805945346245453, "length": 5.228337211107599}