{"height": 13.875167370241062, "width": 3.9000166575204056, "length": 5.086330093991446}