{"height": 19.246372487515625, "width": 4.01988569675635, "length": 4.927974655318144}