{"height": 12.221808171990345, "width": 3.8034711964205905, "length": 4.780129447108919}