{"height": 18.662340171261917, "width": 2.934941601178627, "length": 5.664046901263178}