{"height": 13.497776932812268, "width": 3.4966861155410305, "length": 5.9736781322895816}