{"height": 15.858485436871678, "width": 3.2482119039239348, "length": 5.017338572151933}