{"height": 12.07688197245852, "width": 2.7405539680905515, "length": 3.9503639426483086}