{"height": 11.13321812347447, "width": 2.8183174912981936, "length": 6.859658465734905}