{"height": 5.204002569334615, "width": 1.6606898835409716, "length": 3.6717738354259395}