{"height": 5.610813569750474, "width": 1.443615305604119, "length": 4.3351237351601055}