{"height": 8.030380841640728, "width": 2.846220713701202, "length": 4.690705541088771}