{"height": 7.82468017358906, "width": 2.4381085088635084, "length": 4.213140788130992}