{"height": 13.077730965428188, "width": 3.1402558770389257, "length": 4.034897593872831}