{"height": 10.972661865053684, "width": 2.7695793594301965, "length": 4.323382884605147}