{"height": 26.11219314591726, "width": 3.5702719691362237, "length": 4.822001857684773}