{"height": 11.03911254635397, "width": 2.8230927988620578, "length": 3.8132611822686338}