{"height": 20.98016549044572, "width": 3.770415523575463, "length": 5.054895125616053}