{"height": 13.779218471490712, "width": 1.4673524793712733, "length": 6.486244074188739}