{"height": 13.180188141602544, "width": 1.580723178926673, "length": 5.869978608784353}