{"height": 18.337221857415415, "width": 3.3719925570031837, "length": 4.704421255464525}