{"height": 11.294605085176727, "width": 2.918347023561467, "length": 4.179232047325566}