{"height": 7.702542740778223, "width": 1.6796440591376811, "length": 7.2053338817444486}