{"height": 28.83318764381435, "width": 3.153262866927136, "length": 5.012517150937427}