{"height": 13.609191245163448, "width": 1.683022104362771, "length": 9.162344038698254}