{"height": 24.624643348281623, "width": 3.442941338581197, "length": 6.019018789247496}