{"height": 9.019917636332682, "width": 3.248313345452557, "length": 4.041650405589756}