{"height": 12.993169715945346, "width": 3.552616215925111, "length": 4.460955088708909}