{"height": 8.838023490664675, "width": 3.4420100667402576, "length": 4.160403286029479}