{"height": 11.104047841194665, "width": 3.78628333089883, "length": 5.205758294662948}