{"height": 8.984940218672634, "width": 2.971453545181955, "length": 4.16226758950561}