{"height": 7.569956028709334, "width": 2.7734898866614355, "length": 3.9984304454234403}