{"height": 14.333136695595833, "width": 1.6856660431625832, "length": 5.686630564090737}