{"height": 14.47172411677816, "width": 2.8453512811056685, "length": 5.703517111619405}