{"height": 13.518854122831893, "width": 3.9081522478422266, "length": 4.042688447724737}