{"height": 16.239198558754225, "width": 1.9335692770361168, "length": 6.71963996234342}