{"height": 12.570180142975424, "width": 3.819289662859982, "length": 4.596921196320993}