{"height": 18.323664821823723, "width": 3.796593291398642, "length": 6.737588817950062}