{"height": 21.989803328615608, "width": 3.2359236803817932, "length": 5.745272210675511}