{"height": 12.547451129277949, "width": 3.0272344800187483, "length": 4.333752965868779}