{"height": 17.839001229066035, "width": 3.6243917542172737, "length": 5.463663300023983}