{"height": 7.051066597355108, "width": 2.320857679964456, "length": 5.35545361841544}