{"height": 12.962172511775591, "width": 3.8018805850458, "length": 4.669654505545809}