{"height": 12.954737554874995, "width": 3.626959645418807, "length": 4.442121393316925}