{"height": 10.064217203174012, "width": 2.7997714885973686, "length": 4.335584996223107}