{"height": 6.825661796682825, "width": 2.789510359606054, "length": 5.490146011450676}