{"height": 7.055109611977415, "width": 3.9028612669822382, "length": 4.291924414913057}