{"height": 9.397007300241334, "width": 5.729759640298263, "length": 4.222426128873216}