{"height": 9.382037408246713, "width": 4.438605280727684, "length": 4.116742007012398}