{"height": 8.816517090316543, "width": 3.264068999007438, "length": 4.463923494513832}