{"height": 11.281871973662849, "width": 3.673909609772916, "length": 4.596367165997895}