{"height": 9.971082790216656, "width": 2.970720579959523, "length": 3.622171512887908}