{"height": 8.935561618744508, "width": 4.365467835065576, "length": 3.8086979567115593}