{"height": 13.081648550617912, "width": 2.9170968380426907, "length": 4.157458494400246}