{"height": 12.08150516634514, "width": 3.6462825639437106, "length": 5.432223775680127}