{"height": 18.227162810359438, "width": 3.749678706992569, "length": 5.7399399647065055}