{"height": 18.313145569220964, "width": 3.971084623516075, "length": 4.93852463027488}