{"height": 23.863918549763092, "width": 3.8624528563407496, "length": 4.780400803319054}