{"height": 15.874208140306225, "width": 3.826295770819177, "length": 4.220799801805319}