{"height": 10.933055001145199, "width": 2.976735381622406, "length": 4.39698481032666}