{"height": 10.68422087833784, "width": 2.6435032837945363, "length": 4.247400594054028}