{"height": 12.683154704509327, "width": 3.250461979747543, "length": 4.296679512201082}