{"height": 10.55786328160736, "width": 2.69297135823127, "length": 4.283306173102504}