{"height": 13.563146048180403, "width": 3.596270396123474, "length": 5.4057969243960535}