{"height": 10.464191360017978, "width": 3.523738090164623, "length": 5.4226870335800355}