{"height": 12.470243804113025, "width": 3.8076387256858526, "length": 4.868571449122113}