{"height": 11.008198722167647, "width": 3.7472703603925734, "length": 3.5197790621324745}