{"height": 12.714867449075534, "width": 3.782449472943696, "length": 4.665870012720206}