{"height": 12.520678791395902, "width": 3.8344576885775137, "length": 4.782037824336562}