{"height": 10.315725807448196, "width": 3.6356633079497027, "length": 4.818092751193388}