{"height": 12.814926781983067, "width": 4.025220339227553, "length": 4.151250580900748}