{"height": 9.624272698971936, "width": 3.579453961424001, "length": 4.2652326627500035}