{"height": 12.652997337132064, "width": 3.7843603373212518, "length": 5.045492791499406}