{"height": 12.420130299122157, "width": 3.7463244360466756, "length": 5.307016373967102}