{"height": 10.0611847111158, "width": 3.2661565909455152, "length": 4.0388393364877935}