{"height": 8.934212781452516, "width": 4.235871396869008, "length": 4.003731685154527}