{"height": 8.827738025560887, "width": 4.249043545800516, "length": 4.414989142909505}