{"height": 9.784748010950294, "width": 3.1301068405028403, "length": 5.188206636333488}