{"height": 7.5545834009090616, "width": 2.851131575647923, "length": 3.911926396571726}