{"height": 10.000652048843428, "width": 3.241815000136296, "length": 3.842455670804215}