{"height": 16.855516611066307, "width": 4.089774683818122, "length": 4.483859016440469}