{"height": 8.943508141675842, "width": 2.9216154695219516, "length": 3.472151426969191}