{"height": 7.847974355949313, "width": 3.4078969102838483, "length": 4.401116732588991}