{"height": 7.6072869985444935, "width": 2.8485411907696347, "length": 4.177557353599438}