{"height": 14.990352159074693, "width": 4.044864923598005, "length": 5.146061776403147}