{"height": 13.42152245424484, "width": 3.68794139810518, "length": 4.907892997090913}