{"height": 14.545910330618371, "width": 3.712109872147579, "length": 3.8233175060950497}