{"height": 15.570713169559, "width": 4.0109475583038625, "length": 5.313802740731283}