{"height": 13.464384438008173, "width": 3.714724033207313, "length": 4.183179856359712}