{"height": 13.523549331638703, "width": 5.0483392686084265, "length": 3.953087516310309}