{"height": 13.50112745479422, "width": 3.465935255815574, "length": 4.273525136698709}