{"height": 12.195389218159349, "width": 2.8893480235927838, "length": 4.236858975326209}