{"height": 16.92976640121239, "width": 3.793720169044794, "length": 4.735903191945897}