{"height": 12.517022649175228, "width": 4.314673104832699, "length": 5.048798233361174}