{"height": 15.31708787333747, "width": 3.9953054437623443, "length": 5.425598642237679}