{"height": 14.490077220958078, "width": 3.8588284044779826, "length": 5.202875502422934}