{"height": 16.53562178882686, "width": 3.8680892465888377, "length": 5.894503526718797}