{"height": 13.999089458796359, "width": 3.6980389655556163, "length": 4.537975484346941}