{"height": 11.602855868483662, "width": 2.7878945709261838, "length": 4.285239113912317}