{"height": 14.997265364565303, "width": 3.4987720748878313, "length": 5.3732890101035276}