{"height": 13.772548238828904, "width": 3.5359743156115964, "length": 4.551092121337379}