{"height": 16.553164714296088, "width": 3.2697844521150414, "length": 5.06284384195194}