{"height": 16.645539219338225, "width": 3.9126985536671555, "length": 5.384145138909255}