{"height": 16.520798525617984, "width": 3.820493375697168, "length": 5.021666672281102}