{"height": 12.992909665833942, "width": 3.57069035999805, "length": 4.227605920306835}