{"height": 12.432480073992078, "width": 2.906281048155274, "length": 4.361963229297392}