{"height": 12.89010052410477, "width": 3.826251737955186, "length": 4.346630084532197}