{"height": 12.666763647414996, "width": 3.827256851543126, "length": 4.9763027641009705}