{"height": 12.719065936967791, "width": 3.704527172473772, "length": 4.680254169348046}