{"height": 12.650671793561132, "width": 3.6644179616243067, "length": 4.608392855642181}