{"height": 11.68819154434368, "width": 2.9984562468813207, "length": 4.568901763377171}