{"height": 12.918956766504577, "width": 3.500567652429832, "length": 4.236922784234657}