{"height": 12.904334681469848, "width": 2.922955937447978, "length": 4.8630329159145385}