{"height": 10.584900514103698, "width": 4.702976654418665, "length": 3.7050561103343482}