{"height": 15.053569519397287, "width": 4.366654972676637, "length": 5.220874779686009}