{"height": 15.215250153956584, "width": 3.8573238837153814, "length": 4.833879686264636}