{"height": 16.943531818414407, "width": 3.94306151170991, "length": 5.138685888857153}