{"height": 12.971687840252581, "width": 4.33983718384586, "length": 4.458847543634615}