{"height": 14.429814585991767, "width": 4.392573853300204, "length": 5.180832017163446}