{"height": 15.227956399010637, "width": 3.928798918468797, "length": 4.030933732715287}