{"height": 13.082411210446846, "width": 4.339456932298119, "length": 4.419585369192122}