{"height": 16.695849654901483, "width": 3.897774120476302, "length": 5.6461634761991055}