{"height": 16.722685477574032, "width": 3.971029713942005, "length": 5.11218131608018}