{"height": 16.14186850103647, "width": 4.4557065356056835, "length": 5.025954921434937}