{"height": 10.6352448336769, "width": 2.9226348379126756, "length": 4.346224809884967}