{"height": 11.541170678418194, "width": 3.202822905822842, "length": 4.370705549224277}