{"height": 14.02273497932702, "width": 3.71160484323477, "length": 4.385380378287518}