{"height": 12.951407447184575, "width": 3.5932051437918267, "length": 4.598706706927535}