{"height": 12.361564466181253, "width": 2.978643530991336, "length": 4.549335625777033}