{"height": 13.26807710407126, "width": 2.949679593519397, "length": 4.2187951782186675}