{"height": 13.991343585294086, "width": 3.8097783299526284, "length": 4.5147584754658325}