{"height": 12.93419583523862, "width": 3.667100288656724, "length": 4.808292869708945}