{"height": 11.885387029794272, "width": 3.00304920759937, "length": 4.575259426950587}