{"height": 12.312857366422772, "width": 2.863256524945765, "length": 6.556142148497566}