{"height": 11.363597229035392, "width": 4.313862799437814, "length": 5.05036063885489}