{"height": 12.526245745254263, "width": 3.5663974451609084, "length": 4.958954271301634}