{"height": 12.953899397528069, "width": 5.030127246616721, "length": 4.518280929781901}