{"height": 12.883609162544776, "width": 3.9567075961017144, "length": 4.175568345648596}