{"height": 10.04395014520766, "width": 3.624108218768515, "length": 6.055162208110145}