{"height": 12.945191464601539, "width": 3.575736876763191, "length": 5.901172929213201}