{"height": 12.9142343620504, "width": 4.795510045268592, "length": 4.441146708556167}