{"height": 12.830554775280902, "width": 3.58450018857277, "length": 4.4193085129766505}