{"height": 13.509972682710508, "width": 3.831906014386533, "length": 5.108353359034607}