{"height": 10.915966495259635, "width": 3.772763158639277, "length": 4.741323090393799}