{"height": 11.530807094407043, "width": 4.858121371043975, "length": 5.270860098642474}