{"height": 11.517964657137192, "width": 2.9455290800612035, "length": 5.429696800754963}