{"height": 13.505697472321767, "width": 3.865736694458357, "length": 4.824858542793294}