{"height": 13.046830199882052, "width": 3.63273973303747, "length": 4.834059850359594}