{"height": 14.919101970990075, "width": 3.7558941665554197, "length": 5.770688461730543}