{"height": 13.396605621669032, "width": 3.5618326177312225, "length": 4.529832251458584}