{"height": 11.409067086299219, "width": 3.6274189325699995, "length": 5.368105226436765}