{"height": 14.342486481583187, "width": 3.7768064201169764, "length": 4.875071345678845}