{"height": 11.011964665632984, "width": 3.009888426720945, "length": 5.517331862125599}