{"height": 11.502934397292833, "width": 3.4908764740815506, "length": 5.504125748947091}