{"height": 12.25340555006375, "width": 3.2900803819117437, "length": 4.730812558906623}