{"height": 9.050877503801296, "width": 2.719415601571774, "length": 4.783486824050714}