{"height": 11.150093244238384, "width": 4.154565910101233, "length": 4.5591041196788975}