{"height": 9.938428912558486, "width": 2.794166920131845, "length": 4.85846576751006}