{"height": 11.98714867164972, "width": 3.489673479259908, "length": 5.222602443440682}