{"height": 11.303340532305446, "width": 3.0127462631427533, "length": 4.900377792835295}