{"height": 11.149204265274399, "width": 2.838608209404016, "length": 4.527837362581488}