{"height": 11.12510502731821, "width": 3.4057060785830546, "length": 4.019909023580464}