{"height": 9.90670649685578, "width": 2.723228725109593, "length": 4.732753323417526}