{"height": 9.254026493256667, "width": 2.91365799731829, "length": 5.8735714721763905}