{"height": 11.098662893106354, "width": 4.783176527744064, "length": 4.7683049649753375}