{"height": 7.043272234880671, "width": 2.3408899254342024, "length": 4.369797289482166}