{"height": 11.203488897006466, "width": 3.59633855341199, "length": 4.90779676990792}