{"height": 10.301789735188983, "width": 3.105663421959814, "length": 5.054907324980392}