{"height": 10.884671790517434, "width": 3.6804822050412036, "length": 4.812092597302202}