{"height": 11.382274268973882, "width": 3.736190961487133, "length": 4.578796314045563}