{"height": 11.380135329229049, "width": 3.6103027179517357, "length": 4.8341507095223974}