{"height": 7.08743119929594, "width": 2.503482268465564, "length": 4.206173828085667}