{"height": 11.143446310645587, "width": 4.561357107209831, "length": 5.204269639805725}