{"height": 7.082368100149102, "width": 2.7906731495096047, "length": 4.593410687807957}