{"height": 10.5003872603107, "width": 4.307403788991845, "length": 4.18783983852558}