{"height": 10.576608085153405, "width": 3.609467342201963, "length": 4.259343936935613}