{"height": 10.518560227394147, "width": 3.208248951805232, "length": 4.4357191988181075}