{"height": 10.228111128371967, "width": 2.828427252287093, "length": 4.605946613984861}