{"height": 7.889972380173618, "width": 1.7953998128964526, "length": 4.728680285579653}