{"height": 9.317553677025074, "width": 3.83878764703671, "length": 4.526714115338839}