{"height": 10.293780728114449, "width": 2.868907992691204, "length": 4.614332708903849}