{"height": 10.53089600245198, "width": 4.25521580026855, "length": 4.183225856920662}