{"height": 10.515101484858913, "width": 2.715189575436348, "length": 4.496853418016576}