{"height": 8.996839550942397, "width": 2.5214942724462666, "length": 4.2754439813855605}