{"height": 9.17356378680247, "width": 3.689770093788136, "length": 5.1465685076782695}