{"height": 8.753407487593384, "width": 3.539122444898082, "length": 4.896094278041939}