{"height": 8.034753364548479, "width": 3.990726229788968, "length": 4.3828533726295635}