{"height": 9.096676116192306, "width": 2.8753199290027274, "length": 4.738557966759425}