{"height": 9.341929239306344, "width": 2.749266150560791, "length": 4.820761591789504}