{"height": 8.894928702122023, "width": 3.4066974086413495, "length": 4.868826394720956}