{"height": 8.588716912912574, "width": 3.513086843271418, "length": 4.820208199876268}