{"height": 9.18596000284926, "width": 4.230155289375391, "length": 4.636210430305754}