{"height": 8.879907574630113, "width": 1.949801444765177, "length": 4.175122042503775}