{"height": 8.707365712062982, "width": 3.715285806756347, "length": 5.5092754328476055}