{"height": 16.280098458958378, "width": 3.9360459946171096, "length": 4.773118225595688}