{"height": 15.387902839094604, "width": 3.7482232575837946, "length": 6.494528565655893}