{"height": 9.382957244993587, "width": 4.328470459747183, "length": 4.4247727020335645}