{"height": 16.69624888134826, "width": 4.044798727109758, "length": 5.34640981182446}