{"height": 16.22445093726357, "width": 3.9332969693547817, "length": 5.211642889090713}