{"height": 9.326351264366135, "width": 4.315026382381621, "length": 4.74178489308032}