{"height": 15.95756624798674, "width": 3.970008166273246, "length": 5.535505175084332}