{"height": 5.361283925892582, "width": 1.6505902203696294, "length": 3.512049812507979}