{"height": 6.704550728173206, "width": 2.7402368691944496, "length": 3.544915546932933}