{"height": 6.826295667942716, "width": 1.7898741588874507, "length": 3.759224211409851}