{"height": 15.823459258292235, "width": 4.158175216901618, "length": 5.08801198253255}