{"height": 16.790966450088867, "width": 3.96381985316334, "length": 4.2472858414906565}