{"height": 16.63454398406533, "width": 3.9852506520758033, "length": 4.851501438262741}