{"height": 16.327243339124607, "width": 3.926103833953216, "length": 4.806245334828337}