{"height": 16.24416522526269, "width": 3.894896074438452, "length": 4.8970051144292785}