{"height": 15.503017567293202, "width": 4.129844575591144, "length": 4.773207682355805}