{"height": 15.125735716553415, "width": 3.9346235292440532, "length": 5.762149096660684}