{"height": 16.531373045284283, "width": 3.834765974713246, "length": 5.186720823274957}