{"height": 15.926417365977473, "width": 3.7056913729358403, "length": 5.089420402871383}