{"height": 16.552785629866236, "width": 3.9470595853949018, "length": 5.53267714039504}