{"height": 15.721282705057348, "width": 3.7276326743199855, "length": 5.9079786271698636}