{"height": 15.66463094557584, "width": 3.9669346928135036, "length": 5.45612811262778}