{"height": 6.563312579140843, "width": 2.79194254786678, "length": 3.397809789183293}