{"height": 5.22090917354479, "width": 1.6435129446950354, "length": 4.257038520394907}