{"height": 6.812905465494108, "width": 1.78457986331553, "length": 3.06216826335693}