{"height": 6.735965293280756, "width": 1.7847633505943963, "length": 3.5832241909853915}