{"height": 6.102815468522213, "width": 2.745784196849293, "length": 3.9084558300927092}