{"height": 21.069503567921934, "width": 4.564735199156413, "length": 5.306597483643523}