{"height": 21.535459333665223, "width": 4.282658452329574, "length": 4.913305642825116}