{"height": 20.475028974385673, "width": 4.036910533576493, "length": 6.155741638530843}