{"height": 20.861468523074144, "width": 4.203575240805723, "length": 5.365915090793575}