{"height": 15.774828067074957, "width": 3.161572417115023, "length": 4.01906118709222}