{"height": 16.22850569984653, "width": 3.2417926074332697, "length": 6.310364271155788}