{"height": 15.070864763994308, "width": 3.506462450485971, "length": 4.4925955946708385}