{"height": 20.473914629309533, "width": 3.9343638359180675, "length": 6.246441411131116}