{"height": 15.875604158816328, "width": 3.9688594773594796, "length": 5.8177066427431665}