{"height": 17.109559156225757, "width": 3.771953305782168, "length": 5.147769859726175}