{"height": 20.33632870610203, "width": 3.8950550798482664, "length": 5.612016293682573}