{"height": 20.53259583216189, "width": 3.9187894539203123, "length": 4.902771069688551}