{"height": 20.94584198025487, "width": 4.443156665979344, "length": 5.65123043327927}