{"height": 15.11886440501392, "width": 3.6599176470375143, "length": 4.48722250553832}