{"height": 15.169249160104314, "width": 3.9036733421445837, "length": 4.91278916932161}