{"height": 13.935314577061362, "width": 3.285181655323515, "length": 5.020913121359278}