{"height": 13.230261804353603, "width": 3.744807326852577, "length": 5.018375055606146}