{"height": 5.693430358741345, "width": 1.543395537305837, "length": 4.325358118496395}