{"height": 5.545343271304654, "width": 1.6834694180625696, "length": 4.283780152640904}