{"height": 6.940985684387061, "width": 1.7936575298682822, "length": 4.994686383045076}