{"height": 6.979129990150774, "width": 1.7926594560885138, "length": 4.965665496435438}