{"height": 7.001724777997234, "width": 1.792707794577606, "length": 4.753157714358947}