{"height": 6.539550521051709, "width": 2.7442430139878935, "length": 4.861959126372465}