{"height": 6.992177759495659, "width": 1.7901400296644416, "length": 3.7947165976723056}