{"height": 7.149251536286869, "width": 1.7877365700773717, "length": 4.271137439630236}