{"height": 7.113087775521429, "width": 2.2593159687702995, "length": 4.166606414393401}