{"height": 7.122828055978715, "width": 2.757078365591916, "length": 4.618590229962258}