{"height": 11.15590847073495, "width": 3.5235684899098447, "length": 4.9570016864243405}