{"height": 11.141239400963181, "width": 3.627428227583062, "length": 5.56660202989228}