{"height": 11.197074848278493, "width": 3.5837306670502995, "length": 5.69090723653741}