{"height": 8.016055607700588, "width": 2.6422284595771357, "length": 5.440743833801151}