{"height": 7.239363820925227, "width": 2.4671487520500666, "length": 5.057337333475019}