{"height": 10.529646712905972, "width": 2.912821606453602, "length": 5.3017568872380965}