{"height": 8.034751729816097, "width": 2.505759452792308, "length": 5.4491024492610425}