{"height": 10.076179468436717, "width": 3.200815929751805, "length": 5.570649021399318}