{"height": 8.564274523323586, "width": 3.6546443447030423, "length": 4.901148144339515}