{"height": 9.392582343646481, "width": 3.371492946392273, "length": 5.479187553115617}