{"height": 9.364497105941822, "width": 3.40007990239042, "length": 5.509145278486093}