{"height": 9.371748253392536, "width": 3.4419685119168237, "length": 5.295610704077511}