{"height": 9.165913365864185, "width": 2.9943076189005575, "length": 5.70774200615544}