{"height": 9.149192622888098, "width": 2.964820262095535, "length": 5.614201992051602}