{"height": 9.184176134426169, "width": 2.2777099357758708, "length": 5.804720921732664}