{"height": 9.12581858123503, "width": 3.0833161370961784, "length": 5.361455562128937}