{"height": 8.677910091907975, "width": 3.532465405682629, "length": 5.4083590672899415}