{"height": 6.930594623284575, "width": 2.7281896694816385, "length": 5.213935615777288}