{"height": 9.386248538298059, "width": 4.357751065754388, "length": 5.200529608179508}