{"height": 9.384602833201809, "width": 3.181299980316547, "length": 6.309101888396252}