{"height": 9.389957504305457, "width": 3.1525738698186654, "length": 6.280615589668992}