{"height": 9.38693761793752, "width": 4.443250568363329, "length": 5.160789691321891}