{"height": 9.401115854573877, "width": 3.360018373966177, "length": 5.243996049689881}