{"height": 14.672284326288537, "width": 3.259654476472063, "length": 5.275688757739786}