{"height": 5.278466660770491, "width": 1.6648461092303348, "length": 3.331288433200868}