{"height": 6.782470541076354, "width": 1.7863294239651761, "length": 2.7987368334561333}