{"height": 5.323928416993635, "width": 1.6506761427916414, "length": 3.500345199567803}