{"height": 6.30858781097788, "width": 2.6478310668198146, "length": 3.582139236581364}