{"height": 6.5579893442645245, "width": 1.787150287859442, "length": 3.7288283838921985}