{"height": 15.14012950307038, "width": 3.644968017649828, "length": 5.366863264860859}