{"height": 14.99069345025892, "width": 3.8380238347200413, "length": 4.24373435106796}