{"height": 13.935284996855582, "width": 3.700663073098894, "length": 4.484460981104231}