{"height": 14.955104524764721, "width": 3.0749010531277854, "length": 4.939376295407827}