{"height": 14.86497189408416, "width": 3.0178876876704948, "length": 5.0655301776977275}