{"height": 14.548142091997672, "width": 3.0844063727160145, "length": 5.531484555422747}