{"height": 5.025220858820154, "width": 1.6513094269089783, "length": 2.942909922700024}