{"height": 5.196873626752591, "width": 1.6596395857787818, "length": 3.574911591068874}