{"height": 6.534570447214307, "width": 2.677076072544258, "length": 3.9322927910916285}