{"height": 6.556830401530437, "width": 2.1776076966514726, "length": 3.270073214257913}