{"height": 6.070774770543087, "width": 1.7827838302825905, "length": 2.9933488582206107}