{"height": 5.067322740288829, "width": 1.6541200442943944, "length": 3.627395804208473}