{"height": 5.203595786201504, "width": 1.6691806121701211, "length": 3.4391174272714267}