{"height": 6.628731589803378, "width": 1.7825537597350753, "length": 3.1526594774750127}