{"height": 6.079344258529862, "width": 2.6977450217968917, "length": 3.9098602827095457}