{"height": 6.647516914480801, "width": 1.7822530427102805, "length": 3.3103455100648307}