{"height": 17.389263836780394, "width": 2.89880809160264, "length": 4.404211856237047}