{"height": 19.792252827970543, "width": 3.6602953668521065, "length": 4.554705333707384}