{"height": 14.875381941285557, "width": 4.274050049552214, "length": 4.767117631487736}