{"height": 14.767204064269611, "width": 3.3412274539080666, "length": 4.7348297304417155}