{"height": 15.15765149266818, "width": 3.191192297748707, "length": 4.415430287345258}