{"height": 16.539442571666886, "width": 3.9675392131679064, "length": 4.443024545141167}