{"height": 19.020412349813547, "width": 3.39239844165294, "length": 5.275968620342315}