{"height": 15.127713025382562, "width": 3.8947508693354154, "length": 5.385598270720424}