{"height": 14.790504938981432, "width": 3.077954156627321, "length": 4.420119551587018}