{"height": 16.287159723773904, "width": 3.168220259906338, "length": 4.638510644874717}