{"height": 15.093393170674224, "width": 3.4794218963473345, "length": 4.628803607838259}