{"height": 14.151248666923584, "width": 3.3250707903820214, "length": 5.357611931046504}