{"height": 15.112943599101236, "width": 2.8438078328091088, "length": 5.1544357384038175}