{"height": 15.312539188771538, "width": 3.806691494249373, "length": 4.393484369215475}