{"height": 13.254762585306295, "width": 3.3002213458658742, "length": 6.240831221642196}