{"height": 10.385371569140027, "width": 2.232891205196367, "length": 4.789145103951588}