{"height": 17.96147466915448, "width": 3.707643053766218, "length": 6.988586460613156}