{"height": 17.93882331215291, "width": 3.7252849614574757, "length": 6.23554136897631}