{"height": 17.81309826074773, "width": 3.6197799010484752, "length": 6.535632080027403}