{"height": 17.817047872396003, "width": 3.6276825123161256, "length": 6.57677255475369}