{"height": 15.760522735112637, "width": 3.25801925059418, "length": 6.201144201809912}