{"height": 9.334903692949979, "width": 1.7960144276416896, "length": 5.188133463231059}