{"height": 9.185280984057274, "width": 2.1328232328557157, "length": 5.392764408557125}