{"height": 9.22997568378577, "width": 1.7833858523201678, "length": 4.684607964321465}