{"height": 14.729206301454276, "width": 3.9024592433005454, "length": 5.478607721483665}