{"height": 14.32317622800101, "width": 3.920660486428358, "length": 4.858661786286245}