{"height": 14.686254571709, "width": 3.6991503861558046, "length": 4.592449601846574}