{"height": 6.749380401980022, "width": 1.7897111745538477, "length": 4.506692062527078}