{"height": 6.69177047425128, "width": 1.7901897094723105, "length": 3.800704860967375}