{"height": 6.673787969428778, "width": 1.7938049702893295, "length": 4.891951800363522}