{"height": 6.681009224366354, "width": 1.7944092465572057, "length": 5.115410533381951}