{"height": 7.11582140723193, "width": 1.7865381385794272, "length": 4.205670443868314}