{"height": 6.504540651922003, "width": 2.811621700773745, "length": 3.823631516169847}