{"height": 6.113617004989804, "width": 1.7873504692518325, "length": 4.27269206001605}