{"height": 7.011620990129488, "width": 1.7875196077520548, "length": 3.658990245387661}