{"height": 7.017364804802025, "width": 1.7919820535108841, "length": 4.97068873772189}