{"height": 6.983593970096635, "width": 1.844582416681388, "length": 4.225254737813975}