{"height": 6.990131344441074, "width": 3.4290388622452417, "length": 4.741728135103654}