{"height": 7.025864739399939, "width": 1.7889974300401175, "length": 3.80110066365899}