{"height": 7.017187985844052, "width": 1.7890510382119895, "length": 4.008609831147398}