{"height": 6.98541743211723, "width": 1.7925926306262145, "length": 5.016131631272522}