{"height": 6.99113403723535, "width": 3.5325641736480176, "length": 4.141800616343376}