{"height": 6.967000276084146, "width": 3.455170984363497, "length": 4.95176023147639}