{"height": 7.002362112110563, "width": 1.7898643180621483, "length": 3.7952964816170116}