{"height": 6.985679197417536, "width": 3.462152353210529, "length": 3.7800749533697267}