{"height": 7.142569112780834, "width": 2.8112241081918707, "length": 4.30819306334047}