{"height": 14.433327180590455, "width": 3.0887497313974928, "length": 5.143059659455343}