{"height": 14.482261185707518, "width": 3.2918478244695484, "length": 5.52630367011082}