{"height": 14.605846765887314, "width": 3.283367826743839, "length": 5.380576477881133}