{"height": 14.993526716762286, "width": 3.501656313486418, "length": 4.441532250515628}