{"height": 14.344655877775477, "width": 3.361315319690497, "length": 5.211840689951983}