{"height": 14.292268043325588, "width": 3.3367901135603892, "length": 5.688087231408256}