{"height": 14.565800268569465, "width": 3.303077367090177, "length": 5.189869236390262}