{"height": 14.200135462914455, "width": 2.678573693456989, "length": 6.031994656264461}