{"height": 14.440346041259136, "width": 3.32214301132682, "length": 5.517972439333111}