{"height": 14.559477211505335, "width": 3.161063941510697, "length": 5.4001437295295025}