{"height": 17.796341664485922, "width": 3.965446353112691, "length": 4.2148912427340015}