{"height": 11.490577720623435, "width": 5.696730187232669, "length": 4.344124336020463}