{"height": 17.347163660238913, "width": 4.370305375504701, "length": 5.250140980833682}