{"height": 14.397957682008585, "width": 3.293234478557422, "length": 5.4849024295058655}