{"height": 12.817741963560863, "width": 3.2905282603014747, "length": 5.069313818281234}