{"height": 16.54260565767904, "width": 3.3877687708558533, "length": 4.012643075968429}