{"height": 15.146637439736168, "width": 3.2447203149339456, "length": 4.821518273505797}