{"height": 14.946716240714458, "width": 3.497927801033984, "length": 3.9844471989264347}