{"height": 14.691350319684744, "width": 3.411107229889981, "length": 3.9725388394458605}