{"height": 15.648218062962703, "width": 3.426942232466546, "length": 4.261923213005323}