{"height": 14.591731671266055, "width": 3.3831795828563065, "length": 3.971467816006157}