{"height": 6.6667922139866445, "width": 1.7893032163588531, "length": 3.790657271872721}