{"height": 6.111440138462644, "width": 1.7859280299330493, "length": 4.1946910987505035}