{"height": 6.723190607271887, "width": 1.7888874992818167, "length": 4.523549393817547}