{"height": 6.7765201997713564, "width": 1.7859202190482792, "length": 3.451618837357628}