{"height": 15.016533796933707, "width": 1.9441486014175011, "length": 5.473945479822117}