{"height": 23.723912412824244, "width": 4.2748505679442275, "length": 4.143836848857907}