{"height": 15.126236815202073, "width": 1.6480178707229212, "length": 5.569300015864867}