{"height": 17.07013596585087, "width": 1.5820411128197012, "length": 5.587493592973533}