{"height": 17.29119103698943, "width": 1.6626756257164819, "length": 5.542934469513693}