{"height": 19.40536697510199, "width": 2.180445860910724, "length": 4.258269441570215}