{"height": 18.589613300493923, "width": 1.662574943522617, "length": 5.628772116666068}