{"height": 17.953693455602334, "width": 1.6623166687043933, "length": 4.974705431014877}