{"height": 16.7483502736582, "width": 1.6627166758105718, "length": 7.150206010491537}