{"height": 18.586891598295942, "width": 2.3706401003687825, "length": 6.1564838130731605}