{"height": 10.523134422875264, "width": 1.6658074082300232, "length": 4.9119660978562445}