{"height": 22.330692769144655, "width": 4.72659210771031, "length": 5.955618165513277}