{"height": 19.261118624645107, "width": 1.812636522119655, "length": 4.9285873261124955}