{"height": 16.18501841342072, "width": 1.9369011224644792, "length": 4.9819829925489785}