{"height": 10.196945058039226, "width": 1.6681256775062914, "length": 4.666310077111456}