{"height": 15.036807377903292, "width": 1.5455267234978414, "length": 5.094488149661526}