{"height": 16.296922520315828, "width": 2.457336839223103, "length": 5.108963094276253}