{"height": 15.76958505408512, "width": 2.597194811396325, "length": 4.9016466216782355}