{"height": 16.11434516970975, "width": 2.811730552628622, "length": 5.3646068763013055}