{"height": 7.463131155467268, "width": 2.5627165937603813, "length": 2.8805154969144096}