{"height": 6.752496347973245, "width": 3.3761716272147533, "length": 5.181174096046362}