{"height": 6.488076644896072, "width": 1.7848157870993024, "length": 3.410607262656427}