{"height": 6.781316811862986, "width": 2.5368212410563338, "length": 2.8123940976289115}