{"height": 6.091049136646503, "width": 3.552264267933867, "length": 3.113694166705892}