{"height": 6.779129106223351, "width": 3.4068715430071963, "length": 3.499408746786309}