{"height": 6.624616949702178, "width": 1.7793006522378363, "length": 3.747832475496041}