{"height": 6.702401598759025, "width": 1.786499638278586, "length": 3.2992714094217592}