{"height": 6.681707620200957, "width": 3.3128371097647884, "length": 5.339625935831799}