{"height": 8.026422492359377, "width": 1.7842915943283777, "length": 3.1673268501856686}