{"height": 17.44955097980732, "width": 3.7481492574006596, "length": 6.711595374422924}