{"height": 5.387087978986481, "width": 1.7813867508230232, "length": 4.246765021121231}