{"height": 6.330625926388426, "width": 1.7842314918042004, "length": 3.5844458214811414}