{"height": 6.700779361337327, "width": 3.251663401852698, "length": 4.303890764306601}