{"height": 6.434011369310337, "width": 3.5525612970603553, "length": 3.6648589223685066}