{"height": 6.059031827568353, "width": 3.720760624357627, "length": 4.2215585993896125}