{"height": 6.620802881964462, "width": 3.407096652367211, "length": 4.3942345927984}