{"height": 7.072422496245059, "width": 3.5620074835869597, "length": 4.1474869006294135}