{"height": 6.699672961597022, "width": 3.3440913743828364, "length": 3.605272437087053}