{"height": 20.18998943775688, "width": 6.310233484107778, "length": 5.8893323665715895}