{"height": 22.86285069499244, "width": 3.6306301950989788, "length": 6.552110749228181}