{"height": 14.54446710217658, "width": 3.6481144640839833, "length": 5.840457330451218}