{"height": 14.894806412871922, "width": 4.702654371726876, "length": 5.204519020629741}