{"height": 19.44838857787556, "width": 3.9390746751688237, "length": 8.760022869658494}