{"height": 11.315740716005532, "width": 3.8813547283222136, "length": 5.587913507083863}