{"height": 14.74870406960096, "width": 3.715780872044104, "length": 5.466054605632582}