{"height": 15.34178818012491, "width": 3.3889440175135266, "length": 5.0723606142796855}