{"height": 16.031686444172884, "width": 2.439405275826638, "length": 5.386815437176518}