{"height": 15.6032935778184, "width": 4.949689766819469, "length": 3.9219306808323244}