{"height": 12.183259825346965, "width": 4.310824978492857, "length": 7.216103674999816}