{"height": 20.23122149331771, "width": 3.9765070604982906, "length": 5.1387401733656315}