{"height": 13.475833542922867, "width": 3.122995534005498, "length": 6.908067620812642}