{"height": 16.596055544407793, "width": 4.610389652932563, "length": 7.6116461836394365}