{"height": 16.83232865667484, "width": 3.8393887959668254, "length": 8.674105384859075}