{"height": 21.40626999957383, "width": 3.710437540728968, "length": 5.703562457990085}