{"height": 15.886785300694346, "width": 4.134181286211539, "length": 4.058804364061045}