{"height": 17.218589957270254, "width": 4.565996886232959, "length": 5.193386418850157}