{"height": 17.954962407044803, "width": 3.5246264588020635, "length": 4.38817464924689}