{"height": 13.61446695019188, "width": 3.8863101824766817, "length": 6.999412856741092}