{"height": 8.190120775123257, "width": 1.7970104422060196, "length": 5.9545683673830645}