{"height": 9.103938528447031, "width": 2.00751733402869, "length": 4.912587121122394}