{"height": 8.371055222207305, "width": 1.7974014694297957, "length": 5.883791775504079}