{"height": 16.037725817282585, "width": 2.936532244780953, "length": 5.460062084669227}