{"height": 8.956333977869363, "width": 2.8041104591815893, "length": 4.108964354765934}