{"height": 8.340422673161324, "width": 1.7967500116468462, "length": 5.867799894753182}