{"height": 14.867075563241402, "width": 2.6302988991741802, "length": 6.629908852215535}