{"height": 8.74332494430517, "width": 2.455655396803734, "length": 4.10143795679101}