{"height": 9.000654398842702, "width": 2.8828121168869534, "length": 4.827974891889439}