{"height": 12.452093175197245, "width": 1.6615657501661372, "length": 6.527245479808571}