{"height": 12.173592242807613, "width": 2.6957994198776802, "length": 5.856467666995231}