{"height": 8.959604028299127, "width": 3.513433955694372, "length": 4.891603643853584}