{"height": 6.319169539075197, "width": 2.6917940753730214, "length": 4.689389352042786}