{"height": 13.073912856473381, "width": 2.5835147984447, "length": 5.019860551506177}