{"height": 12.315437253187923, "width": 2.7560580145981453, "length": 5.526721592398325}