{"height": 8.596739711490427, "width": 1.7867625102069078, "length": 3.9436067581200365}