{"height": 8.830970724138897, "width": 2.69703666006118, "length": 4.888888712062865}