{"height": 7.659386604258236, "width": 1.792911906986399, "length": 5.502087048473487}