{"height": 12.721893217124194, "width": 1.6083522125388972, "length": 5.532799020517184}