{"height": 11.926861663260322, "width": 1.6610875483016494, "length": 4.6666990334800715}