{"height": 8.996238615258726, "width": 2.8884772188713095, "length": 5.548087287407342}