{"height": 12.492384134270466, "width": 2.769357874149402, "length": 5.465743387936366}