{"height": 6.899621399354601, "width": 3.4128080090879527, "length": 5.669060625389845}