{"height": 8.82710929213695, "width": 1.7879669620218217, "length": 5.3088364531074355}