{"height": 8.954833961988658, "width": 3.515089735710308, "length": 5.847914842142648}