{"height": 11.98096168067974, "width": 2.8842524052191534, "length": 5.857754758272874}