{"height": 11.975500588775883, "width": 2.79823870262599, "length": 4.960327641621237}