{"height": 12.291735982710218, "width": 1.7363296071373315, "length": 6.539433735511409}