{"height": 8.140891231554184, "width": 1.901424059002199, "length": 5.536077499626245}