{"height": 12.246135566899605, "width": 1.8365918605219145, "length": 5.26852663200053}