{"LUMO": -8.32478, "HOMO": -10.1741, "gap": 1.84932}
