{"LUMO": -6.34788, "HOMO": -9.87774, "gap": 3.52986}
