{"LUMO": -9.42276, "HOMO": -13.868, "gap": 4.44524}
