{"LUMO": -8.31635, "HOMO": -10.1771, "gap": 1.86075}
