{"LUMO": -8.20179, "HOMO": -13.9371, "gap": 5.73531}
