{"LUMO": -8.56424, "HOMO": -14.1162, "gap": 5.55196}
