{"LUMO": -8.42737, "HOMO": -14.0283, "gap": 5.60093}
