{"LUMO": -6.88857, "HOMO": -12.0402, "gap": 5.15163}
