{"LUMO": -6.50244, "HOMO": -10.7436, "gap": 4.24116}
