{"LUMO": -7.05864, "HOMO": -12.203, "gap": 5.14436}
