{"LUMO": -7.37293, "HOMO": -12.0182, "gap": 4.64527}
