{"LUMO": -7.89512, "HOMO": -12.3651, "gap": 4.46998}
