{"LUMO": -7.20585, "HOMO": -12.0438, "gap": 4.83795}
