{"LUMO": -6.01562, "HOMO": -8.77622}
