{"LUMO": -7.05619, "HOMO": -9.25841}
