{"LUMO": -7.17673, "HOMO": -9.15582}
