{"LUMO": -5.79929, "HOMO": -9.78604}
