{"LUMO": -6.00528, "HOMO": -9.33133}
