{"LUMO": -5.97726, "HOMO": -8.78711}
