{"LUMO": -6.78108, "HOMO": -9.02248}
