{"LUMO": -7.34653, "HOMO": -9.38548}
