{"LUMO": -6.03222, "HOMO": -9.13351}
