{"LUMO": -5.65888, "HOMO": -9.85651, "gap": 4.19763}
