{"LUMO": -5.74351, "HOMO": -9.92236, "gap": 4.17885}
