{"LUMO": -5.73154, "HOMO": -9.94903, "gap": 4.21749}
