{"LUMO": -5.68473, "HOMO": -9.90876, "gap": 4.22403}
