{"LUMO": -5.89617, "HOMO": -9.80672, "gap": 3.91055}
