{"LUMO": -5.77453, "HOMO": -9.71012, "gap": 3.93559}
