{"LUMO": -5.68174, "HOMO": -9.70413, "gap": 4.02239}
