{"LUMO": -5.73616, "HOMO": -9.5395, "gap": 3.80334}
