{"LUMO": -5.91249, "HOMO": -9.64726, "gap": 3.73477}
