{"LUMO": -5.83657, "HOMO": -10.0481, "gap": 4.21153}
