{"LUMO": -5.70895, "HOMO": -9.55909, "gap": 3.85014}
