{"LUMO": -5.63276, "HOMO": -9.65651, "gap": 4.02375}
