{"LUMO": -5.71004, "HOMO": -9.73134, "gap": 4.02130}
