{"LUMO": -5.72528, "HOMO": -9.71365, "gap": 3.98837}
