{"LUMO": -5.72936, "HOMO": -9.80046, "gap": 4.07110}
