{"LUMO": -5.75848, "HOMO": -9.7727, "gap": 4.01422}
