{"LUMO": -5.91821, "HOMO": -9.81542, "gap": 3.89721}
