{"LUMO": -5.81372, "HOMO": -9.75447, "gap": 3.94075}
