{"LUMO": -5.7729, "HOMO": -9.56562, "gap": 3.79272}
