{"LUMO": -5.84746, "HOMO": -9.83719, "gap": 3.98973}
