{"LUMO": -5.82433, "HOMO": -9.59365, "gap": 3.76932}
