{"LUMO": -5.99032, "HOMO": -9.68753, "gap": 3.69721}
