{"LUMO": -5.75113, "HOMO": -9.61733, "gap": 3.86620}
