{"LUMO": -5.77344, "HOMO": -9.60698, "gap": 3.83354}
