{"LUMO": -5.97263, "HOMO": -9.66739, "gap": 3.69476}
