{"LUMO": -5.95875, "HOMO": -9.89026, "gap": 3.93151}
