{"LUMO": -6.12365, "HOMO": -9.46766, "gap": 3.34401}
