{"LUMO": -5.87793, "HOMO": -9.35038, "gap": 3.47245}
