{"LUMO": -5.81344, "HOMO": -9.42031, "gap": 3.60687}
