{"LUMO": -5.89072, "HOMO": -9.99747}
