{"LUMO": -5.89154, "HOMO": -9.6976, "gap": 3.80606}
