{"LUMO": -5.7397, "HOMO": -9.48127, "gap": 3.74157}
