{"LUMO": -5.83222, "HOMO": -9.54902, "gap": 3.71680}
