{"LUMO": -6.03658, "HOMO": -9.61324, "gap": 3.57666}
