{"LUMO": -5.88038, "HOMO": -9.70222, "gap": 3.82184}
