{"LUMO": -6.19957, "HOMO": -9.99774}
