{"LUMO": -6.06352, "HOMO": -9.72427, "gap": 3.66075}
