{"LUMO": -6.18325, "HOMO": -9.37977, "gap": 3.19652}
