{"LUMO": -5.91004, "HOMO": -9.27691, "gap": 3.36687}
