{"LUMO": -5.91277, "HOMO": -9.27909, "gap": 3.36632}
