{"LUMO": -7.35769, "HOMO": -9.94223}
