{"LUMO": -5.81317, "HOMO": -9.69978}
