{"LUMO": -6.01535, "HOMO": -9.78848}
