{"LUMO": -5.85236, "HOMO": -9.63855}
