{"LUMO": -6.68475, "HOMO": -9.70005}
