{"LUMO": -6.52121, "HOMO": -9.86005}
