{"LUMO": -5.97971, "HOMO": -9.85515}
