{"LUMO": -6.31794, "HOMO": -9.90876}
