{"LUMO": -6.00011, "HOMO": -9.78685}
