{"LUMO": -5.94678, "HOMO": -9.93352}
