{"LUMO": -5.88964, "HOMO": -9.78141}
