{"LUMO": -6.58461, "HOMO": -9.94713}
