{"LUMO": -5.90351, "HOMO": -9.89407}
