{"LUMO": -6.51795, "HOMO": -9.92917}
