{"LUMO": -6.01154, "HOMO": -9.90903}
