{"LUMO": -6.34924, "HOMO": -9.95692}
