{"LUMO": -6.01726, "HOMO": -9.84046}
