{"LUMO": -6.00311, "HOMO": -9.86304}
