{"LUMO": -6.31114, "HOMO": -9.95801}
