{"LUMO": -6.04719, "HOMO": -9.90277}
