{"LUMO": -6.03005, "HOMO": -9.88699}
