{"LUMO": -6.18842, "HOMO": -9.94114}
