{"LUMO": -6.40339, "HOMO": -9.95039}
