{"LUMO": -6.27196, "HOMO": -9.86577}
