{"LUMO": -6.30733, "HOMO": -9.85461}
