{"LUMO": -6.84639, "HOMO": -9.84645}
