{"LUMO": -6.23223, "HOMO": -9.96454}
