{"LUMO": -6.58788, "HOMO": -9.84155}
