{"LUMO": -6.15658, "HOMO": -9.93325}
