{"LUMO": -6.14597, "HOMO": -9.95475}
