{"LUMO": -6.03113, "HOMO": -9.76998}
