{"LUMO": -6.03195, "HOMO": -9.75964}
