{"LUMO": -6.29236, "HOMO": -9.84454}
