{"LUMO": -6.55305, "HOMO": -9.92155}
