{"LUMO": -6.90136, "HOMO": -9.99475}
