{"LUMO": -6.26025, "HOMO": -9.90549}
