{"LUMO": -6.77401, "HOMO": -10.9333, "gap": 4.15929}
