{"LUMO": -6.49237, "HOMO": -10.9082, "gap": 4.41583}
