{"LUMO": -6.28202, "HOMO": -10.813, "gap": 4.53098}
