{"LUMO": -7.09728, "HOMO": -12.5583, "gap": 5.46102}
