{"LUMO": -6.65618, "HOMO": -10.9164, "gap": 4.26022}
