{"LUMO": -6.74979, "HOMO": -11.1572, "gap": 4.40741}
