{"LUMO": -6.65836, "HOMO": -11.1145, "gap": 4.45614}
