{"LUMO": -7.36123, "HOMO": -12.3885, "gap": 5.02727}
