{"LUMO": -6.85156, "HOMO": -11.1112, "gap": 4.25964}
