{"LUMO": -6.82271, "HOMO": -11.2516, "gap": 4.42889}
