{"LUMO": -6.97864, "HOMO": -11.8557, "gap": 4.87706}
