{"LUMO": -6.50869, "HOMO": -11.0628, "gap": 4.55411}
