{"LUMO": -6.17236, "HOMO": -10.9616, "gap": 4.78924}
