{"LUMO": -6.41101, "HOMO": -11.2617, "gap": 4.85069}
