{"LUMO": -6.41645, "HOMO": -10.8633, "gap": 4.44685}
