{"LUMO": -6.60339, "HOMO": -11.2775, "gap": 4.67411}
