{"LUMO": -6.71768, "HOMO": -11.0848, "gap": 4.36712}
