{"LUMO": -6.23794, "HOMO": -11.1852, "gap": 4.94726}
