{"LUMO": -6.69999, "HOMO": -10.8345, "gap": 4.13451}
