{"LUMO": -6.69999, "HOMO": -11.0764, "gap": 4.37641}
