{"LUMO": -6.91687, "HOMO": -11.0184, "gap": 4.10153}
