{"LUMO": -8.45295, "HOMO": -12.7624, "gap": 4.30945}
