{"LUMO": -6.17644, "HOMO": -11.3423, "gap": 5.16586}
