{"LUMO": -5.80773, "HOMO": -10.7341, "gap": 4.92637}
