{"LUMO": -6.38788, "HOMO": -11.0269, "gap": 4.63902}
