{"LUMO": -6.44094, "HOMO": -11.3088, "gap": 4.86786}
