{"LUMO": -6.53917, "HOMO": -11.1754, "gap": 4.63623}
