{"LUMO": -6.24066, "HOMO": -11.2359, "gap": 4.99524}
