{"LUMO": -6.38924, "HOMO": -11.2778, "gap": 4.88856}
