{"LUMO": -6.73237, "HOMO": -11.2013, "gap": 4.46893}
