{"LUMO": -6.28066, "HOMO": -11.1863, "gap": 4.90564}
