{"LUMO": -6.08229, "HOMO": -10.4791, "gap": 4.39681}
