{"LUMO": -6.67523, "HOMO": -10.9526, "gap": 4.27737}
