{"LUMO": -6.94435, "HOMO": -11.154, "gap": 4.20965}
