{"LUMO": -6.50216, "HOMO": -11.2952, "gap": 4.79304}
