{"LUMO": -6.45046, "HOMO": -10.8462, "gap": 4.39574}
