{"LUMO": -6.15059, "HOMO": -11.2565, "gap": 5.10591}
