{"LUMO": -5.95848, "HOMO": -11.0048, "gap": 5.04632}
