{"LUMO": -6.22461, "HOMO": -11.2301, "gap": 5.00549}
