{"LUMO": -6.12501, "HOMO": -11.1763, "gap": 5.05129}
