{"LUMO": -5.80528, "HOMO": -10.9624, "gap": 5.15712}
