{"LUMO": -6.20121, "HOMO": -11.4084, "gap": 5.20719}
