{"LUMO": -6.19114, "HOMO": -11.1395, "gap": 4.94836}
