{"LUMO": -6.15604, "HOMO": -11.2808, "gap": 5.12476}
