{"LUMO": -5.87521, "HOMO": -11.0261, "gap": 5.15089}
