{"LUMO": -6.30733, "HOMO": -11.1948, "gap": 4.88747}
