{"LUMO": -6.11821, "HOMO": -11.1891, "gap": 5.07089}
