{"LUMO": -6.08365, "HOMO": -11.1545, "gap": 5.07085}
