{"LUMO": -5.88555, "HOMO": -11.2013, "gap": 5.31575}
