{"LUMO": -6.19032, "HOMO": -11.1964, "gap": 5.00608}
