{"LUMO": -6.19821, "HOMO": -11.2802, "gap": 5.08199}
