{"LUMO": -6.08692, "HOMO": -11.5493, "gap": 5.46238}
