{"LUMO": -6.20447, "HOMO": -11.5839, "gap": 5.37943}
