{"LUMO": -5.97671, "HOMO": -11.6247, "gap": 5.64799}
