{"LUMO": -6.29155, "HOMO": -11.6125, "gap": 5.32095}
