{"LUMO": -6.06025, "HOMO": -11.0391, "gap": 4.97885}
