{"LUMO": -6.16746, "HOMO": -11.6514, "gap": 5.48394}
