{"LUMO": -6.04284, "HOMO": -11.5412, "gap": 5.49836}
