{"LUMO": -6.40012, "HOMO": -11.8182, "gap": 5.41808}
