{"LUMO": -6.29971, "HOMO": -11.8878, "gap": 5.58809}
