{"LUMO": -6.51686, "HOMO": -11.754, "gap": 5.23714}
