{"LUMO": -6.19032, "HOMO": -11.7254, "gap": 5.53508}
