{"LUMO": -6.30461, "HOMO": -11.4593, "gap": 5.15469}
