{"LUMO": -6.08474, "HOMO": -11.3531, "gap": 5.26836}
