{"LUMO": -6.19195, "HOMO": -11.8759, "gap": 5.68395}
