{"LUMO": -6.41291, "HOMO": -11.6851, "gap": 5.27219}
