{"LUMO": -6.39277, "HOMO": -11.7559, "gap": 5.36313}
