{"LUMO": -6.35958, "HOMO": -11.6247, "gap": 5.26512}
