{"LUMO": -6.02134, "HOMO": -11.5137, "gap": 5.49236}
