{"LUMO": -6.06352, "HOMO": -11.434, "gap": 5.37048}
