{"LUMO": -6.05753, "HOMO": -11.4838, "gap": 5.42627}
