{"LUMO": -6.17508, "HOMO": -11.3768, "gap": 5.20172}
