{"LUMO": -6.24828, "HOMO": -11.2903, "gap": 5.04202}
