{"LUMO": -6.14243, "HOMO": -11.1501, "gap": 5.00767}
