{"LUMO": -6.09916, "HOMO": -11.4552, "gap": 5.35604}
