{"LUMO": -6.52747, "HOMO": -11.6642, "gap": 5.13673}
