{"LUMO": -6.52094, "HOMO": -11.7063, "gap": 5.18536}
