{"LUMO": -6.20093, "HOMO": -11.8051, "gap": 5.60417}
