{"LUMO": -6.29509, "HOMO": -11.3218, "gap": 5.02671}
