{"LUMO": -6.14597, "HOMO": -10.8783, "gap": 4.73233}
