{"LUMO": -5.86297, "HOMO": -10.9779, "gap": 5.11493}
