{"LUMO": -6.27223, "HOMO": -11.0764, "gap": 4.80417}
