{"LUMO": -6.00583, "HOMO": -11.0579, "gap": 5.05207}
