{"LUMO": -6.22053, "HOMO": -11.1439, "gap": 4.92337}
