{"LUMO": -6.21019, "HOMO": -11.1828, "gap": 4.97261}
