{"LUMO": -6.39196, "HOMO": -11.2263, "gap": 4.83434}
