{"LUMO": -6.27549, "HOMO": -11.1227, "gap": 4.84721}
