{"LUMO": -6.16311, "HOMO": -11.0933, "gap": 4.93019}
