{"LUMO": -6.16093, "HOMO": -11.314, "gap": 5.15307}
