{"LUMO": -6.18297, "HOMO": -11.0103, "gap": 4.82733}
