{"LUMO": -6.02052, "HOMO": -11.2214, "gap": 5.20088}
