{"LUMO": -6.21835, "HOMO": -11.1972, "gap": 4.97885}
