{"LUMO": -6.30026, "HOMO": -11.2633, "gap": 4.96304}
