{"LUMO": -6.28338, "HOMO": -11.4729, "gap": 5.18952}
