{"LUMO": -5.99766, "HOMO": -11.112, "gap": 5.11434}
