{"LUMO": -5.92447, "HOMO": -10.7207, "gap": 4.79623}
