{"LUMO": -5.90623, "HOMO": -10.9689, "gap": 5.06267}
