{"LUMO": -5.83276, "HOMO": -10.7221, "gap": 4.88934}
