{"LUMO": -5.97753, "HOMO": -11.1578, "gap": 5.18027}
