{"LUMO": -5.95494, "HOMO": -11.1458, "gap": 5.19086}
