{"LUMO": -5.87984, "HOMO": -11.0911, "gap": 5.21126}
