{"LUMO": -6.18542, "HOMO": -11.3101, "gap": 5.12468}
