{"LUMO": -5.88637, "HOMO": -11.0089, "gap": 5.12253}
