{"LUMO": -6.08773, "HOMO": -11.2636, "gap": 5.17587}
