{"LUMO": -5.96256, "HOMO": -11.2195, "gap": 5.25694}
