{"LUMO": -5.79576, "HOMO": -10.8348, "gap": 5.03904}
