{"LUMO": -6.03685, "HOMO": -11.1719, "gap": 5.13505}
