{"LUMO": -6.11821, "HOMO": -11.0288, "gap": 4.91059}
