{"LUMO": -5.97726, "HOMO": -10.9646, "gap": 4.98734}
