{"LUMO": -6.21345, "HOMO": -11.3553, "gap": 5.14185}
