{"LUMO": -5.88855, "HOMO": -10.8859, "gap": 4.99735}
