{"LUMO": -6.12692, "HOMO": -11.2933, "gap": 5.16638}
