{"LUMO": -5.86297, "HOMO": -10.9055, "gap": 5.04253}
