{"LUMO": -5.95004, "HOMO": -10.8916, "gap": 4.94156}
