{"LUMO": -6.10569, "HOMO": -11.3779, "gap": 5.27221}
