{"LUMO": -6.12801, "HOMO": -11.3921, "gap": 5.26409}
