{"LUMO": -6.56393, "HOMO": -11.7572, "gap": 5.19327}
