{"LUMO": -6.55278, "HOMO": -11.5469, "gap": 4.99412}
