{"LUMO": -6.45046, "HOMO": -11.8046, "gap": 5.35414}
