{"LUMO": -6.34325, "HOMO": -11.3254, "gap": 4.98215}
