{"LUMO": -6.44937, "HOMO": -11.7455, "gap": 5.29613}
