{"LUMO": -6.47577, "HOMO": -11.8263, "gap": 5.35053}
