{"LUMO": -6.38842, "HOMO": -11.6378, "gap": 5.24938}
