{"LUMO": -6.37345, "HOMO": -11.585, "gap": 5.21155}
