{"LUMO": -5.93508, "HOMO": -11.4563, "gap": 5.52122}
