{"LUMO": -6.35794, "HOMO": -11.5148, "gap": 5.15686}
