{"LUMO": -6.22678, "HOMO": -11.5594, "gap": 5.33262}
