{"LUMO": -6.48529, "HOMO": -11.9107, "gap": 5.42541}
