{"LUMO": -6.35196, "HOMO": -11.7515, "gap": 5.39954}
