{"LUMO": -6.34842, "HOMO": -11.3632, "gap": 5.01478}
