{"LUMO": -6.31713, "HOMO": -11.259, "gap": 4.94187}
