{"LUMO": -6.24883, "HOMO": -11.5058, "gap": 5.25697}
