{"LUMO": -6.10678, "HOMO": -11.3074, "gap": 5.20062}
