{"LUMO": -6.07114, "HOMO": -11.3384, "gap": 5.26726}
