{"LUMO": -6.33536, "HOMO": -11.2486, "gap": 4.91324}
