{"LUMO": -6.51114, "HOMO": -11.6876, "gap": 5.17646}
