{"LUMO": -6.01045, "HOMO": -10.6263, "gap": 4.61585}
