{"LUMO": -6.42924, "HOMO": -11.1039, "gap": 4.67466}
