{"LUMO": -6.69836, "HOMO": -11.4742, "gap": 4.77584}
