{"LUMO": -6.18624, "HOMO": -11.0372, "gap": 4.85096}
