{"LUMO": -6.37046, "HOMO": -10.9828, "gap": 4.61234}
