{"LUMO": -6.07114, "HOMO": -10.985, "gap": 4.91386}
