{"LUMO": -6.00066, "HOMO": -10.8876, "gap": 4.88694}
