{"LUMO": -6.31903, "HOMO": -11.1273, "gap": 4.80827}
