{"LUMO": -6.12828, "HOMO": -10.659, "gap": 4.53072}
