{"LUMO": -6.11114, "HOMO": -10.7997, "gap": 4.68856}
