{"LUMO": -6.13699, "HOMO": -10.8353, "gap": 4.69831}
