{"LUMO": -6.21481, "HOMO": -11.0119, "gap": 4.79709}
