{"LUMO": -6.71115, "HOMO": -11.671, "gap": 4.95985}
