{"LUMO": -6.60149, "HOMO": -11.3945, "gap": 4.79301}
