{"LUMO": -6.12501, "HOMO": -10.8685, "gap": 4.74349}
