{"LUMO": -6.42271, "HOMO": -11.3311, "gap": 4.90839}
