{"LUMO": -6.21862, "HOMO": -11.1706, "gap": 4.95198}
