{"LUMO": -6.35441, "HOMO": -11.1697, "gap": 4.81529}
