{"LUMO": -6.26542, "HOMO": -11.2731, "gap": 5.00768}
