{"LUMO": -6.12039, "HOMO": -10.8168, "gap": 4.69641}
