{"LUMO": -6.37318, "HOMO": -11.1918, "gap": 4.81862}
