{"LUMO": -6.35141, "HOMO": -10.961, "gap": 4.60959}
