{"LUMO": -6.11876, "HOMO": -10.7607, "gap": 4.64194}
