{"LUMO": -6.42706, "HOMO": -11.6536, "gap": 5.22654}
