{"LUMO": -6.55686, "HOMO": -11.5904, "gap": 5.03354}
