{"LUMO": -6.32556, "HOMO": -11.2242, "gap": 4.89864}
