{"LUMO": -6.56666, "HOMO": -11.5455, "gap": 4.97884}
