{"LUMO": -6.20937, "HOMO": -11.2685, "gap": 5.05913}
