{"LUMO": -6.21372, "HOMO": -11.3923, "gap": 5.17858}
