{"LUMO": -6.02488, "HOMO": -11.3746, "gap": 5.34972}
