{"LUMO": -6.10787, "HOMO": -11.2282, "gap": 5.12033}
