{"LUMO": -6.04556, "HOMO": -11.1646, "gap": 5.11904}
