{"LUMO": -6.28338, "HOMO": -11.3082, "gap": 5.02482}
