{"LUMO": -6.61101, "HOMO": -11.5439, "gap": 4.93289}
