{"LUMO": -6.48937, "HOMO": -11.1637, "gap": 4.67433}
