{"LUMO": -6.35686, "HOMO": -11.1817, "gap": 4.82484}
