{"LUMO": -6.35958, "HOMO": -11.7061, "gap": 5.34652}
