{"LUMO": -6.33944, "HOMO": -11.8277, "gap": 5.48826}
