{"LUMO": -6.53917, "HOMO": -11.3648, "gap": 4.82563}
