{"LUMO": -6.42162, "HOMO": -11.65, "gap": 5.22838}
