{"LUMO": -6.39468, "HOMO": -11.4337, "gap": 5.03902}
