{"LUMO": -6.52475, "HOMO": -11.4598, "gap": 4.93505}
