{"LUMO": -6.41835, "HOMO": -11.5945, "gap": 5.17615}
