{"LUMO": -6.49427, "HOMO": -11.5578, "gap": 5.06353}
