{"LUMO": -6.47713, "HOMO": -11.3063, "gap": 4.82917}
