{"LUMO": -6.32692, "HOMO": -11.7458, "gap": 5.41888}
