{"LUMO": -6.33699, "HOMO": -11.7752, "gap": 5.43821}
