{"LUMO": -6.39903, "HOMO": -11.6576, "gap": 5.25857}
