{"LUMO": -6.38924, "HOMO": -11.3872, "gap": 4.99796}
