{"LUMO": -6.47822, "HOMO": -11.2848, "gap": 4.80658}
