{"LUMO": -6.86734, "HOMO": -11.5205, "gap": 4.65316}
