{"LUMO": -5.97372, "HOMO": -11.0269, "gap": 5.05318}
