{"LUMO": -6.37046, "HOMO": -11.3657, "gap": 4.99524}
