{"LUMO": -6.10569, "HOMO": -11.1333, "gap": 5.02761}
