{"LUMO": -6.52611, "HOMO": -11.3251, "gap": 4.79899}
