{"LUMO": -6.60203, "HOMO": -11.2427, "gap": 4.64067}
