{"LUMO": -6.37427, "HOMO": -11.3825, "gap": 5.00823}
