{"LUMO": -6.29155, "HOMO": -11.0462, "gap": 4.75465}
