{"LUMO": -6.36992, "HOMO": -11.1703, "gap": 4.80038}
