{"LUMO": -6.37318, "HOMO": -11.5395, "gap": 5.16632}
