{"LUMO": -6.27413, "HOMO": -11.0565, "gap": 4.78237}
