{"LUMO": -5.92447, "HOMO": -10.684, "gap": 4.75953}
