{"LUMO": -5.76337, "HOMO": -10.4247, "gap": 4.66133}
