{"LUMO": -6.64992, "HOMO": -11.6138, "gap": 4.96388}
