{"LUMO": -6.41754, "HOMO": -11.3994, "gap": 4.98186}
