{"LUMO": -6.10814, "HOMO": -10.7254, "gap": 4.61726}
