{"LUMO": -6.29454, "HOMO": -11.0552, "gap": 4.76066}
