{"LUMO": -6.21481, "HOMO": -10.7504, "gap": 4.53559}
