{"LUMO": -6.08964, "HOMO": -10.9719, "gap": 4.88226}
