{"LUMO": -5.81725, "HOMO": -10.6573, "gap": 4.84005}
