{"LUMO": -6.21454, "HOMO": -11.0212, "gap": 4.80666}
