{"LUMO": -6.11331, "HOMO": -10.9066, "gap": 4.79329}
