{"LUMO": -6.10814, "HOMO": -11.511, "gap": 5.40286}
