{"LUMO": -6.41944, "HOMO": -11.1496, "gap": 4.73016}
