{"LUMO": -6.04637, "HOMO": -10.9678, "gap": 4.92143}
