{"LUMO": -5.82759, "HOMO": -10.6963, "gap": 4.86871}
