{"LUMO": -6.12311, "HOMO": -10.9632, "gap": 4.84009}
