{"LUMO": -6.39658, "HOMO": -11.3711, "gap": 4.97452}
