{"LUMO": -6.20502, "HOMO": -11.3618, "gap": 5.15678}
