{"LUMO": -6.23604, "HOMO": -11.1286, "gap": 4.89256}
