{"LUMO": -6.54951, "HOMO": -11.1657, "gap": 4.61619}
