{"LUMO": -6.06188, "HOMO": -10.8639, "gap": 4.80202}
