{"LUMO": -5.97154, "HOMO": -10.733, "gap": 4.76146}
