{"LUMO": -6.34162, "HOMO": -11.2454, "gap": 4.90378}
