{"LUMO": -6.51305, "HOMO": -11.2813, "gap": 4.76825}
