{"LUMO": -6.62053, "HOMO": -11.6293, "gap": 5.00877}
