{"LUMO": -6.56829, "HOMO": -11.6103, "gap": 5.04201}
