{"LUMO": -6.64339, "HOMO": -11.5613, "gap": 4.91791}
