{"LUMO": -6.65945, "HOMO": -11.5833, "gap": 4.92385}
