{"LUMO": -6.39033, "HOMO": -11.5482, "gap": 5.15787}
