{"LUMO": -6.53536, "HOMO": -11.308, "gap": 4.77264}
