{"LUMO": -6.59822, "HOMO": -11.8133, "gap": 5.21508}
