{"LUMO": -6.40856, "HOMO": -11.7028, "gap": 5.29424}
