{"LUMO": -6.31549, "HOMO": -11.1461, "gap": 4.83061}
