{"LUMO": -6.55604, "HOMO": -11.7926, "gap": 5.23656}
