{"LUMO": -6.21753, "HOMO": -11.3804, "gap": 5.16287}
