{"LUMO": -6.54162, "HOMO": -11.739, "gap": 5.19738}
