{"LUMO": -6.53346, "HOMO": -11.8342, "gap": 5.30074}
