{"LUMO": -6.43196, "HOMO": -11.29, "gap": 4.85804}
