{"LUMO": -6.36339, "HOMO": -11.2356, "gap": 4.87221}
