{"LUMO": -6.43359, "HOMO": -11.2269, "gap": 4.79331}
