{"LUMO": -6.32665, "HOMO": -11.5923, "gap": 5.26565}
