{"LUMO": -6.42053, "HOMO": -11.7809, "gap": 5.36037}
