{"LUMO": -6.44692, "HOMO": -11.5836, "gap": 5.13668}
