{"LUMO": -6.71196, "HOMO": -11.2288, "gap": 4.51684}
