{"LUMO": -6.54897, "HOMO": -11.6789, "gap": 5.12993}
