{"LUMO": -6.29291, "HOMO": -10.5191, "gap": 4.22619}
