{"LUMO": -6.38978, "HOMO": -10.8576, "gap": 4.46782}
