{"LUMO": -6.32094, "HOMO": -10.8271, "gap": 4.50616}
