{"LUMO": -6.31223, "HOMO": -10.5286, "gap": 4.21637}
