{"LUMO": -6.29509, "HOMO": -10.8198, "gap": 4.52471}
