{"LUMO": -6.19876, "HOMO": -10.8446, "gap": 4.64584}
