{"LUMO": -6.23712, "HOMO": -10.669, "gap": 4.43188}
