{"LUMO": -6.49155, "HOMO": -10.8663, "gap": 4.37475}
