{"LUMO": -6.21263, "HOMO": -10.9643, "gap": 4.75167}
