{"LUMO": -6.32039, "HOMO": -10.7254, "gap": 4.40501}
