{"LUMO": -6.35522, "HOMO": -10.6699, "gap": 4.31468}
