{"LUMO": -6.41699, "HOMO": -10.7782, "gap": 4.36121}
