{"LUMO": -6.32202, "HOMO": -10.5632, "gap": 4.24118}
