{"LUMO": -6.52856, "HOMO": -11.1496, "gap": 4.62104}
