{"LUMO": -6.54189, "HOMO": -10.8467, "gap": 4.30481}
