{"LUMO": -6.30978, "HOMO": -10.5787, "gap": 4.26892}
