{"LUMO": -6.72992, "HOMO": -11.3401, "gap": 4.61018}
