{"LUMO": -6.76312, "HOMO": -11.4345, "gap": 4.67138}
