{"LUMO": -6.14025, "HOMO": -11.2514, "gap": 5.11115}
