{"LUMO": -6.29318, "HOMO": -11.2944, "gap": 5.00122}
