{"LUMO": -6.71115, "HOMO": -11.4473, "gap": 4.73615}
