{"LUMO": -6.45563, "HOMO": -10.9978, "gap": 4.54217}
