{"LUMO": -6.53972, "HOMO": -11.3888, "gap": 4.84908}
