{"LUMO": -6.69264, "HOMO": -11.3915, "gap": 4.69886}
