{"LUMO": -6.65999, "HOMO": -11.3325, "gap": 4.67251}
