{"LUMO": -6.49182, "HOMO": -11.7066, "gap": 5.21478}
