{"LUMO": -6.56992, "HOMO": -11.6525, "gap": 5.08258}
