{"LUMO": -6.53863, "HOMO": -11.4851, "gap": 4.94647}
