{"LUMO": -6.57101, "HOMO": -11.3616, "gap": 4.79059}
