{"LUMO": -6.51087, "HOMO": -11.0993, "gap": 4.58843}
