{"LUMO": -6.47087, "HOMO": -11.6489, "gap": 5.17803}
