{"LUMO": -6.46897, "HOMO": -11.5254, "gap": 5.05643}
