{"LUMO": -6.70788, "HOMO": -11.3474, "gap": 4.63952}
