{"LUMO": -6.61101, "HOMO": -11.3608, "gap": 4.74979}
