{"LUMO": -6.70707, "HOMO": -11.1774, "gap": 4.47033}
