{"LUMO": -6.78952, "HOMO": -11.324, "gap": 4.53448}
