{"LUMO": -6.63332, "HOMO": -11.5033, "gap": 4.86998}
