{"LUMO": -6.72584, "HOMO": -11.2489, "gap": 4.52306}
