{"LUMO": -6.65754, "HOMO": -11.4903, "gap": 4.83276}
