{"LUMO": -6.55359, "HOMO": -11.5964, "gap": 5.04281}
