{"LUMO": -6.66135, "HOMO": -11.428, "gap": 4.76665}
