{"LUMO": -6.81754, "HOMO": -11.3115, "gap": 4.49396}
