{"LUMO": -6.63958, "HOMO": -11.2628, "gap": 4.62322}
