{"LUMO": -7.82192, "HOMO": -10.9031, "gap": 3.08118}
