{"LUMO": -7.82518, "HOMO": -10.8299, "gap": 3.00472}
