{"LUMO": -7.82301, "HOMO": -10.899, "gap": 3.07599}
