{"LUMO": -7.85375, "HOMO": -10.9052, "gap": 3.05145}
