{"LUMO": -7.81185, "HOMO": -10.8908, "gap": 3.07895}
