{"LUMO": -7.80994, "HOMO": -10.8859, "gap": 3.07596}
