{"LUMO": -7.84505, "HOMO": -10.9167, "gap": 3.07165}
