{"LUMO": -7.82518, "HOMO": -10.8342, "gap": 3.00902}
