{"LUMO": -7.84015, "HOMO": -10.8549, "gap": 3.01475}
