{"LUMO": -7.88124, "HOMO": -10.9115, "gap": 3.03026}
