{"LUMO": -7.86382, "HOMO": -10.9235, "gap": 3.05968}
