{"LUMO": -7.84559, "HOMO": -10.8497, "gap": 3.00411}
