{"LUMO": -7.87471, "HOMO": -10.862, "gap": 2.98729}
