{"LUMO": -7.84423, "HOMO": -10.7686, "gap": 2.92437}
