{"LUMO": -6.33236, "HOMO": -10.7828, "gap": 4.45044}
