{"LUMO": -6.68312, "HOMO": -10.9697, "gap": 4.28658}
