{"LUMO": -6.03658, "HOMO": -10.7882, "gap": 4.75162}
