{"LUMO": -6.38407, "HOMO": -10.9735, "gap": 4.58943}
