{"LUMO": -6.34189, "HOMO": -10.9812, "gap": 4.63931}
