{"LUMO": -6.01454, "HOMO": -10.7787, "gap": 4.76416}
