{"LUMO": -6.30189, "HOMO": -11.0201, "gap": 4.71821}
