{"LUMO": -6.45536, "HOMO": -11.1335, "gap": 4.67814}
