{"LUMO": -5.99984, "HOMO": -10.7158, "gap": 4.71596}
