{"LUMO": -6.29563, "HOMO": -10.7126, "gap": 4.41697}
