{"LUMO": -6.23304, "HOMO": -10.6233, "gap": 4.39026}
