{"LUMO": -6.51931, "HOMO": -10.9787, "gap": 4.45939}
