{"LUMO": -6.20964, "HOMO": -11.0565, "gap": 4.84686}
