{"LUMO": -5.91902, "HOMO": -10.2279, "gap": 4.30888}
