{"LUMO": -6.37726, "HOMO": -10.5357, "gap": 4.15844}
