{"LUMO": -5.88365, "HOMO": -10.33, "gap": 4.44635}
