{"LUMO": -6.10705, "HOMO": -10.333, "gap": 4.22595}
