{"LUMO": -6.33318, "HOMO": -10.3597, "gap": 4.02652}
