{"LUMO": -6.02406, "HOMO": -10.4182, "gap": 4.39414}
