{"LUMO": -5.99195, "HOMO": -10.5578, "gap": 4.56585}
