{"LUMO": -6.32311, "HOMO": -11.4356, "gap": 5.11249}
