{"LUMO": -5.93916, "HOMO": -10.8454, "gap": 4.90624}
