{"LUMO": -6.02814, "HOMO": -11.2756, "gap": 5.24746}
