{"LUMO": -6.44175, "HOMO": -11.9757, "gap": 5.53395}
