{"LUMO": -6.16937, "HOMO": -11.0984, "gap": 4.92903}
