{"LUMO": -6.24964, "HOMO": -11.5662, "gap": 5.31656}
