{"LUMO": -5.94542, "HOMO": -10.0152, "gap": 4.06978}
