{"LUMO": -6.41618, "HOMO": -10.4035, "gap": 3.98732}
