{"LUMO": -6.14461, "HOMO": -10.5444, "gap": 4.39979}
