{"LUMO": -6.34134, "HOMO": -11.3442, "gap": 5.00286}
