{"LUMO": -6.25889, "HOMO": -11.2775, "gap": 5.01861}
