{"LUMO": -6.34815, "HOMO": -11.542, "gap": 5.19385}
