{"LUMO": -6.30651, "HOMO": -11.0916, "gap": 4.78509}
