{"LUMO": -6.14134, "HOMO": -11.1754, "gap": 5.03406}
