{"LUMO": -6.28855, "HOMO": -10.7352, "gap": 4.44665}
