{"LUMO": -5.86895, "HOMO": -10.4799, "gap": 4.61095}
