{"LUMO": -7.21238, "HOMO": -12.468, "gap": 5.25562}
