{"LUMO": -5.84637, "HOMO": -10.5896, "gap": 4.74323}
