{"LUMO": -5.87385, "HOMO": -10.8048, "gap": 4.93095}
