{"LUMO": -6.46516, "HOMO": -11.3379, "gap": 4.87274}
