{"LUMO": -6.50924, "HOMO": -10.942, "gap": 4.43276}
