{"LUMO": -6.40012, "HOMO": -10.7618, "gap": 4.36168}
