{"LUMO": -6.48502, "HOMO": -11.6005, "gap": 5.11548}
