{"LUMO": -6.39196, "HOMO": -11.336, "gap": 4.94404}
