{"LUMO": -6.49835, "HOMO": -10.8612, "gap": 4.36285}
