{"LUMO": -6.79741, "HOMO": -11.5594, "gap": 4.76199}
