{"LUMO": -6.39522, "HOMO": -10.8339, "gap": 4.43868}
