{"LUMO": -6.55033, "HOMO": -11.111, "gap": 4.56067}
