{"LUMO": -6.33454, "HOMO": -11.1589, "gap": 4.82436}
