{"LUMO": -6.68421, "HOMO": -11.2582, "gap": 4.57399}
