{"LUMO": -6.40828, "HOMO": -11.019, "gap": 4.61072}
