{"LUMO": -6.32393, "HOMO": -11.5398, "gap": 5.21587}
