{"LUMO": -6.46761, "HOMO": -11.4057, "gap": 4.93809}
