{"LUMO": -6.23168, "HOMO": -10.761, "gap": 4.52932}
