{"LUMO": -7.57674, "HOMO": -12.9004, "gap": 5.32366}
