{"LUMO": -5.85671, "HOMO": -10.4818, "gap": 4.62509}
