{"LUMO": -6.49373, "HOMO": -11.2282, "gap": 4.73447}
