{"LUMO": -6.31223, "HOMO": -11.2277, "gap": 4.91547}
