{"LUMO": -6.68149, "HOMO": -11.4867, "gap": 4.80521}
