{"LUMO": -6.21617, "HOMO": -10.5333, "gap": 4.31713}
