{"LUMO": -6.76693, "HOMO": -11.4263, "gap": 4.65937}
