{"LUMO": -6.04746, "HOMO": -10.5507, "gap": 4.50324}
