{"LUMO": -6.13345, "HOMO": -10.4478, "gap": 4.31435}
