{"LUMO": -7.10136, "HOMO": -12.5915, "gap": 5.49014}
