{"LUMO": -6.72856, "HOMO": -11.0954, "gap": 4.36684}
