{"LUMO": -6.40638, "HOMO": -10.4269, "gap": 4.02052}
