{"LUMO": -6.22951, "HOMO": -10.8451, "gap": 4.61559}
