{"LUMO": -6.24148, "HOMO": -11.1779, "gap": 4.93642}
