{"LUMO": -5.99794, "HOMO": -10.5376, "gap": 4.53966}
