{"LUMO": -5.86596, "HOMO": -10.5229, "gap": 4.65694}
