{"LUMO": -5.98896, "HOMO": -10.2133, "gap": 4.22434}
