{"LUMO": -6.20883, "HOMO": -11.0685, "gap": 4.85967}
