{"LUMO": -5.95603, "HOMO": -10.7324, "gap": 4.77637}
