{"LUMO": -7.28395, "HOMO": -12.2525, "gap": 4.96855}
