{"LUMO": -6.71741, "HOMO": -11.2707, "gap": 4.55329}
