{"LUMO": -6.71387, "HOMO": -11.4081, "gap": 4.69423}
