{"LUMO": -6.40692, "HOMO": -10.8731, "gap": 4.46618}
