{"LUMO": -6.65564, "HOMO": -11.342, "gap": 4.68636}
