{"LUMO": -6.09563, "HOMO": -10.5216, "gap": 4.42597}
