{"LUMO": -6.98217, "HOMO": -11.3355, "gap": 4.35333}
