{"LUMO": -6.38896, "HOMO": -10.9939, "gap": 4.60494}
