{"LUMO": -6.00556, "HOMO": -10.6832, "gap": 4.67764}
