{"LUMO": -7.01075, "HOMO": -11.1662, "gap": 4.15545}
