{"LUMO": -7.08313, "HOMO": -11.3278, "gap": 4.24467}
