{"LUMO": -6.39277, "HOMO": -10.8612, "gap": 4.46843}
