{"LUMO": -6.48012, "HOMO": -10.6535, "gap": 4.17338}
