{"LUMO": -5.92447, "HOMO": -10.2881, "gap": 4.36363}
