{"LUMO": -6.20311, "HOMO": -11.0369, "gap": 4.83379}
