{"LUMO": -6.29481, "HOMO": -10.9178, "gap": 4.62299}
