{"LUMO": -6.59278, "HOMO": -11.1836, "gap": 4.59082}
