{"LUMO": -6.47441, "HOMO": -10.7828, "gap": 4.30839}
