{"LUMO": -6.17916, "HOMO": -10.6301, "gap": 4.45094}
