{"LUMO": -6.14515, "HOMO": -10.4173, "gap": 4.27215}
