{"LUMO": -6.54924, "HOMO": -11.1262, "gap": 4.57696}
