{"LUMO": -5.93018, "HOMO": -10.244, "gap": 4.31382}
