{"LUMO": -6.41454, "HOMO": -10.7216, "gap": 4.30706}
