{"LUMO": -6.60883, "HOMO": -11.056, "gap": 4.44717}
