{"LUMO": -5.89508, "HOMO": -10.0935, "gap": 4.19842}
