{"LUMO": -7.05728, "HOMO": -11.7534, "gap": 4.69612}
