{"LUMO": -6.25808, "HOMO": -11.6827, "gap": 5.42462}
