{"LUMO": -6.72856, "HOMO": -11.1096, "gap": 4.38104}
