{"LUMO": -6.31577, "HOMO": -12.0889, "gap": 5.77313}
