{"LUMO": -6.63305, "HOMO": -12.3292, "gap": 5.69615}
