{"LUMO": -8.28696, "HOMO": -12.5537, "gap": 4.26674}
