{"LUMO": -6.71986, "HOMO": -10.8865, "gap": 4.16664}
