{"LUMO": -6.16828, "HOMO": -11.7355, "gap": 5.56722}
