{"LUMO": -6.51359, "HOMO": -12.0473, "gap": 5.53371}
