{"LUMO": -6.54434, "HOMO": -12.0223, "gap": 5.47796}
