{"LUMO": -6.53291, "HOMO": -12.2391, "gap": 5.70619}
