{"LUMO": -6.69536, "HOMO": -12.1164, "gap": 5.42104}
