{"LUMO": -6.36529, "HOMO": -11.4995, "gap": 5.13421}
