{"LUMO": -6.62734, "HOMO": -12.474, "gap": 5.84666}
