{"LUMO": -6.63196, "HOMO": -12.2274, "gap": 5.59544}
