{"LUMO": -6.14216, "HOMO": -11.5458, "gap": 5.40364}
