{"LUMO": -6.60965, "HOMO": -12.197, "gap": 5.58735}
