{"LUMO": -6.57346, "HOMO": -12.1191, "gap": 5.54564}
