{"LUMO": -6.24012, "HOMO": -11.5853, "gap": 5.34518}
