{"LUMO": -6.75686, "HOMO": -11.9817, "gap": 5.22484}
