{"LUMO": -6.53482, "HOMO": -10.9844, "gap": 4.44958}
