{"LUMO": -6.66788, "HOMO": -11.0791, "gap": 4.41122}
