{"LUMO": -6.42271, "HOMO": -10.9646, "gap": 4.54189}
