{"LUMO": -6.76176, "HOMO": -11.9034, "gap": 5.14164}
