{"LUMO": -6.30869, "HOMO": -11.8653, "gap": 5.55661}
