{"LUMO": -6.09263, "HOMO": -11.4965, "gap": 5.40387}
