{"LUMO": -6.49835, "HOMO": -11.6908, "gap": 5.19245}
