{"LUMO": -6.99034, "HOMO": -12.4911, "gap": 5.50076}
