{"LUMO": -6.96013, "HOMO": -11.6176, "gap": 4.65747}
