{"LUMO": -6.50026, "HOMO": -10.7888, "gap": 4.28854}
