{"LUMO": -6.37373, "HOMO": -11.4865, "gap": 5.11277}
