{"LUMO": -6.43767, "HOMO": -11.4108, "gap": 4.97313}
