{"LUMO": -6.27522, "HOMO": -11.5009, "gap": 5.22568}
