{"LUMO": -6.59115, "HOMO": -11.3314, "gap": 4.74025}
