{"LUMO": -6.42597, "HOMO": -10.8138, "gap": 4.38783}
