{"LUMO": -6.50489, "HOMO": -11.4457, "gap": 4.94081}
