{"LUMO": -6.96449, "HOMO": -11.3004, "gap": 4.33591}
