{"LUMO": -6.72094, "HOMO": -11.2715, "gap": 4.55056}
