{"LUMO": -7.54627, "HOMO": -13.0288, "gap": 5.48253}
