{"LUMO": -6.72883, "HOMO": -11.342, "gap": 4.61317}
