{"LUMO": -6.41863, "HOMO": -11.5831, "gap": 5.16447}
