{"LUMO": -6.70679, "HOMO": -11.4582, "gap": 4.75141}
