{"LUMO": -7.11442, "HOMO": -12.5461, "gap": 5.43168}
