{"LUMO": -6.66081, "HOMO": -11.2323, "gap": 4.57149}
