{"LUMO": -6.57972, "HOMO": -10.9267, "gap": 4.34698}
