{"LUMO": -6.52448, "HOMO": -10.9439, "gap": 4.41942}
