{"LUMO": -6.83033, "HOMO": -11.0057, "gap": 4.17537}
