{"LUMO": -6.59604, "HOMO": -10.9972, "gap": 4.40116}
