{"LUMO": -7.63117, "HOMO": -12.4225, "gap": 4.79133}
