{"LUMO": -5.74133, "HOMO": -10.527, "gap": 4.78567}
