{"LUMO": -6.59822, "HOMO": -10.8345, "gap": 4.23628}
