{"LUMO": -6.35332, "HOMO": -10.9009, "gap": 4.54758}
