{"LUMO": -6.91931, "HOMO": -11.7874, "gap": 4.86809}
