{"LUMO": -6.09699, "HOMO": -11.1738, "gap": 5.07681}
