{"LUMO": -5.66922, "HOMO": -10.4484, "gap": 4.77918}
