{"LUMO": -5.99712, "HOMO": -11.1052, "gap": 5.10808}
