{"LUMO": -6.00501, "HOMO": -11.3292, "gap": 5.32419}
