{"LUMO": -5.67684, "HOMO": -10.5395, "gap": 4.86266}
