{"LUMO": -6.08556, "HOMO": -11.8623, "gap": 5.77674}
