{"LUMO": -6.17726, "HOMO": -11.3529, "gap": 5.17564}
