{"LUMO": -5.87113, "HOMO": -11.0712, "gap": 5.20007}
