{"LUMO": -6.17644, "HOMO": -11.5839, "gap": 5.40746}
