{"LUMO": -6.84067, "HOMO": -12.1134, "gap": 5.27273}
