{"LUMO": -6.89673, "HOMO": -11.6057, "gap": 4.70897}
