{"LUMO": -6.47223, "HOMO": -11.2544, "gap": 4.78217}
