{"LUMO": -6.81972, "HOMO": -11.9945, "gap": 5.17478}
