{"LUMO": -6.53808, "HOMO": -11.5518, "gap": 5.01372}
