{"LUMO": -6.67632, "HOMO": -11.5757, "gap": 4.89938}
