{"LUMO": -7.48558, "HOMO": -13.2378, "gap": 5.75222}
