{"LUMO": -6.34733, "HOMO": -11.118, "gap": 4.77067}
