{"LUMO": -6.38842, "HOMO": -12.0702, "gap": 5.68178}
