{"LUMO": -6.50461, "HOMO": -11.3727, "gap": 4.86809}
