{"LUMO": -6.03903, "HOMO": -11.3374, "gap": 5.29837}
