{"LUMO": -5.86161, "HOMO": -10.5621, "gap": 4.70049}
