{"LUMO": -6.05562, "HOMO": -11.1825, "gap": 5.12688}
