{"LUMO": -5.75657, "HOMO": -10.687, "gap": 4.93043}
