{"LUMO": -6.21182, "HOMO": -11.5175, "gap": 5.30568}
