{"LUMO": -5.93236, "HOMO": -11.1654, "gap": 5.23304}
