{"LUMO": -6.91741, "HOMO": -11.8454, "gap": 4.92799}
