{"LUMO": -6.05835, "HOMO": -11.3014, "gap": 5.24305}
