{"LUMO": -5.85426, "HOMO": -10.7899, "gap": 4.93564}
