{"LUMO": -6.14542, "HOMO": -11.5678, "gap": 5.42238}
