{"LUMO": -6.38352, "HOMO": -11.6552, "gap": 5.27168}
