{"LUMO": -7.03387, "HOMO": -12.7211, "gap": 5.68723}
