{"LUMO": -6.03113, "HOMO": -11.0345, "gap": 5.00337}
