{"LUMO": -6.04148, "HOMO": -10.6911, "gap": 4.64962}
