{"LUMO": -5.86297, "HOMO": -10.5439, "gap": 4.68093}
