{"LUMO": -6.23685, "HOMO": -10.9224, "gap": 4.68555}
