{"LUMO": -5.93753, "HOMO": -10.9461, "gap": 5.00857}
