{"LUMO": -6.10324, "HOMO": -11.0971, "gap": 4.99386}
