{"LUMO": -6.10297, "HOMO": -10.6299, "gap": 4.52693}
