{"LUMO": -7.03387, "HOMO": -12.7744, "gap": 5.74053}
