{"LUMO": -6.10379, "HOMO": -10.8432, "gap": 4.73941}
