{"LUMO": -6.33862, "HOMO": -11.1289, "gap": 4.79028}
