{"LUMO": -6.16365, "HOMO": -11.5608, "gap": 5.39715}
