{"LUMO": -6.22896, "HOMO": -10.8342, "gap": 4.60524}
