{"LUMO": -6.55822, "HOMO": -11.6457, "gap": 5.08748}
