{"LUMO": -6.07576, "HOMO": -10.5896, "gap": 4.51384}
