{"LUMO": -6.83088, "HOMO": -11.7232, "gap": 4.89232}
