{"LUMO": -6.73128, "HOMO": -11.6576, "gap": 4.92632}
