{"LUMO": -6.85346, "HOMO": -11.564, "gap": 4.71054}
