{"LUMO": -5.99712, "HOMO": -10.6805, "gap": 4.68338}
