{"LUMO": -6.66979, "HOMO": -11.3303, "gap": 4.66051}
