{"LUMO": -6.00664, "HOMO": -11.0783, "gap": 5.07166}
