{"LUMO": -6.74679, "HOMO": -11.7529, "gap": 5.00611}
