{"LUMO": -6.61591, "HOMO": -11.7308, "gap": 5.11489}
