{"LUMO": -6.33998, "HOMO": -11.1899, "gap": 4.84992}
