{"LUMO": -6.46216, "HOMO": -11.1918, "gap": 4.72964}
