{"LUMO": -5.94705, "HOMO": -10.9784, "gap": 5.03135}
