{"LUMO": -5.85127, "HOMO": -11.4242, "gap": 5.57293}
