{"LUMO": -6.26134, "HOMO": -10.5934, "gap": 4.33206}
