{"LUMO": -5.96583, "HOMO": -11.9472, "gap": 5.98137}
