{"LUMO": -5.75712, "HOMO": -10.1945, "gap": 4.43738}
