{"LUMO": -6.39441, "HOMO": -11.3414, "gap": 4.94699}
