{"LUMO": -6.20257, "HOMO": -10.7997, "gap": 4.59713}
