{"LUMO": -6.30026, "HOMO": -11.631, "gap": 5.33074}
