{"LUMO": -6.02324, "HOMO": -10.5496, "gap": 4.52636}
