{"LUMO": -6.25345, "HOMO": -11.7482, "gap": 5.49475}
