{"LUMO": -6.41672, "HOMO": -12.2547, "gap": 5.83798}
