{"LUMO": -6.41237, "HOMO": -10.8135, "gap": 4.40113}
