{"LUMO": -6.94571, "HOMO": -12.8185, "gap": 5.87279}
