{"LUMO": -6.27168, "HOMO": -12.1548, "gap": 5.88312}
