{"LUMO": -6.13699, "HOMO": -10.5319, "gap": 4.39491}
