{"LUMO": -5.75222, "HOMO": -9.90604, "gap": 4.15382}
