{"LUMO": -5.72065, "HOMO": -10.0625, "gap": 4.34185}
