{"LUMO": -6.05726, "HOMO": -11.7697, "gap": 5.71244}
