{"LUMO": -6.16202, "HOMO": -10.6884, "gap": 4.52638}
