{"LUMO": -5.89698, "HOMO": -11.3074, "gap": 5.41042}
