{"LUMO": -6.17672, "HOMO": -10.8903, "gap": 4.71358}
