{"LUMO": -6.01916, "HOMO": -10.3319, "gap": 4.31274}
