{"LUMO": -6.15767, "HOMO": -10.426, "gap": 4.26833}
