{"LUMO": -6.25889, "HOMO": -10.7058, "gap": 4.44691}
