{"LUMO": -5.97073, "HOMO": -9.75774, "gap": 3.78701}
