{"LUMO": -6.03685, "HOMO": -10.5882, "gap": 4.55135}
