{"LUMO": -5.97671, "HOMO": -10.1558, "gap": 4.17909}
