{"LUMO": -6.25753, "HOMO": -10.5153, "gap": 4.25777}
