{"LUMO": -5.86569, "HOMO": -10.3055, "gap": 4.43981}
