{"LUMO": -6.04229, "HOMO": -11.2568, "gap": 5.21451}
