{"LUMO": -6.09644, "HOMO": -10.6065, "gap": 4.51006}
