{"LUMO": -5.85208, "HOMO": -10.1058, "gap": 4.25372}
