{"LUMO": -5.93263, "HOMO": -9.69161, "gap": 3.75898}
