{"LUMO": -6.45699, "HOMO": -11.9961, "gap": 5.53911}
