{"LUMO": -5.99032, "HOMO": -10.1245, "gap": 4.13418}
