{"LUMO": -5.95168, "HOMO": -10.0198, "gap": 4.06812}
