{"LUMO": -6.19712, "HOMO": -10.1341, "gap": 3.93698}
