{"LUMO": -6.04665, "HOMO": -10.708, "gap": 4.66135}
