{"LUMO": -6.07875, "HOMO": -11.3039, "gap": 5.22515}
