{"LUMO": -5.86161, "HOMO": -10.6862, "gap": 4.82459}
