{"LUMO": -5.97426, "HOMO": -10.9175, "gap": 4.94324}
