{"LUMO": -5.94814, "HOMO": -10.7126, "gap": 4.76446}
