{"LUMO": -6.21862, "HOMO": -10.9115, "gap": 4.69288}
