{"LUMO": -5.86215, "HOMO": -10.668, "gap": 4.80585}
