{"LUMO": -6.27604, "HOMO": -11.3224, "gap": 5.04636}
