{"LUMO": -6.08012, "HOMO": -11.1969, "gap": 5.11678}
