{"LUMO": -6.07767, "HOMO": -11.3697, "gap": 5.29203}
