{"LUMO": -5.81753, "HOMO": -10.5534, "gap": 4.73587}
