{"LUMO": -7.09428, "HOMO": -12.0786, "gap": 4.98432}
