{"LUMO": -6.51332, "HOMO": -11.6331, "gap": 5.11978}
