{"LUMO": -6.23114, "HOMO": -11.0968, "gap": 4.86566}
