{"LUMO": -6.54135, "HOMO": -11.607, "gap": 5.06565}
