{"LUMO": -6.03875, "HOMO": -10.6797, "gap": 4.64095}
