{"LUMO": -5.99658, "HOMO": -10.7107, "gap": 4.71412}
