{"LUMO": -6.00365, "HOMO": -11.1757, "gap": 5.17205}
