{"LUMO": -6.07767, "HOMO": -10.9659, "gap": 4.88823}
