{"LUMO": -6.48774, "HOMO": -11.7983, "gap": 5.31056}
