{"LUMO": -6.06052, "HOMO": -10.9673, "gap": 4.90678}
