{"LUMO": -6.37345, "HOMO": -10.8535, "gap": 4.48005}
