{"LUMO": -7.00313, "HOMO": -12.5689, "gap": 5.56577}
