{"LUMO": -6.27685, "HOMO": -10.672, "gap": 4.39515}
