{"LUMO": -6.13617, "HOMO": -10.5572, "gap": 4.42103}
