{"LUMO": -6.18951, "HOMO": -10.7836, "gap": 4.59409}
