{"LUMO": -6.28937, "HOMO": -11.4971, "gap": 5.20773}
