{"LUMO": -6.70135, "HOMO": -11.896, "gap": 5.19465}
