{"LUMO": -5.93045, "HOMO": -10.3145, "gap": 4.38405}
