{"LUMO": -6.50189, "HOMO": -10.5161, "gap": 4.01421}
