{"LUMO": -6.46951, "HOMO": -11.087, "gap": 4.61749}
