{"LUMO": -6.98925, "HOMO": -11.6383, "gap": 4.64905}
