{"LUMO": -6.67387, "HOMO": -11.1599, "gap": 4.48603}
