{"LUMO": -6.99469, "HOMO": -11.6786, "gap": 4.68391}
