{"LUMO": -6.59359, "HOMO": -11.1534, "gap": 4.55981}
