{"LUMO": -6.75251, "HOMO": -11.7017, "gap": 4.94919}
