{"LUMO": -5.82025, "HOMO": -10.5741, "gap": 4.75385}
