{"LUMO": -6.42624, "HOMO": -10.8361, "gap": 4.40986}
