{"LUMO": -6.77673, "HOMO": -11.5654, "gap": 4.78867}
