{"LUMO": -6.44992, "HOMO": -10.6473, "gap": 4.19738}
