{"LUMO": -5.91875, "HOMO": -10.6647, "gap": 4.74595}
