{"LUMO": -6.58897, "HOMO": -11.7703, "gap": 5.18133}
