{"LUMO": -6.24937, "HOMO": -10.9774, "gap": 4.72803}
