{"LUMO": -5.97916, "HOMO": -10.1948, "gap": 4.21564}
