{"LUMO": -6.50244, "HOMO": -11.659, "gap": 5.15656}
