{"LUMO": -6.18107, "HOMO": -10.9578, "gap": 4.77673}
