{"LUMO": -6.08474, "HOMO": -10.6625, "gap": 4.57776}
