{"LUMO": -6.00147, "HOMO": -10.6794, "gap": 4.67793}
