{"LUMO": -5.86161, "HOMO": -9.77842, "gap": 3.91681}
