{"LUMO": -6.15141, "HOMO": -10.6176, "gap": 4.46619}
