{"LUMO": -5.98052, "HOMO": -10.6407, "gap": 4.66018}
