{"LUMO": -6.04937, "HOMO": -10.7539, "gap": 4.70453}
