{"LUMO": -6.45944, "HOMO": -10.5537, "gap": 4.09426}
