{"LUMO": -5.96746, "HOMO": -10.8092, "gap": 4.84174}
