{"LUMO": -5.77263, "HOMO": -10.2473, "gap": 4.47467}
