{"LUMO": -6.07495, "HOMO": -10.3441, "gap": 4.26915}
