{"LUMO": -6.55686, "HOMO": -11.6293, "gap": 5.07244}
