{"LUMO": -6.30924, "HOMO": -10.8993, "gap": 4.59006}
