{"LUMO": -6.09209, "HOMO": -10.4258, "gap": 4.33371}
