{"LUMO": -5.74514, "HOMO": -10.041, "gap": 4.29586}
