{"LUMO": -6.16393, "HOMO": -10.6827, "gap": 4.51877}
