{"LUMO": -6.69482, "HOMO": -10.5673, "gap": 3.87248}
