{"LUMO": -6.36148, "HOMO": -10.8427, "gap": 4.48122}
