{"LUMO": -5.98052, "HOMO": -10.1782, "gap": 4.19768}
