{"LUMO": -6.25699, "HOMO": -10.4486, "gap": 4.19161}
