{"LUMO": -5.91467, "HOMO": -10.3779, "gap": 4.46323}
