{"LUMO": -6.52557, "HOMO": -11.238, "gap": 4.71243}
