{"LUMO": -6.16012, "HOMO": -10.3986, "gap": 4.23848}
