{"LUMO": -6.54108, "HOMO": -11.4021, "gap": 4.86102}
