{"LUMO": -5.95249, "HOMO": -9.85434, "gap": 3.90185}
