{"LUMO": -6.40747, "HOMO": -11.216, "gap": 4.80853}
