{"LUMO": -6.17399, "HOMO": -10.5055, "gap": 4.33151}
