{"LUMO": -6.32556, "HOMO": -10.7915, "gap": 4.46594}
