{"LUMO": -6.44856, "HOMO": -10.829, "gap": 4.38044}
