{"LUMO": -6.69972, "HOMO": -11.3608, "gap": 4.66108}
