{"LUMO": -6.03168, "HOMO": -10.4584, "gap": 4.42672}
