{"LUMO": -6.29481, "HOMO": -10.4252, "gap": 4.13039}
