{"LUMO": -6.33454, "HOMO": -10.85, "gap": 4.51546}
