{"LUMO": -6.26406, "HOMO": -10.6203, "gap": 4.35624}
