{"LUMO": -5.84637, "HOMO": -10.2818, "gap": 4.43543}
