{"LUMO": -6.43005, "HOMO": -11.0688, "gap": 4.63875}
