{"LUMO": -5.94678, "HOMO": -10.3357, "gap": 4.38892}
