{"LUMO": -6.22025, "HOMO": -10.8288, "gap": 4.60855}
