{"LUMO": -6.57999, "HOMO": -11.0813, "gap": 4.50131}
