{"LUMO": -6.14025, "HOMO": -10.8582, "gap": 4.71795}
