{"LUMO": -6.02624, "HOMO": -10.5216, "gap": 4.49536}
