{"LUMO": -5.93481, "HOMO": -10.2413, "gap": 4.30649}
