{"LUMO": -6.10216, "HOMO": -10.7469, "gap": 4.64474}
