{"LUMO": -6.32094, "HOMO": -10.428, "gap": 4.10706}
