{"LUMO": -7.58708, "HOMO": -12.4821, "gap": 4.89502}
