{"LUMO": -6.56339, "HOMO": -11.4851, "gap": 4.92171}
