{"LUMO": -6.29264, "HOMO": -10.8486, "gap": 4.55596}
