{"LUMO": -6.63659, "HOMO": -10.982, "gap": 4.34541}
