{"LUMO": -6.17617, "HOMO": -10.5839, "gap": 4.40773}
