{"LUMO": -5.99821, "HOMO": -10.4399, "gap": 4.44169}
