{"LUMO": -6.23849, "HOMO": -11.1722, "gap": 4.93371}
