{"LUMO": -6.15277, "HOMO": -10.588, "gap": 4.43523}
