{"LUMO": -6.14624, "HOMO": -10.6127, "gap": 4.46646}
