{"LUMO": -5.92474, "HOMO": -11.0805, "gap": 5.15576}
