{"LUMO": -5.98379, "HOMO": -10.1047, "gap": 4.12091}
