{"LUMO": -5.98052, "HOMO": -11.111, "gap": 5.13048}
