{"LUMO": -6.52693, "HOMO": -12.1561, "gap": 5.62917}
