{"LUMO": -7.09265, "HOMO": -11.5042, "gap": 4.41155}
