{"LUMO": -6.01889, "HOMO": -11.4171, "gap": 5.39821}
