{"LUMO": -6.40339, "HOMO": -12.0114, "gap": 5.60801}
