{"LUMO": -6.27577, "HOMO": -11.8277, "gap": 5.55193}
