{"LUMO": -6.78598, "HOMO": -11.3052, "gap": 4.51922}
