{"LUMO": -6.27332, "HOMO": -11.1281, "gap": 4.85478}
