{"LUMO": -6.37536, "HOMO": -11.8933, "gap": 5.51794}
