{"LUMO": -6.38624, "HOMO": -11.8073, "gap": 5.42106}
