{"LUMO": -6.32801, "HOMO": -11.6585, "gap": 5.33049}
