{"LUMO": -6.38379, "HOMO": -11.6799, "gap": 5.29611}
