{"LUMO": -6.41645, "HOMO": -11.7161, "gap": 5.29965}
