{"LUMO": -6.17944, "HOMO": -11.3719, "gap": 5.19246}
