{"LUMO": -6.31495, "HOMO": -11.5716, "gap": 5.25665}
