{"LUMO": -6.23386, "HOMO": -11.7548, "gap": 5.52094}
