{"LUMO": -6.43441, "HOMO": -11.6274, "gap": 5.19299}
