{"LUMO": -6.06188, "HOMO": -10.6707, "gap": 4.60882}
