{"LUMO": -6.36502, "HOMO": -11.567, "gap": 5.20198}
