{"LUMO": -6.12338, "HOMO": -11.2944, "gap": 5.17102}
