{"LUMO": -6.53291, "HOMO": -12.01, "gap": 5.47709}
