{"LUMO": -6.24039, "HOMO": -10.8029, "gap": 4.56251}
