{"LUMO": -6.40339, "HOMO": -10.745, "gap": 4.34161}
