{"LUMO": -6.57754, "HOMO": -11.5749, "gap": 4.99736}
