{"LUMO": -6.06569, "HOMO": -11.3825, "gap": 5.31681}
