{"LUMO": -6.28502, "HOMO": -10.5093, "gap": 4.22428}
