{"LUMO": -6.36148, "HOMO": -11.0206, "gap": 4.65912}
