{"LUMO": -6.16774, "HOMO": -10.8612, "gap": 4.69346}
