{"LUMO": -6.58407, "HOMO": -11.0108, "gap": 4.42673}
