{"LUMO": -6.11876, "HOMO": -10.7961, "gap": 4.67734}
