{"LUMO": -6.29073, "HOMO": -11.4247, "gap": 5.13397}
