{"LUMO": -6.48121, "HOMO": -11.5284, "gap": 5.04719}
