{"LUMO": -6.47278, "HOMO": -10.6424, "gap": 4.16962}
