{"LUMO": -5.98188, "HOMO": -10.4666, "gap": 4.48472}
