{"LUMO": -6.93483, "HOMO": -11.7727, "gap": 4.83787}
