{"LUMO": -6.25264, "HOMO": -11.0291, "gap": 4.77646}
