{"LUMO": -6.47604, "HOMO": -11.7591, "gap": 5.28306}
