{"LUMO": -6.05617, "HOMO": -11.2769, "gap": 5.22073}
