{"LUMO": -6.11712, "HOMO": -10.8217, "gap": 4.70458}
