{"LUMO": -6.31359, "HOMO": -10.7741, "gap": 4.46051}
