{"LUMO": -6.17318, "HOMO": -10.5703, "gap": 4.39712}
