{"LUMO": -6.46189, "HOMO": -10.6035, "gap": 4.14161}
