{"LUMO": -6.49645, "HOMO": -11.7376, "gap": 5.24115}
