{"LUMO": -6.13671, "HOMO": -11.558, "gap": 5.42129}
