{"LUMO": -6.20311, "HOMO": -11.1227, "gap": 4.91959}
