{"LUMO": -7.20612, "HOMO": -12.8111, "gap": 5.60498}
