{"LUMO": -7.48613, "HOMO": -12.3385, "gap": 4.85237}
