{"LUMO": -6.28094, "HOMO": -10.8505, "gap": 4.56956}
