{"LUMO": -6.23985, "HOMO": -11.0372, "gap": 4.79735}
