{"LUMO": -6.40311, "HOMO": -11.275, "gap": 4.87189}
