{"LUMO": -6.24529, "HOMO": -11.3771, "gap": 5.13181}
