{"LUMO": -6.22161, "HOMO": -10.579, "gap": 4.35739}
