{"LUMO": -6.40175, "HOMO": -11.7425, "gap": 5.34075}
