{"LUMO": -7.06816, "HOMO": -11.5077, "gap": 4.43954}
