{"LUMO": -7.02217, "HOMO": -11.5678, "gap": 4.54563}
