{"LUMO": -6.83305, "HOMO": -11.7697, "gap": 4.93665}
