{"LUMO": -6.12801, "HOMO": -11.1221, "gap": 4.99409}
