{"LUMO": -6.63632, "HOMO": -11.733, "gap": 5.09668}
