{"LUMO": -6.83278, "HOMO": -11.7363, "gap": 4.90352}
