{"LUMO": -6.77537, "HOMO": -11.4459, "gap": 4.67053}
