{"LUMO": -6.66489, "HOMO": -11.7583, "gap": 5.09341}
