{"LUMO": -6.25998, "HOMO": -10.9376, "gap": 4.67762}
