{"LUMO": -6.22896, "HOMO": -11.2565, "gap": 5.02754}
