{"LUMO": -6.04202, "HOMO": -10.7041, "gap": 4.66208}
