{"LUMO": -6.51931, "HOMO": -10.9991, "gap": 4.47979}
