{"LUMO": -6.40339, "HOMO": -11.1594, "gap": 4.75601}
