{"LUMO": -7.12911, "HOMO": -11.2718, "gap": 4.14269}
