{"LUMO": -7.53701, "HOMO": -12.2944, "gap": 4.75739}
