{"LUMO": -6.76884, "HOMO": -10.9597, "gap": 4.19086}
