{"LUMO": -6.18678, "HOMO": -10.7499, "gap": 4.56312}
