{"LUMO": -6.46842, "HOMO": -11.0429, "gap": 4.57448}
