{"LUMO": -6.93619, "HOMO": -11.0598, "gap": 4.12361}
