{"LUMO": -5.73072, "HOMO": -10.5967, "gap": 4.86598}
