{"LUMO": -7.43851, "HOMO": -11.3608, "gap": 3.92229}
