{"LUMO": -5.59194, "HOMO": -10.2992, "gap": 4.70726}
