{"LUMO": -5.72092, "HOMO": -10.3961, "gap": 4.67518}
