{"LUMO": -5.74814, "HOMO": -10.5123, "gap": 4.76416}
