{"LUMO": -6.04719, "HOMO": -11.1858, "gap": 5.13861}
