{"LUMO": -5.65752, "HOMO": -10.3463, "gap": 4.68878}
