{"LUMO": -5.69317, "HOMO": -10.573, "gap": 4.87983}
