{"LUMO": -5.64528, "HOMO": -10.3792, "gap": 4.73392}
