{"LUMO": -6.67877, "HOMO": -11.8824, "gap": 5.20363}
