{"LUMO": -6.16311, "HOMO": -11.3325, "gap": 5.16939}
