{"LUMO": -5.71712, "HOMO": -10.5597, "gap": 4.84258}
