{"LUMO": -6.17998, "HOMO": -11.6685, "gap": 5.48852}
