{"LUMO": -6.95605, "HOMO": -12.5689, "gap": 5.61285}
