{"LUMO": -6.09427, "HOMO": -11.6432, "gap": 5.54893}
