{"LUMO": -6.32992, "HOMO": -11.6233, "gap": 5.29338}
