{"LUMO": -6.15549, "HOMO": -11.7839, "gap": 5.62841}
