{"LUMO": -6.79305, "HOMO": -11.7621, "gap": 4.96905}
