{"LUMO": -6.05889, "HOMO": -11.0623, "gap": 5.00341}
