{"LUMO": -5.96011, "HOMO": -11.1556, "gap": 5.19549}
