{"LUMO": -5.63031, "HOMO": -9.94822, "gap": 4.31791}
