{"LUMO": -5.83031, "HOMO": -10.8005, "gap": 4.97019}
