{"LUMO": -5.85508, "HOMO": -10.3926, "gap": 4.53752}
