{"LUMO": -6.09971, "HOMO": -10.8206, "gap": 4.72089}
