{"LUMO": -5.66786, "HOMO": -10.0796, "gap": 4.41174}
