{"LUMO": -6.17263, "HOMO": -11.7597, "gap": 5.58707}
