{"LUMO": -6.79822, "HOMO": -12.0576, "gap": 5.25938}
