{"LUMO": -5.67058, "HOMO": -10.2198, "gap": 4.54922}
