{"LUMO": -6.68639, "HOMO": -12.3352, "gap": 5.64881}
