{"LUMO": -6.85074, "HOMO": -11.9491, "gap": 5.09836}
