{"LUMO": -5.91249, "HOMO": -10.8051, "gap": 4.89261}
