{"LUMO": -6.07467, "HOMO": -11.3812, "gap": 5.30653}
