{"LUMO": -6.10787, "HOMO": -11.53, "gap": 5.42213}
