{"LUMO": -6.13291, "HOMO": -11.2628, "gap": 5.12989}
