{"LUMO": -6.18896, "HOMO": -11.182, "gap": 4.99304}
