{"LUMO": -6.15685, "HOMO": -11.1923, "gap": 5.03545}
