{"LUMO": -6.48747, "HOMO": -11.8742, "gap": 5.38673}
