{"LUMO": -6.25318, "HOMO": -11.0021, "gap": 4.74892}
