{"LUMO": -6.16039, "HOMO": -11.3376, "gap": 5.17721}
