{"LUMO": -5.85943, "HOMO": -10.4633, "gap": 4.60387}
