{"LUMO": -6.01127, "HOMO": -10.7654, "gap": 4.75413}
