{"LUMO": -5.81889, "HOMO": -10.222, "gap": 4.40311}
