{"LUMO": -5.95059, "HOMO": -10.7855, "gap": 4.83491}
