{"LUMO": -6.42924, "HOMO": -11.268, "gap": 4.83876}
