{"LUMO": -6.23114, "HOMO": -11.3534, "gap": 5.12226}
