{"LUMO": -6.19277, "HOMO": -10.8247, "gap": 4.63193}
