{"LUMO": -6.22842, "HOMO": -10.8282, "gap": 4.59978}
