{"LUMO": -6.62081, "HOMO": -12.0375, "gap": 5.41669}
