{"LUMO": -6.08012, "HOMO": -11.2212, "gap": 5.14108}
