{"LUMO": -6.26597, "HOMO": -10.7126, "gap": 4.44663}
