{"LUMO": -5.65018, "HOMO": -10.2165, "gap": 4.56632}
