{"LUMO": -5.66569, "HOMO": -10.2489, "gap": 4.58321}
