{"LUMO": -5.76637, "HOMO": -10.2709, "gap": 4.50453}
