{"LUMO": -5.65507, "HOMO": -10.1373, "gap": 4.48223}
