{"LUMO": -6.21917, "HOMO": -11.1918, "gap": 4.97263}
