{"LUMO": -6.17155, "HOMO": -10.911, "gap": 4.73945}
