{"LUMO": -6.42189, "HOMO": -11.1893, "gap": 4.76741}
