{"LUMO": -6.08692, "HOMO": -11.5458, "gap": 5.45888}
