{"LUMO": -6.24393, "HOMO": -11.8089, "gap": 5.56497}
