{"LUMO": -6.32175, "HOMO": -11.3257, "gap": 5.00395}
