{"LUMO": -5.69344, "HOMO": -10.155, "gap": 4.46156}
