{"LUMO": -5.98515, "HOMO": -10.3991, "gap": 4.41395}
