{"LUMO": -5.97562, "HOMO": -11.591, "gap": 5.61538}
