{"LUMO": -6.21454, "HOMO": -11.0644, "gap": 4.84986}
