{"LUMO": -6.60312, "HOMO": -12.422, "gap": 5.81888}
