{"LUMO": -5.87766, "HOMO": -11.0285, "gap": 5.15084}
