{"LUMO": -6.01835, "HOMO": -10.5613, "gap": 4.54295}
