{"LUMO": -5.84338, "HOMO": -11.078, "gap": 5.23462}
