{"LUMO": -6.04556, "HOMO": -11.8601, "gap": 5.81454}
