{"LUMO": -5.93508, "HOMO": -11.8508, "gap": 5.91572}
