{"LUMO": -6.00528, "HOMO": -11.6269, "gap": 5.62162}
