{"LUMO": -5.95331, "HOMO": -10.253, "gap": 4.29969}
