{"LUMO": -6.30679, "HOMO": -11.7798, "gap": 5.47301}
