{"LUMO": -5.73507, "HOMO": -10.3077, "gap": 4.57263}
