{"LUMO": -5.85426, "HOMO": -10.2171, "gap": 4.36284}
