{"LUMO": -5.88066, "HOMO": -10.2916, "gap": 4.41094}
