{"LUMO": -6.15685, "HOMO": -10.6002, "gap": 4.44335}
