{"LUMO": -6.35713, "HOMO": -12.0427, "gap": 5.68557}
