{"LUMO": -5.90324, "HOMO": -10.4976, "gap": 4.59436}
