{"LUMO": -6.16311, "HOMO": -9.93379, "gap": 3.77068}
