{"LUMO": -5.89181, "HOMO": -10.0603, "gap": 4.16849}
