{"LUMO": -6.23495, "HOMO": -10.2127, "gap": 3.97775}
