{"LUMO": -5.80365, "HOMO": -10.3395, "gap": 4.53585}
