{"LUMO": -5.82351, "HOMO": -10.0443, "gap": 4.22079}
