{"LUMO": -5.68528, "HOMO": -10.1703, "gap": 4.48502}
