{"LUMO": -6.05998, "HOMO": -10.2709, "gap": 4.21092}
