{"LUMO": -6.00229, "HOMO": -9.9493, "gap": 3.94701}
