{"LUMO": -5.92174, "HOMO": -10.0152, "gap": 4.09346}
