{"LUMO": -5.91113, "HOMO": -10.0875, "gap": 4.17637}
