{"LUMO": -5.97181, "HOMO": -11.2345, "gap": 5.26269}
