{"LUMO": -5.95141, "HOMO": -11.394, "gap": 5.44259}
