{"LUMO": -5.94079, "HOMO": -10.7129, "gap": 4.77211}
