{"LUMO": -5.95249, "HOMO": -11.1499, "gap": 5.19741}
