{"LUMO": -5.90623, "HOMO": -10.9782, "gap": 5.07197}
