{"LUMO": -5.61834, "HOMO": -9.88427, "gap": 4.26593}
