{"LUMO": -5.94977, "HOMO": -10.9678, "gap": 5.01803}
