{"LUMO": -5.61562, "HOMO": -9.8908, "gap": 4.27518}
