{"LUMO": -5.93345, "HOMO": -11.2217, "gap": 5.28825}
