{"LUMO": -6.11903, "HOMO": -10.9311, "gap": 4.81207}
