{"LUMO": -5.74895, "HOMO": -10.1733, "gap": 4.42435}
