{"LUMO": -6.08284, "HOMO": -11.5189, "gap": 5.43606}
