{"LUMO": -5.66732, "HOMO": -10.0669, "gap": 4.39958}
