{"LUMO": -6.14134, "HOMO": -11.2786, "gap": 5.13726}
