{"LUMO": -5.79222, "HOMO": -10.5501, "gap": 4.75788}
