{"LUMO": -6.68611, "HOMO": -12.1055, "gap": 5.41939}
