{"LUMO": -5.59575, "HOMO": -10.0233, "gap": 4.42755}
