{"LUMO": -6.04882, "HOMO": -10.7836, "gap": 4.73478}
