{"LUMO": -6.42216, "HOMO": -12.1513, "gap": 5.72914}
