{"LUMO": -5.94787, "HOMO": -10.6851, "gap": 4.73723}
