{"LUMO": -6.07032, "HOMO": -10.8413, "gap": 4.77098}
