{"LUMO": -5.88827, "HOMO": -10.5665, "gap": 4.67823}
