{"LUMO": -6.17046, "HOMO": -11.1893, "gap": 5.01884}
