{"LUMO": -6.08773, "HOMO": -10.8187, "gap": 4.73097}
