{"LUMO": -5.94487, "HOMO": -10.9088, "gap": 4.96393}
