{"LUMO": -6.29753, "HOMO": -11.4378, "gap": 5.14027}
