{"LUMO": -6.10842, "HOMO": -11.127, "gap": 5.01858}
