{"LUMO": -5.89535, "HOMO": -10.422, "gap": 4.52665}
