{"LUMO": -6.25699, "HOMO": -10.7458, "gap": 4.48881}
