{"LUMO": -6.48965, "HOMO": -10.5841, "gap": 4.09445}
