{"LUMO": -6.48693, "HOMO": -11.1085, "gap": 4.62157}
