{"LUMO": -6.27713, "HOMO": -11.2549, "gap": 4.97777}
