{"LUMO": -5.87766, "HOMO": -10.3425, "gap": 4.46484}
