{"LUMO": -6.37998, "HOMO": -11.8269, "gap": 5.44692}
