{"LUMO": -5.64147, "HOMO": -9.87284, "gap": 4.23137}
