{"LUMO": -6.10678, "HOMO": -11.2712, "gap": 5.16442}
