{"LUMO": -5.92174, "HOMO": -10.1531, "gap": 4.23136}
