{"LUMO": -5.95222, "HOMO": -10.8448, "gap": 4.89258}
