{"LUMO": -6.35386, "HOMO": -11.459, "gap": 5.10514}
