{"LUMO": -6.00801, "HOMO": -10.8639, "gap": 4.85589}
