{"LUMO": -6.35196, "HOMO": -11.3823, "gap": 5.03034}
