{"LUMO": -6.36992, "HOMO": -11.3014, "gap": 4.93148}
