{"LUMO": -6.09508, "HOMO": -10.5327, "gap": 4.43762}
