{"LUMO": -5.94651, "HOMO": -10.1218, "gap": 4.17529}
