{"LUMO": -5.63303, "HOMO": -9.80182, "gap": 4.16879}
