{"LUMO": -6.02787, "HOMO": -10.4086, "gap": 4.38073}
