{"LUMO": -5.98324, "HOMO": -10.7028, "gap": 4.71956}
