{"LUMO": -6.27223, "HOMO": -11.3768, "gap": 5.10457}
