{"LUMO": -6.38325, "HOMO": -10.7855, "gap": 4.40225}
