{"LUMO": -6.35686, "HOMO": -11.0908, "gap": 4.73394}
