{"LUMO": -6.05916, "HOMO": -10.7012, "gap": 4.64204}
