{"LUMO": -6.22243, "HOMO": -11.0097, "gap": 4.78727}
