{"LUMO": -6.43577, "HOMO": -11.093, "gap": 4.65723}
