{"LUMO": -6.08665, "HOMO": -10.5724, "gap": 4.48575}
