{"LUMO": -5.96855, "HOMO": -10.5605, "gap": 4.59195}
