{"LUMO": -6.08148, "HOMO": -10.7172, "gap": 4.63572}
