{"LUMO": -5.70705, "HOMO": -9.73706, "gap": 4.03001}
