{"LUMO": -6.51169, "HOMO": -10.9999, "gap": 4.48821}
