{"LUMO": -6.00365, "HOMO": -10.4843, "gap": 4.48065}
