{"LUMO": -6.47223, "HOMO": -11.3523, "gap": 4.88007}
