{"LUMO": -6.03222, "HOMO": -10.7773, "gap": 4.74508}
