{"LUMO": -6.38543, "HOMO": -11.3684, "gap": 4.98297}
