{"LUMO": -5.64963, "HOMO": -9.86141, "gap": 4.21178}
