{"LUMO": -6.32556, "HOMO": -10.063, "gap": 3.73744}
