{"LUMO": -5.96392, "HOMO": -10.3839, "gap": 4.41998}
