{"LUMO": -6.49046, "HOMO": -11.4182, "gap": 4.92774}
