{"LUMO": -5.91576, "HOMO": -10.6748, "gap": 4.75904}
