{"LUMO": -6.19032, "HOMO": -10.4554, "gap": 4.26508}
