{"LUMO": -5.88093, "HOMO": -10.1567, "gap": 4.27577}
