{"LUMO": -6.41835, "HOMO": -11.2593, "gap": 4.84095}
