{"LUMO": -6.05508, "HOMO": -10.6054, "gap": 4.55032}
