{"LUMO": -5.68501, "HOMO": -10.0282, "gap": 4.34319}
