{"LUMO": -6.44692, "HOMO": -11.3368, "gap": 4.88988}
