{"LUMO": -6.11794, "HOMO": -10.2026, "gap": 4.08466}
