{"LUMO": -5.95086, "HOMO": -10.5626, "gap": 4.61174}
