{"LUMO": -5.81698, "HOMO": -10.1088, "gap": 4.29182}
