{"LUMO": -5.88283, "HOMO": -10.4897, "gap": 4.60687}
