{"LUMO": -5.78923, "HOMO": -10.032, "gap": 4.24277}
