{"LUMO": -6.39033, "HOMO": -10.7703, "gap": 4.37997}
