{"LUMO": -6.21454, "HOMO": -10.607, "gap": 4.39246}
