{"LUMO": -5.70405, "HOMO": -10.4552, "gap": 4.75115}
