{"LUMO": -6.26243, "HOMO": -10.7686, "gap": 4.50617}
