{"LUMO": -5.96936, "HOMO": -10.5733, "gap": 4.60394}
