{"LUMO": -6.48448, "HOMO": -11.0008, "gap": 4.51632}
