{"LUMO": -5.90242, "HOMO": -10.1656, "gap": 4.26318}
