{"LUMO": -5.74623, "HOMO": -9.85162, "gap": 4.10539}
