{"LUMO": -6.84176, "HOMO": -11.6655, "gap": 4.82374}
