{"LUMO": -6.35495, "HOMO": -10.8723, "gap": 4.51735}
