{"LUMO": -6.08501, "HOMO": -10.4777, "gap": 4.39269}
