{"LUMO": -6.47223, "HOMO": -10.5139, "gap": 4.04167}
