{"LUMO": -6.17018, "HOMO": -10.8152, "gap": 4.64502}
