{"LUMO": -5.88011, "HOMO": -9.95801, "gap": 4.07790}
