{"LUMO": -6.11522, "HOMO": -10.7044, "gap": 4.58918}
