{"LUMO": -6.03821, "HOMO": -10.9534, "gap": 4.91519}
