{"LUMO": -5.89725, "HOMO": -10.1703, "gap": 4.27305}
