{"LUMO": -6.99333, "HOMO": -11.422, "gap": 4.42867}
