{"LUMO": -6.15685, "HOMO": -10.487, "gap": 4.33015}
