{"LUMO": -6.22951, "HOMO": -11.1148, "gap": 4.88529}
