{"LUMO": -6.17699, "HOMO": -10.201, "gap": 4.02401}
