{"LUMO": -6.19277, "HOMO": -11.4367, "gap": 5.24393}
