{"LUMO": -6.19495, "HOMO": -11.595, "gap": 5.40005}
