{"LUMO": -6.29726, "HOMO": -11.7689, "gap": 5.47164}
