{"LUMO": -6.21209, "HOMO": -11.8538, "gap": 5.64171}
