{"LUMO": -6.15876, "HOMO": -11.4536, "gap": 5.29484}
