{"LUMO": -5.75004, "HOMO": -10.7839, "gap": 5.03386}
