{"LUMO": -6.16501, "HOMO": -11.647, "gap": 5.48199}
