{"LUMO": -5.91821, "HOMO": -11.2497, "gap": 5.33149}
