{"LUMO": -5.88773, "HOMO": -10.4269, "gap": 4.53917}
