{"LUMO": -5.92474, "HOMO": -10.2543, "gap": 4.32956}
