{"LUMO": -5.87004, "HOMO": -10.7368, "gap": 4.86676}
