{"LUMO": -6.16665, "HOMO": -11.2827, "gap": 5.11605}
