{"LUMO": -6.07576, "HOMO": -10.6056, "gap": 4.52984}
