{"LUMO": -6.13182, "HOMO": -11.2086, "gap": 5.07678}
