{"LUMO": -6.27549, "HOMO": -10.8753, "gap": 4.59981}
