{"LUMO": -5.90052, "HOMO": -10.7986, "gap": 4.89808}
