{"LUMO": -6.19985, "HOMO": -11.019, "gap": 4.81915}
