{"LUMO": -6.10869, "HOMO": -10.5305, "gap": 4.42181}
