{"LUMO": -6.31032, "HOMO": -10.7354, "gap": 4.42508}
