{"LUMO": -6.25481, "HOMO": -11.693, "gap": 5.43819}
