{"LUMO": -6.32801, "HOMO": -11.7142, "gap": 5.38619}
