{"LUMO": -6.10243, "HOMO": -10.8051, "gap": 4.70267}
