{"LUMO": -6.27577, "HOMO": -10.6105, "gap": 4.33473}
