{"LUMO": -5.88991, "HOMO": -11.33, "gap": 5.44009}
