{"LUMO": -6.42597, "HOMO": -10.9012, "gap": 4.47523}
