{"LUMO": -5.97372, "HOMO": -10.4617, "gap": 4.48798}
