{"LUMO": -6.31441, "HOMO": -11.3735, "gap": 5.05909}
