{"LUMO": -6.30515, "HOMO": -11.3436, "gap": 5.03845}
