{"LUMO": -6.32638, "HOMO": -10.7286, "gap": 4.40222}
