{"LUMO": -6.14896, "HOMO": -10.9969, "gap": 4.84794}
