{"LUMO": -5.86759, "HOMO": -10.4486, "gap": 4.58101}
