{"LUMO": -5.96093, "HOMO": -10.7855, "gap": 4.82457}
