{"LUMO": -6.26597, "HOMO": -10.9025, "gap": 4.63653}
