{"LUMO": -6.04583, "HOMO": -10.6753, "gap": 4.62947}
