{"LUMO": -6.33645, "HOMO": -10.632, "gap": 4.29555}
