{"LUMO": -5.99522, "HOMO": -10.875, "gap": 4.87978}
