{"LUMO": -6.63931, "HOMO": -11.3423, "gap": 4.70299}
