{"LUMO": -5.91331, "HOMO": -10.5216, "gap": 4.60829}
