{"LUMO": -6.41182, "HOMO": -11.2369, "gap": 4.82508}
