{"LUMO": -6.23114, "HOMO": -11.1224, "gap": 4.89126}
