{"LUMO": -6.66081, "HOMO": -11.9039, "gap": 5.24309}
