{"LUMO": -6.23413, "HOMO": -10.3667, "gap": 4.13257}
