{"LUMO": -6.26978, "HOMO": -11.4522, "gap": 5.18242}
