{"LUMO": -6.50543, "HOMO": -10.5303, "gap": 4.02487}
