{"LUMO": -6.61101, "HOMO": -12.2247, "gap": 5.61369}
