{"LUMO": -6.49944, "HOMO": -11.4489, "gap": 4.94946}
