{"LUMO": -6.33481, "HOMO": -11.7469, "gap": 5.41209}
