{"LUMO": -6.32964, "HOMO": -11.638, "gap": 5.30836}
