{"LUMO": -6.06025, "HOMO": -11.0737, "gap": 5.01345}
