{"LUMO": -6.40828, "HOMO": -10.4443, "gap": 4.03602}
