{"LUMO": -5.96447, "HOMO": -11.0873, "gap": 5.12283}
