{"LUMO": -5.99984, "HOMO": -10.9673, "gap": 4.96746}
