{"LUMO": -6.36066, "HOMO": -11.1727, "gap": 4.81204}
