{"LUMO": -6.44774, "HOMO": -11.2568, "gap": 4.80906}
