{"LUMO": -6.14406, "HOMO": -11.4508, "gap": 5.30674}
