{"LUMO": -6.19685, "HOMO": -11.0304, "gap": 4.83355}
