{"LUMO": -6.33536, "HOMO": -11.0114, "gap": 4.67604}
