{"LUMO": -6.45128, "HOMO": -11.1327, "gap": 4.68142}
