{"LUMO": -6.35658, "HOMO": -10.1678, "gap": 3.81122}
