{"LUMO": -5.98569, "HOMO": -11.2174, "gap": 5.23171}
