{"LUMO": -6.07222, "HOMO": -10.8549, "gap": 4.78268}
