{"LUMO": -6.12148, "HOMO": -10.1863, "gap": 4.06482}
