{"LUMO": -6.31985, "HOMO": -10.5787, "gap": 4.25885}
