{"LUMO": -6.46325, "HOMO": -11.1621, "gap": 4.69885}
