{"LUMO": -5.93426, "HOMO": -10.8016, "gap": 4.86734}
