{"LUMO": -6.41917, "HOMO": -11.314, "gap": 4.89483}
