{"LUMO": -6.32393, "HOMO": -11.7268, "gap": 5.40287}
