{"LUMO": -6.24964, "HOMO": -11.2027, "gap": 4.95306}
