{"LUMO": -6.27468, "HOMO": -11.3455, "gap": 5.07082}
