{"LUMO": -6.75169, "HOMO": -12.0609, "gap": 5.30921}
