{"LUMO": -6.13944, "HOMO": -10.9844, "gap": 4.84496}
