{"LUMO": -5.47602, "HOMO": -9.94032, "gap": 4.46430}
