{"LUMO": -5.56011, "HOMO": -10.1836, "gap": 4.62349}
