{"LUMO": -5.64528, "HOMO": -10.3923, "gap": 4.74702}
