{"LUMO": -6.54108, "HOMO": -11.2304, "gap": 4.68932}
