{"LUMO": -5.57017, "HOMO": -10.0056, "gap": 4.43543}
