{"LUMO": -6.48937, "HOMO": -10.8998, "gap": 4.41043}
