{"LUMO": -6.22189, "HOMO": -10.7077, "gap": 4.48581}
