{"LUMO": -5.68936, "HOMO": -10.5439, "gap": 4.85454}
