{"LUMO": -5.78025, "HOMO": -10.6054, "gap": 4.82515}
