{"LUMO": -6.12229, "HOMO": -11.5376, "gap": 5.41531}
