{"LUMO": -5.64664, "HOMO": -10.3836, "gap": 4.73696}
