{"LUMO": -6.10488, "HOMO": -11.6326, "gap": 5.52772}
