{"LUMO": -5.55058, "HOMO": -9.9142, "gap": 4.36362}
