{"LUMO": -5.70569, "HOMO": -10.2663, "gap": 4.56061}
