{"LUMO": -5.78623, "HOMO": -10.6753, "gap": 4.88907}
