{"LUMO": -6.01726, "HOMO": -11.2571, "gap": 5.23984}
