{"LUMO": -6.39522, "HOMO": -11.4253, "gap": 5.03008}
