{"LUMO": -5.71167, "HOMO": -10.5586, "gap": 4.84693}
