{"LUMO": -6.32366, "HOMO": -12.0609, "gap": 5.73724}
