{"LUMO": -6.17263, "HOMO": -11.8756, "gap": 5.70297}
