{"LUMO": -6.82625, "HOMO": -12.3864, "gap": 5.56015}
