{"LUMO": -5.61698, "HOMO": -10.4269, "gap": 4.80992}
