{"LUMO": -5.82324, "HOMO": -10.336, "gap": 4.51276}
