{"LUMO": -6.40937, "HOMO": -12.0043, "gap": 5.59493}
