{"LUMO": -5.89998, "HOMO": -10.9025, "gap": 5.00252}
