{"LUMO": -5.71848, "HOMO": -10.139, "gap": 4.42052}
