{"LUMO": -5.70814, "HOMO": -10.3327, "gap": 4.62456}
