{"LUMO": -5.81181, "HOMO": -10.9874, "gap": 5.17559}
