{"LUMO": -5.99794, "HOMO": -11.5638, "gap": 5.56586}
