{"LUMO": -5.92746, "HOMO": -10.8933, "gap": 4.96584}
