{"LUMO": -5.78487, "HOMO": -10.3499, "gap": 4.56503}
