{"LUMO": -6.15386, "HOMO": -10.7602, "gap": 4.60634}
