{"LUMO": -5.50487, "HOMO": -9.63528, "gap": 4.13041}
