{"LUMO": -5.75984, "HOMO": -10.2478, "gap": 4.48796}
