{"LUMO": -6.29209, "HOMO": -11.6813, "gap": 5.38921}
