{"LUMO": -6.29971, "HOMO": -11.3855, "gap": 5.08579}
