{"LUMO": -5.59956, "HOMO": -9.84563, "gap": 4.24607}
