{"LUMO": -5.60092, "HOMO": -9.98223, "gap": 4.38131}
