{"LUMO": -5.63956, "HOMO": -9.97189, "gap": 4.33233}
