{"LUMO": -6.55876, "HOMO": -12.0674, "gap": 5.50864}
