{"LUMO": -6.17753, "HOMO": -11.4337, "gap": 5.25617}
