{"LUMO": -5.81127, "HOMO": -10.4478, "gap": 4.63653}
