{"LUMO": -5.96039, "HOMO": -10.9458, "gap": 4.98541}
