{"LUMO": -6.40067, "HOMO": -11.6201, "gap": 5.21943}
