{"LUMO": -5.77181, "HOMO": -10.2043, "gap": 4.43249}
