{"LUMO": -6.30815, "HOMO": -11.5523, "gap": 5.24415}
