{"LUMO": -6.36883, "HOMO": -11.4677, "gap": 5.09887}
