{"LUMO": -6.07413, "HOMO": -10.8628, "gap": 4.78867}
