{"LUMO": -6.44148, "HOMO": -11.3357, "gap": 4.89422}
