{"LUMO": -5.92501, "HOMO": -10.7112, "gap": 4.78619}
