{"LUMO": -5.81753, "HOMO": -10.684, "gap": 4.86647}
