{"LUMO": -5.64419, "HOMO": -9.96019, "gap": 4.31600}
