{"LUMO": -6.38162, "HOMO": -11.3575, "gap": 4.97588}
