{"LUMO": -6.21699, "HOMO": -10.9806, "gap": 4.76361}
