{"LUMO": -5.67031, "HOMO": -10.2353, "gap": 4.56499}
