{"LUMO": -5.86433, "HOMO": -10.795, "gap": 4.93067}
