{"LUMO": -6.25264, "HOMO": -11.3692, "gap": 5.11656}
