{"LUMO": -6.42053, "HOMO": -11.5461, "gap": 5.12557}
