{"LUMO": -5.50378, "HOMO": -9.54603, "gap": 4.04225}
