{"LUMO": -5.82623, "HOMO": -10.2644, "gap": 4.43817}
