{"LUMO": -5.75358, "HOMO": -10.2737, "gap": 4.52012}
