{"LUMO": -5.75412, "HOMO": -11.0361, "gap": 5.28198}
