{"LUMO": -5.66922, "HOMO": -9.95121, "gap": 4.28199}
