{"LUMO": -5.59521, "HOMO": -9.65052, "gap": 4.05531}
