{"LUMO": -5.68718, "HOMO": -10.016, "gap": 4.32882}
