{"LUMO": -5.648, "HOMO": -9.84019, "gap": 4.19219}
