{"LUMO": -5.79521, "HOMO": -10.038, "gap": 4.24279}
