{"LUMO": -5.66868, "HOMO": -9.7659, "gap": 4.09722}
