{"LUMO": -5.66705, "HOMO": -9.97298, "gap": 4.30593}
