{"LUMO": -5.99113, "HOMO": -10.8837, "gap": 4.89257}
