{"LUMO": -5.99875, "HOMO": -10.7978, "gap": 4.79905}
