{"LUMO": -6.09563, "HOMO": -11.8013, "gap": 5.70567}
