{"LUMO": -5.91331, "HOMO": -11.702, "gap": 5.78869}
