{"LUMO": -5.73018, "HOMO": -11.3433, "gap": 5.61312}
