{"LUMO": -5.96909, "HOMO": -11.7284, "gap": 5.75931}
