{"LUMO": -5.66269, "HOMO": -11.5417, "gap": 5.87901}
