{"LUMO": -6.20746, "HOMO": -11.9398, "gap": 5.73234}
