{"LUMO": -5.72446, "HOMO": -11.0097, "gap": 5.28524}
