{"LUMO": -5.91794, "HOMO": -10.927, "gap": 5.00906}
