{"LUMO": -5.66296, "HOMO": -10.5988, "gap": 4.93584}
