{"LUMO": -6.16039, "HOMO": -11.88, "gap": 5.71961}
