{"LUMO": -6.31468, "HOMO": -11.714, "gap": 5.39932}
