{"LUMO": -5.83603, "HOMO": -11.0726, "gap": 5.23657}
