{"LUMO": -6.72856, "HOMO": -10.7945, "gap": 4.06594}
