{"LUMO": -6.85945, "HOMO": -9.92862, "gap": 3.06917}
