{"LUMO": -6.96612, "HOMO": -11.0424, "gap": 4.07628}
