{"LUMO": -6.69809, "HOMO": -10.4563, "gap": 3.75821}
