{"LUMO": -5.50459, "HOMO": -9.4331, "gap": 3.92851}
