{"LUMO": -6.32393, "HOMO": -9.75665, "gap": 3.43272}
