{"LUMO": -5.88174, "HOMO": -10.2592, "gap": 4.37746}
