{"LUMO": -6.25073, "HOMO": -10.0718, "gap": 3.82107}
