{"LUMO": -5.90977, "HOMO": -10.3441, "gap": 4.43433}
