{"LUMO": -6.61427, "HOMO": -10.1743, "gap": 3.56003}
