{"LUMO": -7.11741, "HOMO": -10.6984, "gap": 3.58099}
