{"LUMO": -7.85648, "HOMO": -9.6459, "gap": 1.78942}
