{"LUMO": -5.74433, "HOMO": -9.26058, "gap": 3.51625}
