{"LUMO": -6.19331, "HOMO": -9.39256, "gap": 3.19925}
