{"LUMO": -8.81051, "HOMO": -12.9605, "gap": 4.14999}
