{"LUMO": -8.74357, "HOMO": -12.9567, "gap": 4.21313}
