{"LUMO": -6.76856, "HOMO": -11.1156, "gap": 4.34704}
