{"LUMO": -6.58788, "HOMO": -9.70603, "gap": 3.11815}
