{"LUMO": -6.33318, "HOMO": -9.94631, "gap": 3.61313}
