{"LUMO": -5.90052, "HOMO": -9.57624, "gap": 3.67572}
