{"LUMO": -6.13862, "HOMO": -10.8451, "gap": 4.70648}
