{"LUMO": -6.48937, "HOMO": -10.2413, "gap": 3.75193}
