{"LUMO": -5.87848, "HOMO": -10.4274, "gap": 4.54892}
