{"LUMO": -6.51278, "HOMO": -10.1167, "gap": 3.60392}
