{"LUMO": -6.76394, "HOMO": -11.0862, "gap": 4.32226}
