{"LUMO": -7.62926, "HOMO": -11.8857, "gap": 4.25644}
