{"LUMO": -7.23769, "HOMO": -12.0429, "gap": 4.80521}
