{"LUMO": -7.14599, "HOMO": -11.0271, "gap": 3.88111}
