{"LUMO": -6.64666, "HOMO": -10.3466, "gap": 3.69994}
