{"LUMO": -6.90816, "HOMO": -10.7221, "gap": 3.81394}
