{"LUMO": -7.09265, "HOMO": -11.9556, "gap": 4.86295}
