{"LUMO": -6.84829, "HOMO": -10.3904, "gap": 3.54211}
