{"LUMO": -7.17429, "HOMO": -11.9836, "gap": 4.80931}
