{"LUMO": -7.65429, "HOMO": -11.8432, "gap": 4.18891}
