{"LUMO": -7.22299, "HOMO": -11.9463, "gap": 4.72331}
