{"LUMO": -7.98138, "HOMO": -13.566, "gap": 5.58462}
