{"LUMO": -9.31065, "HOMO": -14.9674, "gap": 5.65675}
