{"LUMO": -8.39118, "HOMO": -14.0814, "gap": 5.69022}
