{"LUMO": -7.57239, "HOMO": -13.209, "gap": 5.63661}
