{"LUMO": -7.96314, "HOMO": -12.5978, "gap": 4.63466}
