{"LUMO": -8.90656, "HOMO": -14.3671, "gap": 5.46054}
