{"LUMO": -7.09347, "HOMO": -11.8949, "gap": 4.80143}
