{"LUMO": -7.14272, "HOMO": -11.9238, "gap": 4.78108}
