{"LUMO": -8.28886, "HOMO": -13.9265, "gap": 5.63764}
