{"LUMO": -6.95877, "HOMO": -11.9589, "gap": 5.00013}
