{"LUMO": -7.02898, "HOMO": -11.8495, "gap": 4.82052}
