{"LUMO": -8.53377, "HOMO": -14.228, "gap": 5.69423}
