{"LUMO": -7.13864, "HOMO": -12.0642, "gap": 4.92556}
