{"LUMO": -8.38574, "HOMO": -13.8258, "gap": 5.44006}
