{"LUMO": -6.98027, "HOMO": -11.8878, "gap": 4.90753}
