{"LUMO": -7.44912, "HOMO": -11.7923, "gap": 4.34318}
