{"LUMO": -8.35363, "HOMO": -11.921, "gap": 3.56737}
