{"LUMO": -7.75362, "HOMO": -12.404, "gap": 4.65038}
