{"LUMO": -7.12068, "HOMO": -11.9034, "gap": 4.78272}
