{"LUMO": -7.43769, "HOMO": -11.7733, "gap": 4.33561}
