{"LUMO": -7.14408, "HOMO": -11.9902, "gap": 4.84612}
