{"LUMO": -7.47443, "HOMO": -11.8193, "gap": 4.34487}
