{"LUMO": -7.44313, "HOMO": -11.8903, "gap": 4.44717}
