{"LUMO": -7.62681, "HOMO": -12.5738, "gap": 4.94699}
