{"LUMO": -8.04995, "HOMO": -13.978, "gap": 5.92805}
