{"LUMO": -8.01349, "HOMO": -12.2737, "gap": 4.26021}
