{"LUMO": -7.80505, "HOMO": -12.6571, "gap": 4.85205}
