{"LUMO": -7.77511, "HOMO": -12.6865, "gap": 4.91139}
