{"LUMO": -8.45621, "HOMO": -13.7959, "gap": 5.33969}
