{"LUMO": -8.58656, "HOMO": -13.9834, "gap": 5.39684}
