{"LUMO": -9.09078, "HOMO": -14.8814, "gap": 5.79062}
