{"LUMO": -7.55416, "HOMO": -13.2862, "gap": 5.73204}
