{"LUMO": -7.54354, "HOMO": -13.111, "gap": 5.56746}
