{"LUMO": -8.88942, "HOMO": -14.7094, "gap": 5.81998}
