{"LUMO": -9.11092, "HOMO": -14.7369, "gap": 5.62598}
