{"LUMO": -7.27252, "HOMO": -13.0239, "gap": 5.75138}
