{"LUMO": -8.86139, "HOMO": -14.8172, "gap": 5.95581}
