{"LUMO": -7.97212, "HOMO": -13.9393, "gap": 5.96718}
