{"LUMO": -7.88668, "HOMO": -13.8155, "gap": 5.92882}
