{"LUMO": -8.27172, "HOMO": -13.9034, "gap": 5.63168}
