{"LUMO": -7.38708, "HOMO": -13.5352, "gap": 6.14812}
