{"LUMO": -8.55418, "HOMO": -14.3676, "gap": 5.81342}
