{"LUMO": -8.01049, "HOMO": -13.7374, "gap": 5.72691}
