{"LUMO": -8.36805, "HOMO": -14.0193, "gap": 5.65125}
