{"LUMO": -8.05267, "HOMO": -13.7143, "gap": 5.66163}
