{"LUMO": -8.11716, "HOMO": -13.8658, "gap": 5.74864}
