{"LUMO": -6.18978, "HOMO": -10.6729, "gap": 4.48312}
