{"LUMO": -6.19168, "HOMO": -10.5221, "gap": 4.33042}
