{"LUMO": -6.30815, "HOMO": -10.8359, "gap": 4.52775}
