{"LUMO": -8.21131, "HOMO": -13.791, "gap": 5.57969}
