{"LUMO": -8.13458, "HOMO": -13.5801, "gap": 5.44552}
