{"LUMO": -6.19522, "HOMO": -10.8198, "gap": 4.62458}
