{"LUMO": -6.45971, "HOMO": -10.7637, "gap": 4.30399}
