{"LUMO": -6.49101, "HOMO": -10.7724, "gap": 4.28139}
