{"LUMO": -6.16964, "HOMO": -10.6541, "gap": 4.48446}
