{"LUMO": -6.16365, "HOMO": -10.7077, "gap": 4.54405}
