{"LUMO": -6.28583, "HOMO": -10.8154, "gap": 4.52957}
