{"LUMO": -6.30134, "HOMO": -10.8497, "gap": 4.54836}
