{"LUMO": -6.32039, "HOMO": -10.6424, "gap": 4.32201}
