{"LUMO": -6.46978, "HOMO": -10.5493, "gap": 4.07952}
