{"LUMO": -6.26406, "HOMO": -10.5708, "gap": 4.30674}
