{"LUMO": -6.38733, "HOMO": -10.8554, "gap": 4.46807}
