{"LUMO": -6.55495, "HOMO": -10.6805, "gap": 4.12555}
