{"LUMO": -6.66788, "HOMO": -11.0865, "gap": 4.41862}
