{"LUMO": -6.78843, "HOMO": -11.1409, "gap": 4.35247}
