{"LUMO": -6.45373, "HOMO": -10.6105, "gap": 4.15677}
