{"LUMO": -6.66734, "HOMO": -11.155, "gap": 4.48766}
