{"LUMO": -6.45101, "HOMO": -11.1167, "gap": 4.66569}
