{"LUMO": -6.78244, "HOMO": -11.1485, "gap": 4.36606}
