{"LUMO": -6.65019, "HOMO": -11.6623, "gap": 5.01211}
