{"LUMO": -9.09024, "HOMO": -13.5676, "gap": 4.47736}
