{"LUMO": -7.00122, "HOMO": -12.2519, "gap": 5.25068}
