{"LUMO": -7.07714, "HOMO": -12.1621, "gap": 5.08496}
