{"LUMO": -9.00289, "HOMO": -13.403, "gap": 4.40011}
