{"LUMO": -7.07796, "HOMO": -12.2261, "gap": 5.14814}
