{"LUMO": -6.94299, "HOMO": -12.0756, "gap": 5.13261}
