{"LUMO": -9.46358, "HOMO": -13.7393, "gap": 4.27572}
