{"LUMO": -6.62026, "HOMO": -11.1986, "gap": 4.57834}
