{"LUMO": -7.25021, "HOMO": -12.4087, "gap": 5.15849}
