{"LUMO": -6.63169, "HOMO": -11.5872, "gap": 4.95551}
