{"LUMO": -7.31851, "HOMO": -12.5836, "gap": 5.26509}
