{"LUMO": -6.76693, "HOMO": -11.8538, "gap": 5.08687}
