{"LUMO": -7.20095, "HOMO": -12.4239, "gap": 5.22295}
