{"LUMO": -6.78843, "HOMO": -11.8046, "gap": 5.01617}
