{"LUMO": -7.51416, "HOMO": -12.6944, "gap": 5.18024}
