{"LUMO": -7.41048, "HOMO": -12.6362, "gap": 5.22572}
