{"LUMO": -7.05973, "HOMO": -12.2193, "gap": 5.15957}
