{"LUMO": -6.79904, "HOMO": -11.8394, "gap": 5.04036}
