{"LUMO": -7.01972, "HOMO": -12.084, "gap": 5.06428}
