{"LUMO": -6.64502, "HOMO": -11.7085, "gap": 5.06348}
