{"LUMO": -6.95741, "HOMO": -12.1273, "gap": 5.16989}
