{"LUMO": -6.60203, "HOMO": -11.6195, "gap": 5.01747}
