{"LUMO": -6.95333, "HOMO": -12.0231, "gap": 5.06977}
