{"LUMO": -7.01347, "HOMO": -12.1518, "gap": 5.13833}
