{"LUMO": -6.79822, "HOMO": -11.8851, "gap": 5.08688}
