{"LUMO": -6.93428, "HOMO": -12.0917, "gap": 5.15742}
