{"LUMO": -6.76802, "HOMO": -11.9015, "gap": 5.13348}
