{"LUMO": -6.76448, "HOMO": -12.1616, "gap": 5.39712}
