{"LUMO": -6.76203, "HOMO": -12.0266, "gap": 5.26457}
