{"LUMO": -6.98517, "HOMO": -12.0876, "gap": 5.10243}
