{"LUMO": -6.84013, "HOMO": -11.9455, "gap": 5.10537}
