{"LUMO": -7.12966, "HOMO": -12.1874, "gap": 5.05774}
