{"LUMO": -6.84775, "HOMO": -12.3151, "gap": 5.46735}
