{"LUMO": -6.82244, "HOMO": -11.9902, "gap": 5.16776}
