{"LUMO": -6.51169, "HOMO": -10.875, "gap": 4.36331}
