{"LUMO": -6.25645, "HOMO": -10.4473, "gap": 4.19085}
