{"LUMO": -6.43196, "HOMO": -10.5063, "gap": 4.07434}
