{"LUMO": -6.38162, "HOMO": -10.5161, "gap": 4.13448}
