{"LUMO": -6.57808, "HOMO": -10.7929, "gap": 4.21482}
