{"LUMO": -6.38788, "HOMO": -10.5099, "gap": 4.12202}
