{"LUMO": -6.77836, "HOMO": -10.4753, "gap": 3.69694}
