{"LUMO": -6.41128, "HOMO": -10.527, "gap": 4.11572}
