{"LUMO": -6.63577, "HOMO": -10.4633, "gap": 3.82753}
