{"LUMO": -6.64339, "HOMO": -11.084, "gap": 4.44061}
