{"LUMO": -6.70217, "HOMO": -10.4239, "gap": 3.72173}
