{"LUMO": -7.01564, "HOMO": -10.9768, "gap": 3.96116}
