{"LUMO": -6.98163, "HOMO": -11.1727, "gap": 4.19107}
