{"LUMO": -6.70707, "HOMO": -10.5088, "gap": 3.80173}
