{"LUMO": -6.87278, "HOMO": -10.915, "gap": 4.04222}
