{"LUMO": -6.94435, "HOMO": -11.2008, "gap": 4.25645}
