{"LUMO": -9.47964, "HOMO": -14.0283, "gap": 4.54866}
