{"LUMO": -6.59523, "HOMO": -11.4982, "gap": 4.90297}
