{"LUMO": -9.25269, "HOMO": -13.4854, "gap": 4.23271}
