{"LUMO": -7.22354, "HOMO": -12.0566, "gap": 4.83306}
