{"LUMO": -6.92122, "HOMO": -11.6141, "gap": 4.69288}
