{"LUMO": -9.69814, "HOMO": -13.9415, "gap": 4.24336}
