{"LUMO": -9.25324, "HOMO": -13.5124, "gap": 4.25916}
