{"LUMO": -7.05728, "HOMO": -11.7303, "gap": 4.67302}
