{"LUMO": -6.88938, "HOMO": -11.1738, "gap": 4.28442}
