{"LUMO": -7.10326, "HOMO": -12.0427, "gap": 4.93944}
