{"LUMO": -7.77729, "HOMO": -12.2819, "gap": 4.50461}
