{"LUMO": -7.39252, "HOMO": -12.2487, "gap": 4.85618}
