{"LUMO": -7.64096, "HOMO": -12.4479, "gap": 4.80694}
