{"LUMO": -7.70681, "HOMO": -12.403, "gap": 4.69619}
