{"LUMO": -7.70545, "HOMO": -12.2255, "gap": 4.52005}
