{"LUMO": -7.74709, "HOMO": -12.5205, "gap": 4.77341}
