{"LUMO": -7.52069, "HOMO": -12.1839, "gap": 4.66321}
