{"LUMO": -6.65618, "HOMO": -11.2555, "gap": 4.59932}
