{"LUMO": -7.59416, "HOMO": -12.2043, "gap": 4.61014}
