{"LUMO": -7.46518, "HOMO": -12.1371, "gap": 4.67192}
