{"LUMO": -7.35415, "HOMO": -12.145, "gap": 4.79085}
