{"LUMO": -7.44096, "HOMO": -12.0601, "gap": 4.61914}
