{"LUMO": -7.34245, "HOMO": -12.1673, "gap": 4.82485}
