{"LUMO": -7.50953, "HOMO": -12.0835, "gap": 4.57397}
