{"LUMO": -7.36694, "HOMO": -12.0903, "gap": 4.72336}
