{"LUMO": -6.94244, "HOMO": -11.5825, "gap": 4.64006}
