{"LUMO": -7.54926, "HOMO": -11.9662, "gap": 4.41694}
