{"LUMO": -6.93483, "HOMO": -11.9466, "gap": 5.01177}
