{"LUMO": -7.15714, "HOMO": -11.957, "gap": 4.79986}
