{"LUMO": -7.09891, "HOMO": -11.9698, "gap": 4.87089}
