{"LUMO": -7.29864, "HOMO": -11.8982, "gap": 4.59956}
