{"LUMO": -6.89482, "HOMO": -12.1763, "gap": 5.28148}
