{"LUMO": -7.09211, "HOMO": -12.1485, "gap": 5.05639}
