{"LUMO": -7.66763, "HOMO": -11.0603, "gap": 3.39267}
