{"LUMO": -6.79251, "HOMO": -11.007, "gap": 4.21449}
