{"LUMO": -7.21347, "HOMO": -11.0111, "gap": 3.79763}
