{"LUMO": -7.33565, "HOMO": -11.5194, "gap": 4.18375}
