{"LUMO": -7.27987, "HOMO": -11.1028, "gap": 3.82293}
