{"LUMO": -6.82108, "HOMO": -11.016, "gap": 4.19492}
