{"LUMO": -7.56695, "HOMO": -11.2857, "gap": 3.71875}
