{"LUMO": -6.64611, "HOMO": -10.9735, "gap": 4.32739}
