{"LUMO": -7.38327, "HOMO": -11.7488, "gap": 4.36553}
