{"LUMO": -7.19633, "HOMO": -10.9787, "gap": 3.78237}
