{"LUMO": -8.29267, "HOMO": -12.9069, "gap": 4.61423}
