{"LUMO": -8.08342, "HOMO": -12.7635, "gap": 4.68008}
