{"LUMO": -7.28204, "HOMO": -11.5248, "gap": 4.24276}
