{"LUMO": -7.18327, "HOMO": -11.73, "gap": 4.54673}
