{"LUMO": -9.98141, "HOMO": -14.1782, "gap": 4.19679}
