{"LUMO": -8.25186, "HOMO": -12.8326, "gap": 4.58074}
