{"LUMO": -7.37375, "HOMO": -12.007, "gap": 4.63325}
