{"LUMO": -8.35254, "HOMO": -13.0079, "gap": 4.65536}
