{"LUMO": -7.70409, "HOMO": -12.2786, "gap": 4.57451}
