{"LUMO": -7.76559, "HOMO": -12.2797, "gap": 4.51411}
