{"LUMO": -7.73212, "HOMO": -12.1028, "gap": 4.37068}
