{"LUMO": -8.02573, "HOMO": -12.4623, "gap": 4.43657}
