{"LUMO": -8.13947, "HOMO": -12.8443, "gap": 4.70483}
