{"LUMO": -7.35551, "HOMO": -12.0955, "gap": 4.73999}
