{"LUMO": -7.97321, "HOMO": -12.4285, "gap": 4.45529}
