{"LUMO": -7.90573, "HOMO": -12.3605, "gap": 4.45477}
