{"LUMO": -7.85675, "HOMO": -12.7273, "gap": 4.87055}
