{"LUMO": -7.83171, "HOMO": -12.1684, "gap": 4.33669}
