{"LUMO": -5.5631, "HOMO": -9.13868, "gap": 3.57558}
