{"LUMO": -6.6687, "HOMO": -9.75257, "gap": 3.08387}
