{"LUMO": -8.01866, "HOMO": -10.1847, "gap": 2.16604}
