{"LUMO": -8.32805, "HOMO": -12.2879, "gap": 3.95985}
