{"LUMO": -6.24121, "HOMO": -9.25623, "gap": 3.01502}
