{"LUMO": -5.79358, "HOMO": -10.1341, "gap": 4.34052}
