{"LUMO": -7.03986, "HOMO": -10.6165, "gap": 3.57664}
