{"LUMO": -7.67851, "HOMO": -11.847, "gap": 4.16849}
