{"LUMO": -8.16451, "HOMO": -11.0565, "gap": 2.89199}
