{"LUMO": -5.72609, "HOMO": -9.80372, "gap": 4.07763}
