{"LUMO": -7.84423, "HOMO": -9.5229, "gap": 1.67867}
