{"n_layer": 1, "d_interlayer": 4.020128778953224, "bond": {"x": [3.170792700601672, 3.275794123644334, 3.1671689553864337, 3.28984002328521, 3.2136159107897186, 3.240751563410201, 3.1644337652362347, 3.301936500504254], "y": [3.183225188395409, 3.22285351521533, 3.2206466917959964, 3.1826759821782584, 3.214440382052238, 3.142116158911257, 3.2224952691333923, 3.1683413125778563], "z": [3.4171831177471277, 3.0667404830548466, 3.1778103718521145, 3.2903623412456704, 3.2198331715107553, 3.247212843733263, 3.20425967490976, 3.2824778065465354], "x_average": 3.228041692857257, "y_average": 3.194599312532467, "z_average": 3.238234976325009, "xy_average": 3.2113205026948624, "average": 3.2202919939049113}, "angle_XMX": {"x": [177.3231241961666, 172.29850524998196, 174.17184800209864, 179.20433842386956], "y": [170.76070518538694, 166.4508749545878, 172.80081022754482, 164.76387099916377], "z": [170.5975175922529, 177.1387680578547, 172.48598142217259, 173.19848094178215], "x_average": 175.74945396802917, "y_average": 168.6940653416708, "z_average": 173.35518700351557, "xy_average": 172.22175965485, "average": 172.59956877107186}, "angle_MXM": {"x": [148.97820490219482, 143.33404340297685, 145.70065658628127, 150.35843578799273], "y": [154.14600773003355, 131.87775489057321, 134.14716622076162, 155.751627902003], "z": [], "x_average": 147.09283516986142, "y_average": 143.98063918584285, "z_average": NaN, "xy_average": 145.53673717785213, "average": 145.53673717785213}}