{"n_layer": 1, "d_interlayer": 5.539964331650106, "bond": {"x": [3.2563181939017447, 3.317580531376014, 3.247072030514668, 3.2395848678969252, 3.222568210076126, 3.2689383646186387, 3.1965150257791497, 3.219478302683061], "y": [3.224016401685401, 3.407776245686043, 3.1801128885982815, 3.3360613814779643, 3.228521206641158, 3.292236270563612, 3.1988334009115, 3.2398052334808036], "z": [3.2513784840187836, 3.095877093534185, 3.0814694559237035, 3.328903478949535, 3.0741235010211274, 3.3244888077795647, 3.3778818389119514, 3.0533599758685273], "x_average": 3.246006940855791, "y_average": 3.2634203786305953, "z_average": 3.1984353295009225, "xy_average": 3.254713659743193, "average": 3.235954216329103}, "angle_XMX": {"x": [171.1183422500354, 172.20115499709928, 173.46285978482697, 169.60905816126078], "y": [174.3499582915279, 175.21019267277399, 174.50252303133567, 170.28581228564133], "z": [175.8312030074323, 174.05542302177474, 179.15060558651908, 177.88435721184018], "x_average": 171.5978537983056, "y_average": 173.58712157031974, "z_average": 176.73039720689158, "xy_average": 172.59248768431266, "average": 173.97179085850564}, "angle_MXM": {"x": [151.3605486297835, 146.5439362277585, 139.84936615357486, 156.41612732934553], "y": [145.2515892139394, 146.4790198591547, 153.06194044512057, 152.67336396441462], "z": [], "x_average": 148.5424945851156, "y_average": 149.36647837065732, "z_average": NaN, "xy_average": 148.95448647788646, "average": 148.95448647788646}}