{"n_layer": 1, "d_interlayer": 5.426969203679869, "bond": {"x": [3.1850452536184073, 3.1821831101042912, 3.163936681436479, 3.1632139664740677, 3.2058604754036177, 3.2024564238225164, 3.185141242303844, 3.181675105734844], "y": [3.1838268064304343, 3.1838151749893555, 3.2032935587167506, 3.204990753459759, 3.1635336796301234, 3.1635185201476212, 3.1828486424041436, 3.183763388443865], "z": [3.2163167569461577, 3.213360805084272, 3.17937705507616, 3.181445828564488, 3.1788005885165123, 3.182700114222948, 3.1804583263532438, 3.1432945154831766], "x_average": 3.1836890323622584, "y_average": 3.1836988155277566, "z_average": 3.1844692487808697, "xy_average": 3.1836939239450075, "average": 3.1839523655569617}, "angle_XMX": {"x": [177.12555276215784, 179.73808303524956, 178.73539753807606, 176.70104529921747], "y": [177.0973527976218, 178.70073914841527, 179.46834530281913, 176.6894323317035], "z": [179.865494171778, 179.85413141804622, 179.8627136383199, 179.96310042808193], "x_average": 178.07501965867522, "y_average": 177.98896739513992, "z_average": 179.8863599140565, "xy_average": 178.03199352690757, "average": 178.65011565595725}, "angle_MXM": {"x": [159.45661915799957, 164.15287012114626, 159.45289107182504, 163.77523649397872], "y": [159.04043940306934, 159.83015513960052, 164.53592479939726, 163.43808875443096], "z": [], "x_average": 161.7094042112374, "y_average": 161.71115202412454, "z_average": NaN, "xy_average": 161.71027811768096, "average": 161.71027811768096}}