{"n_layer": 1, "d_interlayer": 8.844540233914952, "bond": {"x": [3.2351452419092936, 3.158047156758962, 3.2208861178296546, 3.1505980258096384, 3.2299584694155343, 3.163101535678973, 3.2153393871390783, 3.160234376904501], "y": [3.1537350651348173, 3.251327871161657, 3.1204197894848877, 3.2459834249854844, 3.144672852590863, 3.224288409764345, 3.1346719559521543, 3.243492083821188], "z": [3.3356605410957, 3.0876940970669047, 3.219639909587118, 3.2566903337735504, 3.2076356818049017, 3.2559768837039327, 3.1381668247563574, 3.3518790992258083], "x_average": 3.1916637889307045, "y_average": 3.1898239316119246, "z_average": 3.2316679213767845, "xy_average": 3.1907438602713145, "average": 3.2043852139731377}, "angle_XMX": {"x": [167.21589728015448, 169.16970076884806, 170.44396413706733, 165.90140568875444], "y": [167.56434583162988, 168.43299232812325, 163.64466458057007, 171.0741363975387], "z": [178.00729552538684, 172.78387868206607, 173.9904117348094, 176.44942480890538], "x_average": 168.18274196870607, "y_average": 167.67903478446547, "z_average": 175.30775268779195, "xy_average": 167.93088837658576, "average": 170.38984314698783}, "angle_MXM": {"x": [159.6820545589007, 138.57313498257096, 137.51057770785448, 161.9784565610403], "y": [154.63704500466355, 139.4276771288913, 138.67805640666813, 158.01381934609213], "z": [], "x_average": 149.4360559525916, "y_average": 147.6891494715788, "z_average": NaN, "xy_average": 148.5626027120852, "average": 148.5626027120852}}