{"n_layer": 1, "d_interlayer": 6.691691546956976, "bond": {"x": [3.257702000194719, 3.2157426405911065, 3.220002271694298, 3.2008357031943784, 3.2214427101338208, 3.2134611454738824, 3.21588361140252, 3.186240577098485], "y": [3.21875646889412, 3.219570833056236, 3.2132118755579673, 3.189748300194596, 3.2159316280576635, 3.1829614796369525, 3.205695024031088, 3.1752484076149767], "z": [3.2866616176859034, 3.1340481037545165, 3.2611022520746378, 3.1890271481801378, 3.266305649212945, 3.1702696272423534, 3.110056143626054, 3.3646959513813264], "x_average": 3.2164138324729015, "y_average": 3.20264050213045, "z_average": 3.2227708116447342, "xy_average": 3.2095271673016756, "average": 3.213941715416029}, "angle_XMX": {"x": [173.64261939829186, 170.59324090773484, 173.47731233266774, 173.61324363862676], "y": [173.9522200485364, 174.2771165004848, 172.07726474414548, 172.44365033788077], "z": [178.56514867708572, 174.971176947837, 177.37683833674618, 178.14314108702078], "x_average": 172.8316040693303, "y_average": 173.18756290776184, "z_average": 177.26407626217244, "xy_average": 173.00958348854607, "average": 174.42774774642155}, "angle_MXM": {"x": [142.86454617910968, 152.43873194135108, 148.84626661186746, 144.72593741143407], "y": [147.5104910606436, 143.37474949488447, 145.84057401918048, 148.81137676737794], "z": [], "x_average": 147.21887053594057, "y_average": 146.38429783552164, "z_average": NaN, "xy_average": 146.8015841857311, "average": 146.8015841857311}}