{"n_layer": 1, "d_interlayer": 6.128534717035118, "bond": {"x": [3.2478301663537144, 3.2055294578214033, 3.1781016896088077, 3.1920064068622462, 3.1981522613128632, 3.1856239195445517, 3.1876803471231483, 3.16666665171986], "y": [3.325693922424944, 3.173081833150843, 3.254272104739049, 3.1806411386107647, 3.3135268505686644, 3.1355296113613127, 3.206602007301877, 3.18196183992113], "z": [3.216811105037592, 3.184263504086752, 3.1455638774411745, 3.349340290505557, 3.1842645608971796, 3.3315332671456734, 3.3584881309870975, 3.118314685819102], "x_average": 3.1951988625433243, "y_average": 3.221413663509823, "z_average": 3.236072427740016, "xy_average": 3.2083062630265737, "average": 3.2175616512643876}, "angle_XMX": {"x": [168.59898846393654, 170.52578129630237, 166.86721270165276, 168.73897011777], "y": [176.19700141232272, 174.6050542725386, 171.88647966690334, 169.31537245236672], "z": [179.32122999717126, 173.94028801385093, 170.88550813062352, 178.02061247958517], "x_average": 168.68273814491542, "y_average": 173.00097695103284, "z_average": 175.54190965530773, "xy_average": 170.84185754797414, "average": 172.408541583752}, "angle_MXM": {"x": [134.35756912519443, 155.6919314574687, 155.8682303368796, 139.78430443757367], "y": [146.87914679620943, 147.01905515485473, 148.93336757340518, 151.99891501777947], "z": [], "x_average": 146.4255088392791, "y_average": 148.7076211355622, "z_average": NaN, "xy_average": 147.56656498742063, "average": 147.56656498742063}}