{"n_layer": 1, "d_interlayer": 8.273534370546729, "bond": {"x": [3.2399638439492224, 3.172071929861589, 3.3000227835147693, 3.1404596233746735, 3.2156001519285797, 3.176491863069235, 3.240662106789019, 3.157037919432463], "y": [3.135394043261522, 3.2097175053653926, 3.1439610113385155, 3.1907049581416986, 3.1723815389326644, 3.1832096502189247, 3.1852770005098896, 3.193773561114679], "z": [3.285638920742769, 3.16559521747809, 3.236916375976995, 3.2302786079918993, 3.2435992728910836, 3.2247988079629883, 3.1621515648014142, 3.2972660172338175], "x_average": 3.205288777739944, "y_average": 3.1768024086104107, "z_average": 3.2307805981348823, "xy_average": 3.1910455931751773, "average": 3.204290594828412}, "angle_XMX": {"x": [168.9079852075415, 172.33650929501465, 175.80941673714673, 170.3923368766206], "y": [171.66284309934872, 158.02435930357146, 174.96945904639307, 163.98329377066665], "z": [169.38161578811926, 172.26576287476024, 167.10085128292081, 171.33409006898438], "x_average": 171.86156202908086, "y_average": 167.15998880499498, "z_average": 170.02058000369618, "xy_average": 169.5107754170379, "average": 169.6807102792573}, "angle_MXM": {"x": [152.72176426648704, 141.10961079673925, 144.246492896784, 153.919589718471], "y": [155.88108226864978, 140.80511852985816, 139.34525491180293, 151.12533555910574], "z": [], "x_average": 147.99936441962032, "y_average": 146.78919781735414, "z_average": NaN, "xy_average": 147.39428111848724, "average": 147.39428111848724}}