{"n_layer": 1, "d_interlayer": 3.764872876121654, "bond": {"x": [3.1790279296656863, 3.3344204589623407, 3.2068430208664123, 3.2108881634719997, 3.1612163533764397, 3.3063390450585235, 3.1803867644161112, 3.184068934546986], "y": [3.2027273840223596, 3.214803027217264, 3.2159137553603054, 3.23821306064362, 3.17347540442933, 3.191877765527701, 3.1744883764115746, 3.180378984089187], "z": [3.207693829201941, 3.189331545872871, 3.1655213456047147, 3.166100023121032, 3.2138344055994015, 3.216186870800202, 3.1592253560789363, 3.157331641182572], "x_average": 3.2203988337955622, "y_average": 3.1989847197126675, "z_average": 3.1844031271827085, "xy_average": 3.209691776754115, "average": 3.2012622268969797}, "angle_XMX": {"x": [178.92550408627775, 179.23833648809617, 178.6947563206816, 179.35840530837683], "y": [177.69514988197687, 179.39138572907825, 178.0385215610676, 179.2907831917281], "z": [177.50758604255375, 179.36474054210422, 178.17378557865734, 179.49959789406876], "x_average": 179.0542505508581, "y_average": 178.60396009096272, "z_average": 178.63642751434602, "xy_average": 178.8291053209104, "average": 178.76487938538898}, "angle_MXM": {"x": [157.73638579509344, 168.76530529261908, 156.50622789578495, 169.16401322829284], "y": [152.8792089216057, 154.795430447638, 161.1087315506551, 159.96090741076566], "z": [], "x_average": 163.0429830529476, "y_average": 157.18606958266614, "z_average": NaN, "xy_average": 160.11452631780685, "average": 160.11452631780685}}