{"n_layer": 1, "d_interlayer": 4.113395536115699, "bond": {"x": [3.206625614356559, 3.167520480083748, 3.2413342702399923, 3.2391148241525882, 3.1703417919354524, 3.1686051773962776, 3.238003675872412, 3.2036196446928704], "y": [3.156122720606196, 3.2356751517411464, 3.117431825367923, 3.2108197677900283, 3.2081914755362786, 3.2725062596713497, 3.196150993044233, 3.2186475998343926], "z": [3.17394553737825, 3.3038951953659628, 3.2178626635430003, 3.2653703434304537, 3.1685270045803784, 3.289926126759049, 3.420486329619049, 3.0895754029153735], "x_average": 3.204395684841238, "y_average": 3.2019432241989434, "z_average": 3.2411985754489394, "xy_average": 3.2031694545200904, "average": 3.21584582816304}, "angle_XMX": {"x": [170.95974874455007, 170.92877620065323, 165.97231788148866, 171.37788173738414], "y": [169.37795944948007, 177.4150276891964, 173.461078517725, 174.14395879456043], "z": [174.74386589780764, 172.53175365833485, 175.3438969902417, 170.85330036651828], "x_average": 169.80968114101904, "y_average": 173.59950611274047, "z_average": 173.3682042282256, "xy_average": 171.70459362687976, "average": 172.25913049399503}, "angle_MXM": {"x": [137.4323047669906, 148.78457938053478, 158.75086613414155, 134.33765812861878], "y": [145.11706667199144, 154.74179736724912, 149.95613302994715, 138.46761441000703], "z": [], "x_average": 144.82635210257143, "y_average": 147.0706528697987, "z_average": NaN, "xy_average": 145.94850248618505, "average": 145.94850248618505}}