{"n_layer": 1, "d_interlayer": 4.792234510499702, "bond": {"x": [3.2038503033013144, 3.2139148559929507, 3.1373580475851206, 3.267064008501045, 3.18858032677698, 3.2489532939314296, 3.146616108496435, 3.370819096539316], "y": [3.2346443736354282, 3.1218731243227675, 3.2968484500102275, 3.1463005656453644, 3.2175253887726565, 3.204124241382424, 3.1936164695810714, 3.2427841355797167], "z": [3.250538543279548, 3.232392014394609, 3.137756238947582, 3.3348893380255036, 3.195117818063723, 3.237817173822255, 3.3203319289224646, 3.117919362262584], "x_average": 3.222144505140574, "y_average": 3.2072145936162073, "z_average": 3.228345302214784, "xy_average": 3.2146795493783906, "average": 3.219234800323855}, "angle_XMX": {"x": [168.28644755761496, 165.15085373031658, 174.42080210140614, 162.62107500562246], "y": [165.91999900433925, 163.1148013700972, 162.32540237472077, 163.95351257925773], "z": [168.59473089924768, 165.50372628109437, 170.28949367482895, 169.11565836921676], "x_average": 167.61979459874004, "y_average": 163.82842883210373, "z_average": 168.37590230609692, "xy_average": 165.72411171542188, "average": 166.60804191231355}, "angle_MXM": {"x": [145.47367467310048, 159.47908872766305, 161.89119518018558, 142.83940539384784], "y": [140.9925072265127, 163.0996993560249, 169.51831365010074, 135.80471646554724], "z": [], "x_average": 152.42084099369924, "y_average": 152.3538091745464, "z_average": NaN, "xy_average": 152.38732508412284, "average": 152.38732508412284}}