{"n_layer": 1, "d_interlayer": 4.693318978994047, "bond": {"x": [3.5138561572442892, 3.241814593288061, 3.347876140627278, 3.3170112320334066, 3.3307782130363437, 3.1926429282163973, 3.2689137807175532, 3.251471380019218], "y": [3.498366273188558, 3.2459764732252028, 3.3504053571931975, 3.18133959708786, 3.320408318221366, 3.340560065072966, 3.2502294406140333, 3.2665645819853575], "z": [3.0401209645966696, 3.1387684343260784, 3.1847296990389102, 3.0761853814224174, 3.18473786048087, 3.077501742350419, 3.0943352046910855, 3.2373132351298355], "x_average": 3.3080455531478186, "y_average": 3.3067312633235675, "z_average": 3.129211565254536, "xy_average": 3.307388408235693, "average": 3.247996127241974}, "angle_XMX": {"x": [172.05080125502752, 175.41990480476431, 176.88629309036017, 170.57553145482922], "y": [171.72713285553348, 176.59412834691102, 175.7245161982658, 170.62693546025093], "z": [169.4167532789258, 175.60899712300957, 175.1476446408122, 179.4027578980245], "x_average": 173.73313265124528, "y_average": 173.6681782152403, "z_average": 174.89403823519302, "xy_average": 173.7006554332428, "average": 174.09844970055954}, "angle_MXM": {"x": [146.7667227690275, 154.59262725700964, 151.7003543827226, 151.48071136684618], "y": [152.2674046268189, 146.37231426071415, 151.0285865824853, 154.93802822888614], "z": [], "x_average": 151.13510394390147, "y_average": 151.15158342472614, "z_average": NaN, "xy_average": 151.14334368431378, "average": 151.14334368431378}}