{"n_layer": 1, "d_interlayer": 6.417044173504718, "bond": {"x": [3.186666899428772, 3.1811197485245213, 3.18933170768145, 3.178594746422682, 3.188954185926724, 3.1786497114298307, 3.186491111031107, 3.1814968330233886], "y": [3.1790375651293203, 3.1888931576740323, 3.1791811967525767, 3.1886070349267905, 3.1782411469359824, 3.189581213274468, 3.1788048437870784, 3.1892980353468863], "z": [3.192140398246421, 3.256983800607761, 3.2250850985668222, 3.225023357909975, 3.224533890848517, 3.2248149294261625, 3.2570092244694036, 3.192322236173812], "x_average": 3.1839131179335594, "y_average": 3.183955524228392, "z_average": 3.2247391170311093, "xy_average": 3.183934321080976, "average": 3.1975359197310205}, "angle_XMX": {"x": [175.80410532804544, 175.48974910590366, 175.11786753651324, 175.9278278737565], "y": [175.92060724082037, 175.05653734223085, 175.39517370251832, 176.07539382762042], "z": [179.5335261109536, 179.75321639587997, 179.81590906823186, 179.52972061724364], "x_average": 175.58488746105473, "y_average": 175.61192802829748, "z_average": 179.65809304807726, "xy_average": 175.5984077446761, "average": 176.95163617914315}, "angle_MXM": {"x": [150.83376364362144, 148.85754884259933, 148.8776885236632, 150.81787152623932], "y": [150.70494011814534, 149.05057714324883, 149.058306502864, 150.68121665752625], "z": [], "x_average": 149.84671813403082, "y_average": 149.8737601054461, "z_average": NaN, "xy_average": 149.86023911973848, "average": 149.86023911973848}}