{"n_layer": 1, "d_interlayer": 5.8500167685512885, "bond": {"x": [3.1197518326167146, 3.2640897475372688, 3.167368004760392, 3.2403259746754083, 3.186057801694218, 3.2140863776761908, 3.138125460597472, 3.3073435786038017], "y": [3.189307578374467, 3.1427004064384607, 3.2250842899106082, 3.118080234371154, 3.2007367506365774, 3.1736810907525315, 3.1648490365136497, 3.1891803701935055], "z": [3.4412454801706276, 3.1572507322043966, 3.225747117534849, 3.2788360092663376, 3.2785057964725715, 3.2821352393405907, 3.171301585211652, 3.3315703354346318], "x_average": 3.2046435972701834, "y_average": 3.175452469648869, "z_average": 3.2708240369544574, "xy_average": 3.1900480334595267, "average": 3.2169733679578365}, "angle_XMX": {"x": [169.95490191531988, 168.5608230682697, 169.12898195941474, 170.57714312942093], "y": [170.00940426591237, 175.73325336566694, 166.25665013175308, 165.99243994404782], "z": [169.14762662979865, 170.84119865422403, 170.25017952789713, 169.93822548378765], "x_average": 169.55546251810634, "y_average": 169.49793692684506, "z_average": 170.04430757392686, "xy_average": 169.52669972247568, "average": 169.69923567295942}, "angle_MXM": {"x": [172.82302303256395, 159.27434534821242, 165.93704289457074, 170.21828966904818], "y": [169.92131576153503, 161.96073578299738, 154.33032326609933, 177.36569066919438], "z": [], "x_average": 167.06317523609883, "y_average": 165.8945163699565, "z_average": NaN, "xy_average": 166.4788458030277, "average": 166.4788458030277}}