{"n_layer": 1, "d_interlayer": 5.98867519041305, "bond": {"x": [3.114864747011916, 3.106572601692797, 3.1559792107968567, 3.2768091387605596, 3.1560317412478573, 3.0996127760001495, 3.169978455134409, 3.240099219443672], "y": [3.183041920548505, 3.0985621723090637, 3.1648077044592076, 3.128970775096724, 3.3473445546001583, 3.1515896167497357, 3.250482313572342, 3.1955560835306467], "z": [3.3113578222991302, 3.229640495044417, 3.257037816547776, 3.218305930762564, 3.268646980253105, 3.2427056776176233, 3.1250345397058417, 3.319270981138465], "x_average": 3.164993486261027, "y_average": 3.1900443926082978, "z_average": 3.246500030421115, "xy_average": 3.1775189394346626, "average": 3.200512636430146}, "angle_XMX": {"x": [169.02203886024776, 165.5956112934818, 159.559639476451, 165.13035295773582], "y": [174.29777608953782, 176.4623420291708, 168.29119612531537, 165.53127977195064], "z": [173.1974926320217, 175.71247579796685, 168.44836619911456, 174.6732611853723], "x_average": 164.8269106469791, "y_average": 171.14564850399367, "z_average": 173.00789895361888, "xy_average": 167.98627957548638, "average": 169.66015270153054}, "angle_MXM": {"x": [176.0203354933338, 131.55169365469726, 144.83027711594048, 159.41287937137554], "y": [161.07867880156118, 158.47248563119913, 135.21881495753212, 160.84144751770225], "z": [], "x_average": 152.95379640883675, "y_average": 153.90285672699866, "z_average": NaN, "xy_average": 153.4283265679177, "average": 153.4283265679177}}