{"n_layer": 1, "d_interlayer": 6.2133086886709545, "bond": {"x": [3.206605968608776, 3.207447522878416, 3.2190537362148084, 3.1506067514725795, 3.2419017155570136, 3.1732348556226846, 3.195285852917497, 3.1921170175868667], "y": [3.1777829512071762, 3.213577482443317, 3.2115887220814305, 3.172699347477582, 3.1673007385683887, 3.187250751863349, 3.166877850699441, 3.1754810338243273], "z": [3.232823052518833, 3.1768369043171267, 3.1905156873379914, 3.2676550387915815, 3.155940211417575, 3.2699499291712173, 3.27816989953472, 3.1391802882010014], "x_average": 3.19828167760733, "y_average": 3.1840698597706267, "z_average": 3.2138838764112556, "xy_average": 3.1911757686889786, "average": 3.1987451379297376}, "angle_XMX": {"x": [176.2569900896365, 177.0352785115558, 176.76799945572748, 173.8717715451082], "y": [172.5054030174018, 179.42582312473888, 170.9218373558881, 174.21291334570805], "z": [174.24779493903884, 168.72202822840373, 171.29838049122228, 166.79082936890532], "x_average": 175.983009900507, "y_average": 174.26649421093418, "z_average": 170.26475825689252, "xy_average": 175.1247520557206, "average": 173.50475412277794}, "angle_MXM": {"x": [155.18610268318125, 155.20536228469223, 151.09215206493838, 157.1429677395164], "y": [155.07163597133885, 148.85375627433496, 152.11478662093694, 158.69630726417134], "z": [], "x_average": 154.65664619308205, "y_average": 153.6841215326955, "z_average": NaN, "xy_average": 154.1703838628888, "average": 154.1703838628888}}