{"n_layer": 1, "d_interlayer": 4.838347685777477, "bond": {"x": [3.1455970401377447, 3.199795363482648, 3.1474409933467298, 3.1799079459495165, 3.1474067158174535, 3.1799851871668414, 3.145764472679187, 3.199725143779908], "y": [3.1178221521020917, 3.224202914921741, 3.1708604325265606, 3.2086719351641944, 3.1708497925935943, 3.208600235331217, 3.1177745273888564, 3.2241858742405416], "z": [3.251468337024197, 3.185586434651026, 3.181677138989645, 3.2794214673187922, 3.279581143121124, 3.181764170252342, 3.1854957655124014, 3.251456201521484], "x_average": 3.168202857795004, "y_average": 3.1803709830335998, "z_average": 3.2245563322988766, "xy_average": 3.1742869204143016, "average": 3.191043391042493}, "angle_XMX": {"x": [162.91278652122764, 157.4246843511264, 157.41182978121927, 162.90933599407117], "y": [173.1021737290841, 169.79505444687763, 169.80895348300663, 173.09550042122254], "z": [167.59141251127377, 166.73281900181473, 166.73375420678482, 167.598238468057], "x_average": 160.16465916191112, "y_average": 171.45042052004771, "z_average": 167.16405604698258, "xy_average": 165.80753984097942, "average": 166.25971190964714}, "angle_MXM": {"x": [158.98315628450456, 146.63047678112653, 146.62726974387596, 158.96978648131943], "y": [163.45301877072163, 175.55595010280928, 175.5939250794035, 163.4567104189828], "z": [], "x_average": 152.80267232270663, "y_average": 169.5149010929793, "z_average": NaN, "xy_average": 161.15878670784298, "average": 161.15878670784298}}