{"n_layer": 1, "d_interlayer": 4.733798282063094, "bond": {"x": [3.143608224958112, 3.3658127885374083, 3.18880450529316, 3.241851027844326, 3.1675277000826974, 3.225079823977616, 3.138303216922527, 3.329948806167595], "y": [3.168901904219837, 3.176997558485648, 3.2060271985510087, 3.1431459049810173, 3.2159953335171214, 3.167277752786265, 3.1867310566924605, 3.162906206381264], "z": [3.3588194903151445, 3.087009525075079, 3.1479885286760187, 3.307330438006352, 3.228900818432261, 3.218959749048931, 3.1553430537955487, 3.282730620331895], "x_average": 3.22511701172293, "y_average": 3.1784978644518276, "z_average": 3.2233852779601535, "xy_average": 3.2018074380873793, "average": 3.209000051378304}, "angle_XMX": {"x": [173.19532038087047, 177.46296638691678, 177.46766920486178, 177.06303463759716], "y": [172.47442660674008, 176.08650197111606, 175.2304934184064, 175.951214148363], "z": [162.83606008800857, 167.83610416134965, 168.40248140657974, 165.77041165560158], "x_average": 176.29724765256154, "y_average": 174.93565903615638, "z_average": 166.2112643278849, "xy_average": 175.61645334435894, "average": 172.48139033886756}, "angle_MXM": {"x": [158.9127851286452, 159.89459885651766, 159.27401409161592, 158.75143348188058], "y": [161.88801757563672, 151.29266609379735, 150.58271574548732, 158.77109586760352], "z": [], "x_average": 159.20820788966483, "y_average": 155.63362382063124, "z_average": NaN, "xy_average": 157.42091585514802, "average": 157.42091585514802}}