{"n_layer": 1, "d_interlayer": 4.90464456126865, "bond": {"x": [3.157541271780446, 3.344467132653706, 3.1711188590841073, 3.2555420713513996, 3.177642948084689, 3.2763266007985323, 3.1528318870769962, 3.3631920585921966], "y": [3.179657048189827, 3.1655912568420717, 3.216437851351709, 3.1728073971721034, 3.1949600597327854, 3.150553573406953, 3.192145389464843, 3.162196948554874], "z": [3.2871973467620728, 3.146166871440259, 3.1999206073892634, 3.2363934464652755, 3.307434173542595, 3.1388839702756175, 3.112336833463688, 3.3158250415492136], "x_average": 3.237332853677759, "y_average": 3.179293690589396, "z_average": 3.218019786360998, "xy_average": 3.2083132721335774, "average": 3.2115487768760507}, "angle_XMX": {"x": [173.0331593622807, 177.77625495643954, 176.40319330956075, 174.00398890420638], "y": [175.0079495396321, 173.11655904200396, 174.31792415280614, 169.42998518308835], "z": [163.68073940201973, 168.75169354439765, 167.24140695712074, 164.1754745436483], "x_average": 175.30414913312185, "y_average": 172.96810447938265, "z_average": 165.9623286117966, "xy_average": 174.13612680625224, "average": 171.41152740810034}, "angle_MXM": {"x": [159.00127379158315, 158.1271555360592, 156.78858910960253, 158.3988060138807], "y": [158.86230338650788, 148.49998217600358, 148.31592672347978, 163.10238909027566], "z": [], "x_average": 158.07895611278138, "y_average": 154.69515034406675, "z_average": NaN, "xy_average": 156.38705322842407, "average": 156.38705322842407}}