{"n_layer": 1, "d_interlayer": 5.728625225427585, "bond": {"x": [3.206786947752287, 3.119559629678658, 3.1474467277021465, 3.144272413634435, 3.1272474099851726, 3.1409883035929886, 3.176299436491494, 3.0848734765019796], "y": [3.1525038606345985, 3.154083103260579, 3.0808635301947103, 3.1749211294606967, 3.119730394230517, 3.196440812752631, 3.1160951239738184, 3.1362629522284813], "z": [3.2103743908385267, 3.2254308536630187, 3.2245779849883647, 3.270113728800203, 3.2120150174414284, 3.2537014337055394, 3.29726028184838, 3.2119019448366997], "x_average": 3.1434342931673953, "y_average": 3.1413626133420043, "z_average": 3.23817195451527, "xy_average": 3.1423984532546996, "average": 3.17432295367489}, "angle_XMX": {"x": [172.33090704084378, 174.67474637100378, 171.27850608271575, 177.0860656867143], "y": [170.97153259086377, 179.08723288424545, 173.02226298967994, 177.94434248380725], "z": [172.74783086520873, 172.33435896818065, 171.8013651680494, 169.36422726306753], "x_average": 173.84255629531938, "y_average": 175.2563427371491, "z_average": 171.56194556612658, "xy_average": 174.54944951623426, "average": 173.55361486619836}, "angle_MXM": {"x": [170.80259013130674, 174.5545325446191, 168.4991722449348, 176.25854511862752], "y": [178.73294834368588, 171.20889683271722, 172.12610670335448, 171.83956553363757], "z": [], "x_average": 172.52871000987204, "y_average": 173.4768793533488, "z_average": NaN, "xy_average": 173.00279468161042, "average": 173.00279468161042}}