{"n_layer": 1, "d_interlayer": 5.789675850977057, "bond": {"x": [3.2175495299707713, 3.4344143314639584, 3.175495278080852, 3.3480019083203425, 3.1477369806850612, 3.388868804066774, 3.2325741749001677, 3.1928258894375623], "y": [3.740368844310978, 3.130573766546237, 3.3738012420164085, 3.156146073481377, 3.3455551237751946, 3.253526709150153, 3.2767978225071586, 3.196844442000294], "z": [3.1348037150456385, 3.1751607755822624, 3.159434642613671, 3.253968934919009, 3.0840367546674785, 3.304654689580245, 3.39342022654796, 3.0488023750170345], "x_average": 3.267183362115686, "y_average": 3.3092017529734754, "z_average": 3.1942852642466626, "xy_average": 3.2881925575445807, "average": 3.256890126445274}, "angle_XMX": {"x": [171.98180134321314, 173.71938035961693, 173.83571051930082, 173.48303404922052], "y": [168.52653988156155, 169.18217064317525, 172.05729594796233, 176.2649319536353], "z": [162.49171161124167, 163.85677113092774, 167.4428552175189, 177.05789838186513], "x_average": 173.25498156783783, "y_average": 171.5077346065836, "z_average": 167.71230908538837, "xy_average": 172.38135808721074, "average": 170.8250084199366}, "angle_MXM": {"x": [157.73272359186407, 164.03480198841953, 145.6534412128388, 157.9680391538426], "y": [143.67604103196055, 156.87319355792536, 159.56318957987378, 167.3099731397458], "z": [], "x_average": 156.34725148674124, "y_average": 156.85559932737638, "z_average": NaN, "xy_average": 156.6014254070588, "average": 156.6014254070588}}