{"n_layer": 1, "d_interlayer": 8.10459674404997, "bond": {"x": [3.1762549269098193, 3.288714119958594, 3.2785329570440487, 3.191697330821199, 3.1770038154986047, 3.2930361874965595, 3.271714527882635, 3.188579890161901], "y": [3.201851259761767, 3.236399529003597, 3.21890496738665, 3.2048672959433557, 3.1981129015066276, 3.2262781371683547, 3.2262928210085224, 3.212171984178109], "z": [3.3052024129695226, 3.118174395253849, 3.2220398938778265, 3.198252237926032, 3.1953701268687222, 3.2271431180940526, 3.1157869216440357, 3.3114680627765822], "x_average": 3.23319171947167, "y_average": 3.215609861994623, "z_average": 3.2116796461763277, "xy_average": 3.2244007907331467, "average": 3.220160409214207}, "angle_XMX": {"x": [176.76561948746277, 175.95769871285452, 174.33441094572504, 176.56167546185142], "y": [176.5505237567493, 172.5220160114459, 175.25335602265645, 174.39967353017286], "z": [172.99469605718363, 170.74641929760236, 169.9027753420776, 173.99455793583832], "x_average": 175.90485115197345, "y_average": 174.68139233025613, "z_average": 171.90961215817546, "xy_average": 175.2931217411148, "average": 174.16528521346834}, "angle_MXM": {"x": [149.94357133162234, 151.75311406102014, 156.53685940465184, 154.83558755364444], "y": [154.45614996355934, 149.10711870885206, 151.80651031865432, 151.33413106154862], "z": [], "x_average": 153.2672830877347, "y_average": 151.67597751315358, "z_average": NaN, "xy_average": 152.47163030044413, "average": 152.47163030044413}}