{"n_layer": 1, "d_interlayer": 8.387592514402435, "bond": {"x": [3.2008785813775664, 3.286631258319545, 3.2377153789184656, 3.13844038577312, 3.2153703709722268, 3.2152982879136953, 3.1755420367912017, 3.1986306957994035], "y": [3.1630505815074623, 3.3536525858380815, 3.1847417688023345, 3.2409385030946662, 3.113779027904316, 3.3157603414634025, 3.1732157686234657, 3.221361583777718], "z": [3.1866280548666617, 3.2063110040367166, 3.2970490345529466, 3.2401368232315333, 3.3166532899743464, 3.1956850756738433, 3.1273263279332593, 3.314246555506822], "x_average": 3.2085633744831528, "y_average": 3.220812520126431, "z_average": 3.2355045207220163, "xy_average": 3.214687947304792, "average": 3.221626805110533}, "angle_XMX": {"x": [170.79435493619505, 175.36057792618584, 166.91289844997715, 164.6045459387088], "y": [173.66535307070401, 169.8859573453294, 171.21089123465265, 166.9798138292735], "z": [174.7286976416416, 165.313288137265, 167.49390574316428, 173.58937661164885], "x_average": 169.41809431276673, "y_average": 170.43550386998987, "z_average": 170.28131703342993, "xy_average": 169.92679909137829, "average": 170.04497173872883}, "angle_MXM": {"x": [156.43171185771482, 144.15834270729985, 135.53375633635596, 157.5448310902892], "y": [154.0381600668338, 139.13034156982272, 149.84335823443863, 149.88873909290584], "z": [], "x_average": 148.41716049791495, "y_average": 148.22514974100022, "z_average": NaN, "xy_average": 148.32115511945761, "average": 148.32115511945761}}