{"n_layer": 1, "d_interlayer": 4.730386756056711, "bond": {"x": [3.4289363183668353, 3.197408254156953, 3.10717876408328, 3.446662374293021, 3.694421024401291, 3.2986762211005334, 3.2113338080622635, 4.055524715539945], "y": [3.388267827594667, 3.224850896409885, 3.606356498475801, 3.36381282082614, 3.103406828325217, 3.46104953594561, 3.203482708212133, 4.027406477828949], "z": [3.030682552613225, 3.2791276398444578, 3.2226086233372966, 3.0521443914101787, 3.22406515325809, 3.0533941464417103, 3.079059229985271, 3.1051109525743654], "x_average": 3.4300176850005153, "y_average": 3.4223291992023004, "z_average": 3.130774086183074, "xy_average": 3.4261734421014074, "average": 3.3277069901286302}, "angle_XMX": {"x": [167.5403147902398, 172.23797556202464, 172.45454432588826, 168.0710307664416], "y": [167.51746951819158, 172.67624492201816, 171.25790624384902, 169.65019181579038], "z": [175.90954065816686, 172.19282408056534, 172.5431107060544, 156.0439568459669], "x_average": 170.07596636114857, "y_average": 170.27545312496227, "z_average": 169.17235807268838, "xy_average": 170.17570974305545, "average": 169.84125918626643}, "angle_MXM": {"x": [148.05683947739942, 136.50959102139035, 146.17821750216964, 145.04989059718045], "y": [146.5780394988404, 148.16900006840638, 144.40826418728255, 139.28345285689701], "z": [], "x_average": 143.94863464953497, "y_average": 144.6096891528566, "z_average": NaN, "xy_average": 144.27916190119578, "average": 144.27916190119578}}