{"n_layer": 1, "d_interlayer": 3.9043703205360467, "bond": {"x": [3.0993995327328188, 3.342891747059969, 3.147619859475901, 3.2449647397530375, 3.1476100516820233, 3.2449835382796555, 3.099394980555448, 3.3428948760923025], "y": [3.158236160727576, 3.1498357087393094, 3.1930299404786298, 3.1313027717147874, 3.1930270295233565, 3.1312991429131167, 3.1582466977444708, 3.1498334682687084], "z": [3.350126318375579, 3.1406732035424847, 3.2253982417090157, 3.2514091849936864, 3.2514050891122386, 3.2253941733252707, 3.1406688142321464, 3.3500996673322203], "x_average": 3.2087199157038944, "y_average": 3.1581013650137444, "z_average": 3.2418968365778302, "xy_average": 3.183410640358819, "average": 3.2029060390984903}, "angle_XMX": {"x": [169.48850145786176, 168.22805417577243, 168.22766043872042, 169.48979716411827], "y": [161.983122511928, 164.84771057910265, 164.847816711163, 161.98410458623715], "z": [166.75958952935343, 170.2965662002302, 170.29698239299427, 166.75936714978135], "x_average": 168.85850330911822, "y_average": 163.4156885971077, "z_average": 168.52812631808982, "xy_average": 166.13709595311298, "average": 166.93410607477193}, "angle_MXM": {"x": [168.53125341503818, 166.24951332900815, 166.24893324941735, 168.5323090546916], "y": [167.67773205551836, 157.67788794472622, 157.6773902772547, 167.67829452987297], "z": [], "x_average": 167.3905022620388, "y_average": 162.67782620184306, "z_average": NaN, "xy_average": 165.03416423194093, "average": 165.03416423194093}}