{"n_layer": 1, "d_interlayer": 4.133385722257814, "bond": {"x": [3.1808794733573653, 3.1339293059341125, 3.2877146665979584, 3.185106818689424, 3.2045092751444555, 3.149473915813461, 3.2555060592421063, 3.175458128477436], "y": [3.183810377400937, 3.1689246135635503, 3.1493839300854685, 3.1498943255685647, 3.1784872638786346, 3.264431831684949, 3.1747525249393598, 3.1971217497631534], "z": [3.2421891894480357, 3.2360950915628233, 3.220543621622534, 3.2283020228119175, 3.226933172202332, 3.237778293181491, 3.2081496353656713, 3.215623000242089], "x_average": 3.1965722054070396, "y_average": 3.1833508271105773, "z_average": 3.2269517533046117, "xy_average": 3.1899615162588084, "average": 3.202291595274076}, "angle_XMX": {"x": [175.49853952085385, 176.29193180881498, 177.2411531980074, 177.57703059088198], "y": [171.2867515786592, 168.34599349960993, 173.02204161448734, 172.16055826664171], "z": [176.44470554353316, 177.38668727092, 178.2069635893618, 178.0973557031847], "x_average": 176.65216377963958, "y_average": 171.20383623984955, "z_average": 177.53392802674992, "xy_average": 173.92800000974455, "average": 175.129976015413}, "angle_MXM": {"x": [149.86302570550558, 139.72410035770997, 149.75252656357912, 145.8316565382171], "y": [158.02707166377502, 142.26477454707117, 137.77568663132485, 152.12803303475295], "z": [], "x_average": 146.29282729125293, "y_average": 147.548891469231, "z_average": NaN, "xy_average": 146.92085938024195, "average": 146.92085938024195}}