{"n_layer": 1, "d_interlayer": 5.420492960448214, "bond": {"x": [3.2276413076755195, 3.1282234151005124, 3.176299181393443, 3.2029075849114816, 3.2085504284236284, 3.185844974911217, 3.229825111649294, 3.2016687171594347], "y": [3.1885197898033164, 3.173804336395787, 3.1867470165599556, 3.238996370446148, 3.1491134401270036, 3.195242646689462, 3.1807825812162394, 3.1971023455826058], "z": [3.247168226367894, 3.163492795572107, 3.1753509136418154, 3.185533179095282, 3.181681955542594, 3.172352374810682, 3.1259042133531842, 3.166115246588341], "x_average": 3.1951200901530665, "y_average": 3.1887885658525645, "z_average": 3.1771998631214875, "xy_average": 3.191954328002816, "average": 3.1870361730423724}, "angle_XMX": {"x": [175.1513238127562, 166.7777524519825, 174.69330072032747, 173.8225736903799], "y": [173.09315706904027, 170.371280840766, 174.4208265742237, 164.87933744932752], "z": [176.01098334466855, 168.69905137777988, 171.08413547076884, 171.10962874754372], "x_average": 172.61123766886152, "y_average": 170.69115048333938, "z_average": 171.72594973519026, "xy_average": 171.65119407610047, "average": 171.67611262913042}, "angle_MXM": {"x": [158.31564591297294, 162.33707457407147, 167.73378001841766, 157.3913993256922], "y": [153.98994095875375, 169.90719730184787, 170.23272173574998, 161.19187060818166], "z": [], "x_average": 161.44447495778857, "y_average": 163.83043265113332, "z_average": NaN, "xy_average": 162.63745380446093, "average": 162.63745380446093}}