{"n_layer": 1, "d_interlayer": 7.175755926416352, "bond": {"x": [3.117405184992414, 3.265208076220773, 3.1615666041647876, 3.174062064701087, 3.141646872587895, 3.2255995170459903, 3.1464817859523966, 3.231888257072668], "y": [3.1085399720347726, 3.2329356510857954, 3.1543667527849877, 3.2054394266892485, 3.1498835673653436, 3.203497142012345, 3.1177182185646313, 3.224742610170535], "z": [3.216941806777394, 3.2078769333908213, 3.2332500832179867, 3.222951894845375, 3.287790501596088, 3.1667674882677908, 3.141243424474012, 3.3062572929166985], "x_average": 3.1829822953422515, "y_average": 3.1746404175884573, "z_average": 3.2228849281857705, "xy_average": 3.1788113564653546, "average": 3.1935025470388267}, "angle_XMX": {"x": [162.3030560027325, 163.2436242996985, 157.25990728819627, 165.2875901546547], "y": [177.1172550349222, 171.21731066604303, 177.5015869073174, 173.40470614157144], "z": [167.59900514066362, 168.40840638150868, 168.83593458737434, 168.26864528714896], "x_average": 162.0235444363205, "y_average": 174.8102146874635, "z_average": 168.27799784917391, "xy_average": 168.41687956189202, "average": 168.37058565765264}, "angle_MXM": {"x": [156.53378228325178, 155.6600792978387, 152.50904569517627, 155.3341006740237], "y": [165.61845714889307, 159.49768255171625, 160.73187352638035, 163.8211173635217], "z": [], "x_average": 155.0092519875726, "y_average": 162.41728264762784, "z_average": NaN, "xy_average": 158.71326731760024, "average": 158.71326731760024}}