{"n_layer": 1, "d_interlayer": 4.26358678378833, "bond": {"x": [3.1903818416054017, 3.2047464212530086, 3.1589071666189312, 3.1730880678615, 3.240734353821304, 3.209543523592845, 3.15457266559953, 3.189890908305153], "y": [3.199517507455431, 3.214197739678752, 3.2327948417500534, 3.2193212748292335, 3.156333411494681, 3.1436267490202923, 3.1793815784073227, 3.194907517162589], "z": [3.3511207907662075, 3.156552100706921, 3.194970731373285, 3.311729872439195, 3.2210498526468565, 3.2375259202065747, 3.2651612158174808, 3.229034825430873], "x_average": 3.190233118582209, "y_average": 3.192510077474794, "z_average": 3.245893163673424, "xy_average": 3.1913715980285016, "average": 3.2095454532434755}, "angle_XMX": {"x": [177.1355043239335, 177.524691646165, 176.39185708249084, 174.73652563326627], "y": [177.56103638620965, 177.57416877978906, 177.62803972158073, 174.57599701775095], "z": [172.04262962860614, 175.2952111834081, 174.9427962189575, 176.2384306628207], "x_average": 176.44714467146392, "y_average": 176.83481047633262, "z_average": 174.62976692344813, "xy_average": 176.64097757389825, "average": 175.9705740237482}, "angle_MXM": {"x": [145.89829947541452, 146.2831703524085, 141.88016529393494, 151.84661896099558], "y": [146.13685341338325, 141.83023011918382, 148.65239938820557, 151.22975264723092], "z": [], "x_average": 146.47706352068838, "y_average": 146.9623088920009, "z_average": NaN, "xy_average": 146.71968620634465, "average": 146.71968620634465}}