{"n_layer": 1, "d_interlayer": 10.767035218635415, "bond": {"x": [3.5803502467264376, 3.0438638621909595, 3.2506966369043457, 3.1274172704983543, 3.6818876754362093, 3.23408444894005, 3.9172959954224784, 3.1165451842122875], "y": [3.1557940773607074, 3.2521098595052775, 3.2719313807020325, 3.304360373629166, 3.195879885479856, 3.129383043123414, 3.4894389489777176, 3.1188483767431925], "z": [3.3826855317226614, 3.219140387776005, 3.24370074025135, 3.3276337678548957, 3.168200112902014, 3.3322763244228684, 3.149548660150577, 3.259335086610843], "x_average": 3.3690176650413903, "y_average": 3.23971824319017, "z_average": 3.260315076461402, "xy_average": 3.30436795411578, "average": 3.2896836615643203}, "angle_XMX": {"x": [173.00401587549, 167.47849093445097, 165.55013369168577, 169.6007821550809], "y": [163.58757545588094, 169.78005289019382, 157.46425704279858, 162.51512144696835], "z": [172.75189908466382, 166.96254724349546, 173.4272422271978, 157.06322282811598], "x_average": 168.90835566417692, "y_average": 163.33675170896043, "z_average": 167.55122784586825, "xy_average": 166.12255368656866, "average": 166.5987784063352}, "angle_MXM": {"x": [156.1104162062554, 163.7406195995841, 158.74281412407447, 157.0602997345531], "y": [163.32056272742895, 154.91987035817277, 150.58110413083722, 170.1967041974854], "z": [], "x_average": 158.91353741611675, "y_average": 159.75456035348108, "z_average": NaN, "xy_average": 159.3340488847989, "average": 159.3340488847989}}