{"n_layer": 1, "d_interlayer": 10.428681533726767, "bond": {"x": [3.1218651224319744, 3.303105631336262, 3.2060832824436245, 3.1895868580666376, 3.2007278336264298, 3.214548253427952, 3.168836297618301, 3.2458772768103064], "y": [3.1954784038007036, 3.227016564761464, 3.270473797704007, 3.1545689020286614, 3.296572009659989, 3.120082894036538, 3.2253203536366497, 3.1649289280294046], "z": [3.1624045066134188, 3.3158091918076646, 3.1527789783863858, 3.286069520624509, 3.168623282335763, 3.286080178793536, 3.3677026601763895, 3.0721633970300473], "x_average": 3.206328819470186, "y_average": 3.206805231707177, "z_average": 3.226453964470964, "xy_average": 3.2065670255886816, "average": 3.2131960052161097}, "angle_XMX": {"x": [170.45105019685928, 169.46146113904948, 164.15913205968317, 163.06343430356554], "y": [168.46338216585778, 168.49290962350548, 165.61389965886863, 167.93747279002145], "z": [172.2899987906139, 174.95833441307792, 174.9397095960855, 179.1448503297491], "x_average": 166.7837694247894, "y_average": 167.6269160595633, "z_average": 175.3332232823816, "xy_average": 167.20534274217636, "average": 169.9146362555781}, "angle_MXM": {"x": [136.796962099249, 154.25218254895034, 150.09159148272667, 138.22263167564347], "y": [138.38759708973217, 151.43087962598565, 153.4467620288056, 141.37230738228567], "z": [], "x_average": 144.84084195164237, "y_average": 146.15938653170227, "z_average": NaN, "xy_average": 145.50011424167232, "average": 145.50011424167232}}