{"n_layer": 1, "d_interlayer": 10.01810456662161, "bond": {"x": [3.4842137045118835, 3.1622080822868726, 3.3847968902110277, 3.253213496772324, 3.1928809243272673, 3.2478064747015365, 3.451670229931597, 3.1152652854335314], "y": [3.271696664656756, 3.108662698597983, 3.106621405210291, 3.2115282894420343, 3.137798317416364, 3.2009115830556296, 3.228689597774356, 3.0944427671046535], "z": [3.208012238585674, 3.2384749916086264, 3.2918911154390393, 3.17311746784407, 3.2619947913877443, 3.210201787325905, 3.1992158708874476, 3.2945499703324583], "x_average": 3.286506886022005, "y_average": 3.170043915407258, "z_average": 3.2346822791763707, "xy_average": 3.2282754007146313, "average": 3.230411026868545}, "angle_XMX": {"x": [177.85489024801086, 168.26168691609757, 174.30686230041727, 174.22251051313586], "y": [168.62534113095657, 159.58627370309017, 175.6334127413681, 158.46564337041184], "z": [175.2521527609211, 171.29222072691542, 170.84006204953167, 173.78294868924218], "x_average": 173.66148749441538, "y_average": 165.57766773645665, "z_average": 172.7918460566526, "xy_average": 169.61957761543601, "average": 170.67700042917488}, "angle_MXM": {"x": [161.69700938288696, 157.74153081322913, 157.91226447969933, 152.0422918104026], "y": [162.4306308000146, 145.36171562025913, 149.9524347570418, 162.98712458575804], "z": [], "x_average": 157.3482741215545, "y_average": 155.18297644076839, "z_average": NaN, "xy_average": 156.26562528116142, "average": 156.26562528116142}}