{"n_layer": 1, "d_interlayer": 10.526906710129293, "bond": {"x": [3.304965092686543, 3.2343521367111943, 3.0957009493576346, 3.5499165587035817, 3.5331036130229454, 3.2021673907238535, 3.1169969081624833, 3.7179661963448356], "y": [3.2252750664162595, 3.2160352780489077, 3.2184472074049317, 3.2991752108426207, 3.111037354741287, 3.3729468712118904, 3.0835685014564462, 3.773122195679068], "z": [3.0717156593774466, 3.386128860575281, 3.1545262255124857, 3.268582869118307, 3.1979329247496255, 3.2198470162525354, 3.3264549418372082, 3.038298176761921], "x_average": 3.344396105714134, "y_average": 3.2874509607251765, "z_average": 3.2079358342731012, "xy_average": 3.315923533219655, "average": 3.2799276335708036}, "angle_XMX": {"x": [176.1020725119246, 158.83272227577473, 166.3087868856178, 169.7746435280345], "y": [175.60411093080373, 165.27127181420593, 160.76863483225316, 165.15990718994644], "z": [175.18138566411875, 168.16900777263604, 173.20592458189824, 164.75661568781268], "x_average": 167.7545563003379, "y_average": 166.70098119180233, "z_average": 170.3282334266164, "xy_average": 167.22776874607013, "average": 168.2612569729189}, "angle_MXM": {"x": [154.20208803330306, 148.58762025668878, 149.51546004475358, 146.00428612309724], "y": [139.86461455605945, 153.20543734966202, 143.71221126167455, 133.7952206726608], "z": [], "x_average": 149.57736361446067, "y_average": 142.64437096001421, "z_average": NaN, "xy_average": 146.11086728723745, "average": 146.11086728723745}}