{"n_layer": 1, "d_interlayer": 9.890642528772098, "bond": {"x": [3.3513240527691344, 3.1554282950214243, 3.279652633760282, 3.18832730558824, 3.2504092285548185, 3.2081250771147554, 3.3540604562974417, 3.1596739014767192], "y": [3.1250430994398055, 3.1638327102806447, 3.1643339496100475, 3.117493330268752, 3.1550712679025485, 3.175786390839631, 3.184452623393811, 3.120810475575182], "z": [3.324259852753405, 3.105014635816605, 3.219018226133858, 3.2253632297517134, 3.205370699062609, 3.2382739584664835, 3.0949549125116014, 3.3677110859004293], "x_average": 3.243375118822852, "y_average": 3.1508529809138026, "z_average": 3.222495825049588, "xy_average": 3.1971140498683273, "average": 3.205574641595414}, "angle_XMX": {"x": [177.21902434203813, 176.8957125064372, 168.3735599401463, 173.74746822299167], "y": [159.43363906887848, 173.2184103457532, 161.91830342302907, 172.44904644437463], "z": [169.4189468779345, 167.30487794200164, 165.70032844972528, 170.9420767236929], "x_average": 174.0589412529033, "y_average": 166.75484982050884, "z_average": 168.34155749833857, "xy_average": 170.4068955367061, "average": 169.71844952391692}, "angle_MXM": {"x": [158.17700366950808, 166.10946936931578, 170.9100758094116, 158.37819077021956], "y": [151.32449956744895, 168.57248535300522, 169.84470221609473, 144.76567124340878], "z": [], "x_average": 163.39368490461376, "y_average": 158.62683959498943, "z_average": NaN, "xy_average": 161.0102622498016, "average": 161.0102622498016}}