{"n_layer": 1, "d_interlayer": 10.727772928263873, "bond": {"x": [4.114666057422184, 3.094200359420862, 3.111724034297951, 3.877340969048346, 3.5685054716344644, 3.1018316852676926, 3.139784223797688, 3.545708163499366], "y": [4.083375374708634, 3.1163543720551923, 3.5512097830793277, 3.093219537820039, 3.306686320576554, 3.3074850354437415, 3.1880375256285283, 3.381286788025306], "z": [3.294893002031084, 3.0886646775902737, 3.1488830093784745, 3.3703766617000834, 3.1520124212230365, 3.40599878239343, 3.321251865611711, 2.998777514068303], "x_average": 3.444220120548569, "y_average": 3.3784568421671652, "z_average": 3.2226072417495493, "xy_average": 3.411338481357867, "average": 3.3484280681550946}, "angle_XMX": {"x": [162.21614941997532, 171.64985130528765, 170.12168928928395, 165.83953878348999], "y": [173.8615628338088, 156.36802370467066, 174.90025882404356, 166.30706672412916], "z": [170.1052166558604, 161.36652726488492, 165.95789119160239, 164.74731715721825], "x_average": 167.45680719950923, "y_average": 167.85922802166306, "z_average": 165.5442380673915, "xy_average": 167.65801761058614, "average": 166.95342442952128}, "angle_MXM": {"x": [135.2078234958275, 154.77871597694548, 162.6378640959459, 155.47176434251773], "y": [126.37281495277038, 156.0246710843862, 159.79143078915288, 155.49232830508186], "z": [], "x_average": 152.02404197780916, "y_average": 149.42031128284782, "z_average": NaN, "xy_average": 150.72217663032848, "average": 150.72217663032848}}