{"n_layer": 1, "d_interlayer": 10.786533921135117, "bond": {"x": [3.209578872099418, 3.2300326486392277, 3.30129082185901, 3.1470462632874003, 3.2791802896657387, 3.211090141440273, 3.340836508948398, 3.2070740095008783], "y": [3.154715875033654, 3.251710524144284, 3.2357629164758532, 3.2242141227234065, 3.1976324694329827, 3.261042597333501, 3.21638275399452, 3.318117274991592], "z": [3.152784008589344, 3.2175007141166376, 3.234958960604901, 3.222382285902414, 3.2378307936554758, 3.2090799218395305, 3.259059960626294, 3.1677651941819405], "x_average": 3.2407661944300434, "y_average": 3.2324473167662244, "z_average": 3.212670229939567, "xy_average": 3.2366067555981335, "average": 3.2286279137119447}, "angle_XMX": {"x": [168.42842010971606, 175.11766471810702, 174.46786151958946, 179.38584474803594], "y": [168.38917737713834, 173.33586083157613, 172.6872484158357, 179.3933573971816], "z": [177.26812725676413, 167.78906390772545, 168.02223222830057, 165.8339736687276], "x_average": 174.34994777386208, "y_average": 173.45141100543296, "z_average": 169.72834926537945, "xy_average": 173.9006793896475, "average": 172.50990268155815}, "angle_MXM": {"x": [149.440343952477, 146.620644296716, 147.04516831125335, 143.85522974345744], "y": [152.26203836993145, 146.1668953426443, 141.67360351936927, 147.29937924244615], "z": [], "x_average": 146.74034657597593, "y_average": 146.85047911859778, "z_average": NaN, "xy_average": 146.79541284728685, "average": 146.79541284728685}}