{"n_layer": 1, "d_interlayer": 10.382504358754144, "bond": {"x": [3.369892598337574, 3.1921496847382866, 3.4085168967027393, 3.077537058579269, 3.331231504637886, 3.309994163791649, 3.916047022654677, 3.10465524877846], "y": [3.1681453165599267, 3.2771007362979616, 3.251925403374272, 3.2493704479520247, 3.3763009789054523, 3.160122416811493, 3.3302572549507805, 3.1685671161263858], "z": [3.315648296115932, 3.0952103710229704, 3.264182258097607, 3.142252165211055, 3.2682800310492706, 3.1293833121681454, 3.0360650088003434, 3.3059884964451873], "x_average": 3.3387530222775674, "y_average": 3.247723708872287, "z_average": 3.194626242363814, "xy_average": 3.2932383655749273, "average": 3.2603676578378895}, "angle_XMX": {"x": [177.4380100943081, 170.3511660946423, 170.1400348199364, 166.05267639012047], "y": [169.3759242963898, 169.75721927542816, 155.68494983933294, 164.4015044502686], "z": [177.50522385293152, 167.9015397822978, 160.9181257551972, 157.6510134448129], "x_average": 170.99547184975182, "y_average": 164.80489946535488, "z_average": 165.99397570880984, "xy_average": 167.90018565755335, "average": 167.2647823413055}, "angle_MXM": {"x": [166.61252372221318, 149.5140744451386, 156.5931962762292, 155.00004969509246], "y": [147.33259235820918, 155.57737150055215, 163.72600081246784, 141.3268509184507], "z": [], "x_average": 156.92996103466834, "y_average": 151.99070389741996, "z_average": NaN, "xy_average": 154.46033246604415, "average": 154.46033246604415}}