{"n_layer": 1, "d_interlayer": 9.998528403274076, "bond": {"x": [3.4613703173754367, 3.1211295912827977, 3.2309687807826872, 3.2689887204282755, 3.3259903064746386, 3.2369952491528426, 3.408204779109573, 3.1802529957652195], "y": [3.2937715102151857, 3.209011171634632, 3.1831121133500107, 3.3814601816725176, 3.1777517047177213, 3.1983341348806658, 3.2090612384407025, 3.197395664277], "z": [3.1123572938629254, 3.3269223719912775, 3.1495806122563375, 3.2533371391165784, 3.222950075603876, 3.2285829254085487, 3.3016122493666002, 3.113493972502964], "x_average": 3.2792375925464334, "y_average": 3.231237214898554, "z_average": 3.2136045800136386, "xy_average": 3.255237403722494, "average": 3.2413597958195424}, "angle_XMX": {"x": [169.39741965803907, 159.95651657760163, 167.48171591542538, 169.74981453201468], "y": [172.69483143311209, 161.588669582986, 171.61878647100184, 154.0874364024816], "z": [168.42031993085521, 166.98257567271844, 164.3317829197811, 170.18831527545788], "x_average": 166.6463666707702, "y_average": 164.99743097239536, "z_average": 167.48074844970316, "xy_average": 165.82189882158278, "average": 166.3748486976229}, "angle_MXM": {"x": [140.45092314244135, 170.3556944506754, 161.68941882319422, 140.20581927247005], "y": [133.04727529716635, 157.35795831577815, 165.86263255206833, 149.5809952473259], "z": [], "x_average": 153.17546392219526, "y_average": 151.46221535308467, "z_average": NaN, "xy_average": 152.31883963763997, "average": 152.31883963763997}}