{"n_layer": 1, "d_interlayer": 10.294679712660914, "bond": {"x": [3.1919704406819136, 3.0952443144818482, 3.145396842532231, 3.1681421756114845, 3.166617576783427, 3.151736037004712, 3.2236986458749084, 3.1258331113768656], "y": [3.12515702600159, 3.1809259684865023, 3.1383308208288803, 3.21935534321573, 3.099012332767723, 3.2200132983658505, 3.1754383343930686, 3.1902142215570404], "z": [3.229695689352708, 3.2377755472888983, 3.1855785992865187, 3.2535078915860596, 3.215304655318987, 3.2426550702175203, 3.2647702587135172, 3.1522507508558477], "x_average": 3.1585798930434237, "y_average": 3.168555918202048, "z_average": 3.222692307827507, "xy_average": 3.1635679056227355, "average": 3.183276039690993}, "angle_XMX": {"x": [173.8900531450317, 168.19849202764104, 172.19152661330455, 167.92585255061542], "y": [173.68980678801253, 169.96027952193117, 176.54885430223558, 169.45219110004467], "z": [174.83843046801863, 172.96947683265435, 175.24680892314512, 176.55399961070083], "x_average": 170.55148108414818, "y_average": 172.412782928056, "z_average": 174.90217895862975, "xy_average": 171.4821320061021, "average": 172.62214765694466}, "angle_MXM": {"x": [172.5065074942485, 164.1143546293192, 170.43946785439712, 168.79746015898834], "y": [171.59655344765775, 171.3462382172677, 166.26217948763951, 175.4278399620479], "z": [], "x_average": 168.96444753423827, "y_average": 171.15820277865322, "z_average": NaN, "xy_average": 170.06132515644575, "average": 170.06132515644575}}