{"n_layer": 1, "d_interlayer": 4.642057476524604, "bond": {"x": [3.169129685921337, 3.3083778682699165, 3.3235761670916433, 3.1334400476022912, 3.2802628968507297, 3.308509397347846, 3.478959099785238, 3.2111511616776163], "y": [3.1703288806857413, 3.257690552177214, 3.254647037697941, 3.315423841147551, 3.2527371345122402, 3.2200777007316765, 3.302074184473406, 3.3215741413751103], "z": [3.3231261726834047, 3.156290042375353, 3.2285422333958405, 3.2025219821797752, 3.163154769373525, 3.230382945210542, 3.147783777853874, 3.140996117650932], "x_average": 3.2766757905683273, "y_average": 3.2618191841001103, "z_average": 3.1990997550904057, "xy_average": 3.2692474873342188, "average": 3.2458649099196144}, "angle_XMX": {"x": [173.0685693283529, 171.42750370796838, 176.52840702595432, 166.27399971780912], "y": [175.73977525401668, 168.49622986477056, 167.68789307058816, 168.46336520172048], "z": [171.39209489873588, 169.16864879327514, 175.33664660771353, 176.1080569528544], "x_average": 171.8246199450212, "y_average": 170.096815847774, "z_average": 173.00136181314474, "xy_average": 170.96071789639757, "average": 171.64093253531328}, "angle_MXM": {"x": [155.82843852363, 139.92610755167883, 146.54108531851182, 160.13180001034274], "y": [158.28938158035643, 144.73036003898736, 137.7874044266908, 161.12400501098537], "z": [], "x_average": 150.60685785104084, "y_average": 150.482787764255, "z_average": NaN, "xy_average": 150.5448228076479, "average": 150.5448228076479}}