{"n_layer": 1, "d_interlayer": 10.053614112763587, "bond": {"x": [3.220476780095091, 3.25731844329888, 3.313008125355951, 3.124951747896762, 3.372243651655821, 3.189129793457372, 3.434711057108675, 3.2212254222536525], "y": [3.1388206300702652, 3.3316766633649157, 3.329023631617612, 3.2447258225359468, 3.159211331960157, 3.3877667990698033, 3.1640063607472304, 3.5895283250868077], "z": [3.121477479997634, 3.313571634165489, 3.2302478555515926, 3.327468572027187, 3.308036516891409, 3.1902410605212275, 3.3020937331979336, 3.1222065732007627], "x_average": 3.266633127640276, "y_average": 3.2930949455565925, "z_average": 3.2394179281941544, "xy_average": 3.2798640365984335, "average": 3.266382000463674}, "angle_XMX": {"x": [169.26312927738869, 173.41070195470172, 175.97935125728975, 178.92310028855505], "y": [172.09909764187518, 173.57944161906082, 173.6183886867166, 177.08601933281395], "z": [175.3141319113757, 165.66291359339388, 168.61416585036656, 163.54796993055996], "x_average": 174.3940706944838, "y_average": 174.09573682011663, "z_average": 168.284795321424, "xy_average": 174.24490375730022, "average": 172.25820094534149}, "angle_MXM": {"x": [152.69919813734293, 150.80626062679858, 148.06481400148553, 145.4228553071247], "y": [153.5990140564827, 153.20672539066234, 143.58162371109393, 146.82291499526085], "z": [], "x_average": 149.24828201818792, "y_average": 149.30256953837494, "z_average": NaN, "xy_average": 149.27542577828143, "average": 149.27542577828143}}