{"n_layer": 1, "d_interlayer": 8.324221096961736, "bond": {"x": [3.2209195442206275, 3.3110493368224865, 3.1894883649557157, 3.2169604594522996, 3.199076148436542, 3.3157462584658757, 3.152764416296559, 3.228237006063028], "y": [3.2514190937109313, 3.173251714559859, 3.1898388332097456, 3.209379316382482, 3.214340716257519, 3.1469616946123478, 3.1775457225000476, 3.1887743428774526], "z": [3.091509320702891, 3.351212776176534, 3.2124539881573004, 3.209208269004944, 3.200365147389008, 3.247576676197539, 3.3730222780565327, 3.078482436878203], "x_average": 3.229280191839142, "y_average": 3.193938929263798, "z_average": 3.220478861570369, "xy_average": 3.2116095605514703, "average": 3.2145659942244365}, "angle_XMX": {"x": [177.36217922045077, 173.12200936969643, 170.46875976287328, 177.72483560284428], "y": [167.19704394514736, 170.9045816963174, 171.44035282933672, 174.25669113893784], "z": [178.43707449391636, 174.8408178009088, 172.5764675596721, 179.2261120768352], "x_average": 174.66944598896617, "y_average": 170.94966740243484, "z_average": 176.2701179828331, "xy_average": 172.8095566957005, "average": 173.9630771247447}, "angle_MXM": {"x": [150.70290458681515, 165.00935987745012, 150.55505987236054, 157.10848399406862], "y": [163.58132366006436, 143.95942550658702, 151.03072839351148, 161.66910853935337], "z": [], "x_average": 155.8439520826736, "y_average": 155.06014652487906, "z_average": NaN, "xy_average": 155.45204930377633, "average": 155.45204930377633}}