{"n_layer": 1, "d_interlayer": 9.68848653410384, "bond": {"x": [3.244319673291525, 3.3103522556558693, 3.2788023897633614, 3.2403763275117883, 3.2273394884248017, 3.1568130763149003, 3.1317597844570044, 3.3100126626988553], "y": [3.2741767370852832, 3.289523305529569, 3.2754156428772623, 3.1245032403955197, 3.287609510823468, 3.2490789602612136, 3.2028774358395977, 3.2093824900533052], "z": [3.107282962142265, 3.3229916707997775, 3.250471007223174, 3.2329204554905897, 3.3230366469824495, 3.215062236251946, 3.287909328437125, 3.212527285667806], "x_average": 3.2374719572647632, "y_average": 3.2390709153581527, "z_average": 3.2440251991243914, "xy_average": 3.238271436311458, "average": 3.2401893572491023}, "angle_XMX": {"x": [174.9490357521344, 176.37152374312956, 174.96272529251252, 176.2884123832898], "y": [172.5940273215268, 178.73305979288352, 168.973138522839, 175.44995816165303], "z": [170.7274891190807, 178.46170180822853, 171.58376340150625, 176.6639098814182], "x_average": 175.64292429276657, "y_average": 173.9375459497256, "z_average": 174.35921605255845, "xy_average": 174.7902351212461, "average": 174.6465620983502}, "angle_MXM": {"x": [161.93404651570594, 156.4315021723682, 153.72934968785913, 157.0595054151392], "y": [160.54038203773638, 152.11317938740638, 154.47314779203296, 161.2654980764332], "z": [], "x_average": 157.2886009477681, "y_average": 157.09805182340224, "z_average": NaN, "xy_average": 157.19332638558518, "average": 157.19332638558518}}