{"n_layer": 1, "d_interlayer": 3.943416199308386, "bond": {"x": [3.3090769453172553, 3.3174558071385407, 3.2896455226595678, 3.27764726208609, 3.2083036385769264, 3.211613897844585, 3.2080146096680617, 3.209839697204033], "y": [3.3054839851447446, 3.320439748723525, 3.208741209360467, 3.2097284705867066, 3.2856374332295593, 3.2819413648499562, 3.21028121695034, 3.207576765992758], "z": [3.1008822080053244, 3.100431000735489, 3.1445511146048797, 3.1441248509012505, 3.1434968695003023, 3.14532248681114, 3.1620193616453673, 3.16564130559659], "x_average": 3.2539496725618826, "y_average": 3.253728774354757, "z_average": 3.138308649725043, "xy_average": 3.2538392234583196, "average": 3.2153290322138943}, "angle_XMX": {"x": [179.76381640524164, 179.92947997705653, 179.82648361712518, 179.90076362921357], "y": [179.79707921505798, 179.7324581875042, 179.845006353415, 179.91822079533551], "z": [179.55957542547597, 179.7282189867997, 179.7709936501498, 179.84152929242245], "x_average": 179.85513590715922, "y_average": 179.82319113782816, "z_average": 179.725079338712, "xy_average": 179.8391635224937, "average": 179.80113546123312}, "angle_MXM": {"x": [143.95579649707418, 145.6337549003496, 143.8923727399797, 145.6189812503343], "y": [143.99555567333002, 143.9300528453343, 145.66808446017924, 145.53190253434326], "z": [], "x_average": 144.77522634693443, "y_average": 144.78139887829673, "z_average": NaN, "xy_average": 144.7783126126156, "average": 144.7783126126156}}