{"n_layer": 1, "d_interlayer": 4.4411320725639465, "bond": {"x": [3.171596286631106, 3.219194421890778, 3.2102372457957182, 3.161080459949278, 3.2103227087447754, 3.1617046282217975, 3.172196398921344, 3.2188791046845817], "y": [3.1490748070521954, 3.216554601139967, 3.2051041963750557, 3.177394397788326, 3.204456795449706, 3.178446925939252, 3.1491057561402562, 3.2176201157177813], "z": [3.160371483579298, 3.165778459728735, 3.1620467702470325, 3.1625213922020707, 3.163487926165308, 3.1603128322982696, 3.1601285906644705, 3.1646088719075705], "x_average": 3.190651406854922, "y_average": 3.1872196994503175, "z_average": 3.1624070408490943, "xy_average": 3.18893555315262, "average": 3.180092715718111}, "angle_XMX": {"x": [158.00890110892317, 161.46591672838616, 161.50902997680566, 157.9367397550266], "y": [160.6043519931136, 157.2629825829317, 157.28245125890476, 160.51657186273027], "z": [169.53033468537538, 169.3885598208131, 169.40567892260376, 169.55698896197694], "x_average": 159.7301468922854, "y_average": 158.9165894244201, "z_average": 169.4703905976923, "xy_average": 159.32336815835276, "average": 162.70570897146595}, "angle_MXM": {"x": [144.09144385687503, 175.21336597635175, 175.2985673726067, 144.12636822950265], "y": [143.21240604263062, 174.62303791232617, 174.55280217269873, 143.13518842794105], "z": [], "x_average": 159.68243635883402, "y_average": 158.88085863889916, "z_average": NaN, "xy_average": 159.28164749886656, "average": 159.28164749886656}}