{"n_layer": 1, "d_interlayer": 5.868891324009743, "bond": {"x": [3.2152152543803787, 3.258677681476133, 3.167740466952194, 3.3958741906055687, 3.2685404504702507, 3.3068985484006483, 3.1951636575265665, 3.558402456842982], "y": [3.249357035306458, 3.229061850769665, 3.2439568452022796, 3.3297664987070865, 3.1597570098508734, 3.450556273194478, 3.2061365356822917, 3.5266885691368652], "z": [2.9702961838599466, 3.456376428037085, 3.4137635820196706, 3.032348624091677, 3.417815022545777, 3.0115209271160124, 3.134585392912856, 3.201872479468751], "x_average": 3.2958140883318405, "y_average": 3.29941007723125, "z_average": 3.204822330006472, "xy_average": 3.297612082781545, "average": 3.2666821651898537}, "angle_XMX": {"x": [171.99284905661057, 169.5762901075533, 172.32139141276855, 167.58968733661513], "y": [171.34164533987604, 177.38123635279987, 171.14103970161372, 172.85960432827946], "z": [178.54092034316076, 172.48299849283245, 173.16459629695214, 173.66168715836716], "x_average": 170.3700544783869, "y_average": 173.18088143064227, "z_average": 174.46255057282812, "xy_average": 171.77546795451457, "average": 172.67116216061905}, "angle_MXM": {"x": [160.61817315695487, 138.461567078577, 151.53120118343273, 155.5100292982327], "y": [154.10594013752436, 158.3592881945058, 148.46425023731402, 143.54025128312054], "z": [], "x_average": 151.5302426792993, "y_average": 151.1174324631162, "z_average": NaN, "xy_average": 151.32383757120775, "average": 151.32383757120775}}