{"n_layer": 1, "d_interlayer": 6.209657917834217, "bond": {"x": [3.1872212550344403, 3.1864899675322653, 3.208893261692132, 3.210159083342654, 3.1973961511727587, 3.2007202802426304, 3.2149072949529556, 3.22234002448102], "y": [3.1820139022864233, 3.192684348946765, 3.1948830346691834, 3.2051738064901745, 3.200443800512799, 3.2189798382079586, 3.2078026464551823, 3.2298032580057945], "z": [3.1299138748302435, 3.220807708226427, 3.25852014403451, 3.1333052284154523, 3.258519108430127, 3.133227484500793, 3.1358654531179093, 3.2947350473460206], "x_average": 3.2035159148063572, "y_average": 3.203973079446785, "z_average": 3.1956117561126853, "xy_average": 3.203744497126571, "average": 3.201033583455276}, "angle_XMX": {"x": [175.24663182261418, 178.78885855737457, 178.16411747272534, 177.45224182972862], "y": [175.42933784630662, 178.58740624891226, 179.29164366874838, 177.81239544624165], "z": [179.49912592621843, 179.53847802220997, 179.39281994301416, 179.45903584573307], "x_average": 177.41296242061065, "y_average": 177.78019580255224, "z_average": 179.47236493429392, "xy_average": 177.59657911158143, "average": 178.2218410524856}, "angle_MXM": {"x": [152.57794018770755, 147.27064026569428, 150.2352299976853, 149.64112483300772], "y": [151.44758611958196, 151.26989649379215, 148.86336222829462, 148.0988967014705], "z": [], "x_average": 149.93123382102374, "y_average": 149.9199353857848, "z_average": NaN, "xy_average": 149.92558460340427, "average": 149.92558460340427}}