{"n_layer": 1, "d_interlayer": 6.8135927239487195, "bond": {"x": [3.207417818676263, 3.177525700964464, 3.256700314656919, 3.1431008405208454, 3.189309867910869, 3.186345343624772, 3.23939645724409, 3.150315618346153], "y": [3.155694402107153, 3.1687526095869485, 3.184259066063084, 3.146389855662057, 3.1586925635451273, 3.1719839583041076, 3.1857311143232168, 3.1710186276361383], "z": [3.2183793434208923, 3.1959166265313916, 3.133679181391742, 3.2788552032028533, 3.2700097151372924, 3.1407340053983206, 3.2052466247795777, 3.2145165845965633], "x_average": 3.1937639952430468, "y_average": 3.1678152746534787, "z_average": 3.2071671605573293, "xy_average": 3.1807896349482627, "average": 3.1895821434846177}, "angle_XMX": {"x": [168.19665150020074, 175.96670293476322, 176.95689263411356, 168.7993606433471], "y": [169.4358785766383, 157.2501236319419, 169.33668350705392, 160.31570864787977], "z": [169.059602686782, 173.6517286803581, 169.86157497471763, 171.6724889743031], "x_average": 172.47990192810616, "y_average": 164.08459859087847, "z_average": 171.0613488290402, "xy_average": 168.2822502594923, "average": 169.20861644934158}, "angle_MXM": {"x": [145.4624813653373, 141.2367038607151, 146.9120208093853, 149.63696376255646], "y": [154.00212644233122, 140.70493435332384, 141.0930291146606, 150.29705051829941], "z": [], "x_average": 145.81204244949853, "y_average": 146.52428510715376, "z_average": NaN, "xy_average": 146.16816377832617, "average": 146.16816377832617}}