{"n_layer": 1, "d_interlayer": 5.238221212224846, "bond": {"x": [3.1805848778089474, 3.2600947701492826, 3.1500023695252874, 3.2524359654123014, 3.173253086957934, 3.230235596817048, 3.1226181104615187, 3.355317973913368], "y": [3.1920907529367852, 3.1419050079434223, 3.2719740133241606, 3.135960234404967, 3.2415564400668977, 3.168356301659206, 3.177704545300423, 3.207683251457214], "z": [3.1946089990283943, 3.189973296902795, 3.1543597426168857, 3.2680855056733695, 3.1951173596329676, 3.1864517813729454, 3.323196783477051, 3.133908976772332], "x_average": 3.215567843880711, "y_average": 3.1921538183866343, "z_average": 3.2057128056845925, "xy_average": 3.2038608311336727, "average": 3.2044781559839794}, "angle_XMX": {"x": [164.08320952029115, 164.97753973649125, 170.13419181939102, 161.1291740303936], "y": [164.63641701994834, 159.54736933153202, 163.0456946016492, 161.94191758306403], "z": [169.3544315855652, 165.31531911420674, 170.89501818430827, 166.64787991045532], "x_average": 165.08102877664177, "y_average": 162.2928496340484, "z_average": 168.05316219863388, "xy_average": 163.68693920534508, "average": 165.14234686977468}, "angle_MXM": {"x": [143.6346243046213, 165.86060506028502, 167.78176653334975, 141.84066501142263], "y": [139.81229673626964, 169.10286135468473, 170.5496258422832, 136.22230876528255], "z": [], "x_average": 154.7794152274197, "y_average": 153.92177317463003, "z_average": NaN, "xy_average": 154.35059420102488, "average": 154.35059420102488}}