{"n_layer": 1, "d_interlayer": 5.915632034061409, "bond": {"x": [3.205930526808256, 3.1183223956976356, 3.2647470686698616, 3.2002851440042313, 3.1895653253181853, 3.148129718352299, 3.2935511782502944, 3.2215302344477004], "y": [3.113120552854301, 3.1759628419943984, 3.1207182203376087, 3.1752177601686764, 3.21179712030714, 3.204196037548064, 3.216463063585347, 3.1724594151213488], "z": [3.246302221555814, 3.2585783387392335, 3.2577560660947804, 3.2167797551935875, 3.14959975176911, 3.361695654941222, 3.2944020062179864, 3.1462922120513057], "x_average": 3.2052576989435577, "y_average": 3.1737418764896104, "z_average": 3.24142575082038, "xy_average": 3.189499787716584, "average": 3.2068084420845167}, "angle_XMX": {"x": [179.81450942923246, 176.65435328536, 172.71936037920807, 175.67497110064693], "y": [175.4540739304435, 176.90766503139545, 170.80081329081384, 169.78243848915724], "z": [168.5595055082767, 168.6333389067023, 166.95134090578958, 166.1703126880824], "x_average": 176.21579854861187, "y_average": 173.23624768545253, "z_average": 167.57862450221273, "xy_average": 174.72602311703218, "average": 172.34355691209237}, "angle_MXM": {"x": [155.9938838319066, 149.83283105655636, 162.66540898536587, 144.29971003498642], "y": [151.51842307929684, 158.27120786104092, 157.24637508463854, 139.24767929691558], "z": [], "x_average": 153.19795847720383, "y_average": 151.57092133047297, "z_average": NaN, "xy_average": 152.3844399038384, "average": 152.3844399038384}}