{"n_layer": 1, "d_interlayer": 5.796889860875163, "bond": {"x": [3.2300615831462762, 3.179078262868891, 3.202601933478234, 3.1987299516099728, 3.202475630670116, 3.198864204278376, 3.230068586593654, 3.179053138568623], "y": [3.1988837600586546, 3.202615000278873, 3.178769013152673, 3.2306327229643044, 3.1789394850619446, 3.2303726042872345, 3.199023054054583, 3.2026485722735054], "z": [3.313370577742, 3.1766701914356323, 3.176793520071193, 3.3133095945868467, 3.176733746038629, 3.313297831208949, 3.3133808866321397, 3.176643565672632], "x_average": 3.202616661401768, "y_average": 3.202735526516472, "z_average": 3.245024989173503, "xy_average": 3.2026760939591195, "average": 3.216792392363914}, "angle_XMX": {"x": [176.82125423688242, 178.78588709503734, 178.7820127093668, 176.82399369419184], "y": [178.75543664678358, 176.80510409786788, 176.79860357834724, 178.75005898449018], "z": [168.96469173277987, 168.93413331681717, 168.93571561854282, 168.96261843289577], "x_average": 177.8032869338696, "y_average": 177.7773008268722, "z_average": 168.9492897752589, "xy_average": 177.7902938803709, "average": 174.84329251200026}, "angle_MXM": {"x": [150.46551747364904, 149.17782370511367, 149.1704349979138, 150.4595620323527], "y": [150.5048939516422, 149.16063683909425, 149.15013571298041, 150.51024499536214], "z": [], "x_average": 149.8183345522573, "y_average": 149.83147787476975, "z_average": NaN, "xy_average": 149.82490621351354, "average": 149.82490621351354}}