{"n_layer": 1, "d_interlayer": 8.326090007299182, "bond": {"x": [3.1819890208431367, 3.1344970208717413, 3.161299916753784, 3.0884308447587774, 3.141934330697154, 3.182298024208587, 3.142751699894819, 3.124077839846727], "y": [3.1227443997827975, 3.2303339358325927, 3.1386707938778566, 3.2070777069781555, 3.0838696177730145, 3.2338267278310875, 3.113083113016365, 3.178782433534803], "z": [3.290250908713443, 3.1850578066802453, 3.2480563293008844, 3.2266226638493722, 3.2484583480565674, 3.257622568660297, 3.1927520452735827, 3.2662751408847197], "x_average": 3.1446598372343404, "y_average": 3.163548591078334, "z_average": 3.239386976427389, "xy_average": 3.1541042141563373, "average": 3.1825318015800215}, "angle_XMX": {"x": [167.6841857493571, 172.16251563551126, 164.26732804948603, 166.85830509294823], "y": [175.69167166296722, 174.2418000315994, 167.05499120934195, 171.94831037853842], "z": [177.88409249935708, 170.15992794952197, 172.95052491303971, 175.6821076593394], "x_average": 167.74308363182564, "y_average": 172.23419332061175, "z_average": 174.16916325531454, "xy_average": 169.98863847621868, "average": 171.38214673591733}, "angle_MXM": {"x": [163.62559255198235, 149.8721682950029, 144.81007044509138, 170.71555816156805], "y": [160.40351916151468, 152.28256590000694, 156.2377916791412, 165.8078423647049], "z": [], "x_average": 157.25584736341116, "y_average": 158.68292977634192, "z_average": NaN, "xy_average": 157.96938856987657, "average": 157.96938856987657}}