{"n_layer": 1, "d_interlayer": 8.623011012493278, "bond": {"x": [3.2075853307841298, 3.248259649540924, 3.1632514483601635, 3.193529276752906, 3.239423627271231, 3.2296587079721273, 3.1456838911985106, 3.2326723162073443], "y": [3.2711109549791733, 3.181295981791314, 3.3221202445915843, 3.1548052792944894, 3.250856686503637, 3.1165798203141417, 3.198962743430651, 3.165743866212492], "z": [3.3403867069358806, 3.1663716200847496, 3.285115604969475, 3.193811889519526, 3.289027225424643, 3.235626151291343, 3.096979877836821, 3.3385579785092165], "x_average": 3.207508031010917, "y_average": 3.2076844471396853, "z_average": 3.2432346318214567, "xy_average": 3.207596239075301, "average": 3.21947570332402}, "angle_XMX": {"x": [169.14924552377823, 166.59208045859177, 166.55643696957196, 165.96371876800362], "y": [176.59525961076605, 169.5768088298109, 163.6654683069729, 171.66260824676806], "z": [175.81487336565252, 171.14774453660613, 171.3663846667676, 177.33405409230414], "x_average": 167.0653704299864, "y_average": 170.37503624857948, "z_average": 173.91576416533258, "xy_average": 168.72020333928293, "average": 170.45205694796616}, "angle_MXM": {"x": [136.1845018860112, 166.50030446561195, 158.84110206007395, 142.31834790163535], "y": [149.14519444513766, 145.5202811095933, 160.9475549924698, 150.4358242671722], "z": [], "x_average": 150.9610640783331, "y_average": 151.51221370359323, "z_average": NaN, "xy_average": 151.23663889096315, "average": 151.23663889096315}}