{"n_layer": 1, "d_interlayer": 7.993086659515575, "bond": {"x": [3.1637533682333334, 3.171883141161386, 3.1495894998429463, 3.218228590995377, 3.1621943455585857, 3.1621897095571914, 3.196874296147581, 3.2069142526893435], "y": [3.2076896216578454, 3.1648033690385966, 3.2337157725476553, 3.155283999412032, 3.2549555338045932, 3.1793285118286247, 3.2865050168722623, 3.18904685153737], "z": [3.4176399480975017, 3.115614137467909, 3.194606538804437, 3.27647646437687, 3.2448038847105676, 3.223295114453212, 3.1810850993578916, 3.2361677567697504], "x_average": 3.178953400523218, "y_average": 3.2089160845873725, "z_average": 3.2362111180047672, "xy_average": 3.193934742555295, "average": 3.208026867705119}, "angle_XMX": {"x": [167.61736707929427, 167.30402350378492, 176.41879186174992, 177.29283953462098], "y": [174.86768651336178, 175.35584454111188, 176.25157163531182, 175.5538516956909], "z": [176.25117668428734, 176.86274211917956, 168.6970822415361, 166.80613293360068], "x_average": 172.15825549486252, "y_average": 175.5072385963691, "z_average": 172.1542834946509, "xy_average": 173.8327470456158, "average": 173.27325919529417}, "angle_MXM": {"x": [155.26270604985027, 139.56994485707713, 140.03851304692702, 148.38783686485235], "y": [156.75553140021822, 153.78936060148558, 150.52133341216168, 148.5068252216209], "z": [], "x_average": 145.8147502046767, "y_average": 152.3932626588716, "z_average": NaN, "xy_average": 149.10400643177414, "average": 149.10400643177414}}