{"n_layer": 1, "d_interlayer": 8.220529019658064, "bond": {"x": [3.1540440114835286, 3.0759229821589997, 3.1046259311480293, 3.145554863526513, 3.1404086891522285, 3.1274681798917707, 3.1839779193887603, 3.117604959130662], "y": [3.1052474586888525, 3.1389302122339484, 3.118328074399931, 3.1892939351149137, 3.07078024387056, 3.181038071308158, 3.142469697729447, 3.166835239485354], "z": [3.2255451570416893, 3.3122329901485137, 3.256259429914751, 3.2272576310398917, 3.2736712433704738, 3.243565992874149, 3.2439692617244047, 3.2057563810123466], "x_average": 3.1312009419850613, "y_average": 3.139115366603895, "z_average": 3.2485322608907774, "xy_average": 3.135158154294478, "average": 3.172949523159911}, "angle_XMX": {"x": [176.23789746331747, 169.44622737241698, 174.78674477108592, 169.46095195566457], "y": [177.6290964790148, 174.081876759222, 178.4226221156364, 173.13919126307053], "z": [171.61594342282297, 172.42309084502352, 172.41532060278823, 171.72390916436626], "x_average": 172.4829553906212, "y_average": 175.81819665423595, "z_average": 172.04456600875022, "xy_average": 174.1505760224286, "average": 173.44857268453583}, "angle_MXM": {"x": [176.30076238118377, 164.44866039126845, 172.10035919732448, 172.98132900185075], "y": [174.60418919674981, 170.0868686196187, 168.4765447519585, 175.64214562475743], "z": [], "x_average": 171.45777774290687, "y_average": 172.20243704827112, "z_average": NaN, "xy_average": 171.83010739558898, "average": 171.83010739558898}}