{"n_layer": 1, "d_interlayer": 13.164985295357399, "bond": {"x": [3.271111761521904, 3.2103340244082155, 3.1645579882199795, 3.249104619753275, 3.2596521248400667, 3.1991835030948415, 3.1857750709954993, 3.264806453946933], "y": [3.300557552203715, 3.169823442180815, 3.231269870635509, 3.220967655323054, 3.2316490518567895, 3.198133550395245, 3.1833524447087203, 3.23915884413519], "z": [3.28256887931488, 3.1189489629259683, 3.240602786714127, 3.2317133650547882, 3.20056254954765, 3.2630050229981085, 3.1323346040730637, 3.2731814610572756], "x_average": 3.2255656933475896, "y_average": 3.22186405142988, "z_average": 3.217864703960733, "xy_average": 3.2237148723887348, "average": 3.221764816246067}, "angle_XMX": {"x": [174.23810636009304, 174.31536858193155, 169.97088670545054, 172.82167605731743], "y": [173.09155009762958, 177.80212097944576, 179.08089946695443, 174.3826015122602], "z": [176.4452238605533, 169.07199578156852, 170.20332894351714, 176.66267983925016], "x_average": 172.83650942619815, "y_average": 176.0892930140725, "z_average": 173.09580710622228, "xy_average": 174.4629012201353, "average": 174.00720318216432}, "angle_MXM": {"x": [151.38008371543583, 150.80710347473527, 140.91883600033157, 145.17576463948848], "y": [148.1199121385883, 145.69109977360216, 147.85873467550618, 150.14690021709887], "z": [], "x_average": 147.07044695749778, "y_average": 147.95416170119887, "z_average": NaN, "xy_average": 147.51230432934832, "average": 147.51230432934832}}