{"n_layer": 1, "d_interlayer": 19.216940376401535, "bond": {"x": [3.2232388229785873, 3.0762241845996585, 3.1502363251315706, 3.201304703971384, 3.3058071285269737, 3.1284772023741243, 3.2284597719284815, 3.189441498115524], "y": [3.1452592916063526, 3.1912246595362173, 3.177142183886, 3.200744517862437, 3.1118751197492105, 3.1612879040902353, 3.1105266800672524, 3.1701994581891957], "z": [3.2271628049364147, 3.2483566130677968, 3.347002123831954, 3.1711076303778243, 3.2670671173449826, 3.187828424832005, 3.1477106651233084, 3.343981769745324], "x_average": 3.1878987047032883, "y_average": 3.1585324768733627, "z_average": 3.242527143657451, "xy_average": 3.1732155907883253, "average": 3.1963194417447003}, "angle_XMX": {"x": [168.5239869068181, 163.0844881792259, 165.56901597862353, 174.63449645079118], "y": [159.04594234759904, 168.58109058556894, 149.16967901150954, 156.3928309143324], "z": [172.0426345088226, 168.24594405638433, 174.35723553438845, 177.4514967118146], "x_average": 167.95299687886467, "y_average": 158.2973857147525, "z_average": 173.02432770285247, "xy_average": 163.12519129680857, "average": 166.42490343215655}, "angle_MXM": {"x": [161.46800541114783, 155.46888353902696, 145.60466449290527, 146.99528556912412], "y": [135.28770019219718, 166.26816254559674, 160.4450015435078, 145.23039577910143], "z": [], "x_average": 152.38420975305104, "y_average": 151.80781501510077, "z_average": NaN, "xy_average": 152.09601238407592, "average": 152.09601238407592}}