{"n_layer": 1, "d_interlayer": 10.763015770917873, "bond": {"x": [3.20010622465115, 3.247722969420879, 3.2381316828250646, 3.1732054982913214, 3.1894116557079912, 3.2414277382423315, 3.249301464215509, 3.1802461206917454], "y": [3.1656136924314344, 3.2725285634676275, 3.199121309771669, 3.2200597964387145, 3.1862447468850523, 3.2300680758290166, 3.2262976409873625, 3.193133777488273], "z": [3.291732358570487, 3.1207708249254527, 3.2516932095127022, 3.2023823758153083, 3.19303581253272, 3.2612856500409646, 3.129952096505306, 3.294710640316102], "x_average": 3.214944169255749, "y_average": 3.2116334504123936, "z_average": 3.21819537102738, "xy_average": 3.2132888098340713, "average": 3.2149243302318404}, "angle_XMX": {"x": [174.70524618468403, 176.01309236640262, 170.9434883907383, 173.63107803385296], "y": [174.1274633766684, 177.32214744707989, 178.28792250114375, 176.11727998871416], "z": [175.53516096947428, 170.82662470480216, 172.47275163899633, 176.40531789218394], "x_average": 173.8232262439195, "y_average": 176.46370332840155, "z_average": 173.80996380136418, "xy_average": 175.1434647861605, "average": 174.69896445789504}, "angle_MXM": {"x": [143.10457421251803, 148.3787860232542, 153.17618538684613, 149.4079758839859], "y": [148.70513588574278, 148.02295189662908, 149.24841023236758, 148.6149812454877], "z": [], "x_average": 148.51688037665105, "y_average": 148.6478698150568, "z_average": NaN, "xy_average": 148.58237509585393, "average": 148.58237509585393}}