{"n_layer": 1, "d_interlayer": 10.65730312379053, "bond": {"x": [3.226517574986298, 3.2291027441312954, 3.1996399827750954, 3.2005401419343085, 3.2140772364979124, 3.2160794251478158, 3.1901077905408854, 3.1919909709700707], "y": [3.2301680657779217, 3.225542154337167, 3.2162052353056767, 3.213882513604414, 3.2005936735632465, 3.1996049649624627, 3.191442506731361, 3.1907253875823214], "z": [3.2495319896805834, 3.16657720937914, 3.23517287271358, 3.1904105489471823, 3.235036097964988, 3.1908216937847476, 3.189154835495821, 3.2322369258172188], "x_average": 3.2085069833729603, "y_average": 3.2085205627330717, "z_average": 3.2111177717229076, "xy_average": 3.2085137730530158, "average": 3.2093817726096465}, "angle_XMX": {"x": [176.00391778283395, 179.31973700767736, 176.13838237524382, 170.23814980472198], "y": [176.01194344347917, 176.14086261728517, 179.2915463109687, 170.2365519805301], "z": [179.89490253653173, 179.80201727904586, 179.85463551838976, 179.93146711884586], "x_average": 175.4250467426193, "y_average": 175.42022608806576, "z_average": 179.8707556132033, "xy_average": 175.42263641534254, "average": 176.9053428146295}, "angle_MXM": {"x": [146.55008862965667, 150.6264039777115, 146.9425212840195, 150.34333876453962], "y": [146.67973936941857, 146.82670525433932, 150.64846471149463, 150.33354396569055], "z": [], "x_average": 148.61558816398184, "y_average": 148.62211332523577, "z_average": NaN, "xy_average": 148.6188507446088, "average": 148.6188507446088}}