{"n_layer": 1, "d_interlayer": 13.851153006024852, "bond": {"x": [3.1737218571486596, 3.1303518940282737, 3.3011836529847614, 3.1189403763082844, 3.1908292858238827, 3.131873175368337, 3.29293339811314, 3.1615069468111408], "y": [3.1590832717174107, 3.1537336660554245, 3.1299680452140515, 3.197181921784557, 3.2494567191254333, 3.1450974718761677, 3.2286533520323637, 3.191842630550462], "z": [3.420388861188684, 3.122584950079887, 3.2379542099338163, 3.2516180051534045, 3.2317948862437906, 3.2553100828690877, 3.108328248518212, 3.298789214772363], "x_average": 3.18766757332331, "y_average": 3.181877134794484, "z_average": 3.2408460573449056, "xy_average": 3.1847723540588966, "average": 3.203463588487567}, "angle_XMX": {"x": [175.75247854992836, 172.7413232574987, 176.4602044840719, 173.8052159685544], "y": [169.6670445988594, 168.93913575745725, 168.45679331865122, 171.81966554750866], "z": [178.24698755095548, 175.15254385546154, 174.93991381253434, 176.17889838794966], "x_average": 174.68980556501336, "y_average": 169.72065980561914, "z_average": 176.12958590172525, "xy_average": 172.20523268531622, "average": 173.51335042411924}, "angle_MXM": {"x": [150.44058115735896, 141.47120149644385, 146.65596858537614, 142.76514486866375], "y": [136.8716856547104, 157.30126412636562, 150.24054344307876, 133.9714529120263], "z": [], "x_average": 145.3332240269607, "y_average": 144.59623653404526, "z_average": NaN, "xy_average": 144.96473028050298, "average": 144.96473028050298}}