{"n_layer": 1, "d_interlayer": 17.45455585559634, "bond": {"x": [3.1459274904963923, 3.23184501365512, 3.152827469535545, 3.1990165221881304, 3.1371148925386056, 3.2166041538285786, 3.171199639898607, 3.2031275411109124], "y": [3.1874688646687943, 3.180422364640679, 3.2406785890034517, 3.150161017079529, 3.1987261544552608, 3.172165855964332, 3.249654570145182, 3.1432786656255653], "z": [3.1282197951083077, 3.308736712397314, 3.226887029809508, 3.2415666693733405, 3.2109302953659085, 3.2641373295052722, 3.3001569830433715, 3.118656485997399], "x_average": 3.1822078404064866, "y_average": 3.190319510197849, "z_average": 3.224911412575053, "xy_average": 3.186263675302168, "average": 3.199146254393129}, "angle_XMX": {"x": [170.8578114862944, 164.01281918295072, 178.904326240378, 174.8669874319453], "y": [168.29733482432854, 177.5104878180235, 170.33721380764328, 170.76226858682986], "z": [177.16146634897004, 172.19315914813183, 170.44016736159807, 174.98127772989614], "x_average": 172.1604860853921, "y_average": 171.7268262592063, "z_average": 173.69401764714905, "xy_average": 171.9436561722992, "average": 172.5271099972491}, "angle_MXM": {"x": [144.40696161192466, 136.8393469387505, 142.48252761916933, 153.50469811192946], "y": [154.07394874819303, 140.34124440022563, 139.81649089394898, 154.26304543830034], "z": [], "x_average": 144.30838357044348, "y_average": 147.123682370167, "z_average": NaN, "xy_average": 145.71603297030524, "average": 145.71603297030524}}