{"n_layer": 1, "d_interlayer": 4.1147528433223926, "bond": {"x": [3.222118480509627, 3.1418537076649944, 3.3050646208101586, 3.2254611997357996, 3.1980473571624026, 3.1535302647101267, 3.296017810444078, 3.2083491816379466], "y": [3.1331791515080534, 3.2124780603137895, 3.104149582561756, 3.177464338480737, 3.2282707803564223, 3.2322215561249954, 3.2265635965276824, 3.185485283266159], "z": [3.224269004395095, 3.231775954527966, 3.218329490292292, 3.2153257194500005, 3.168511198497396, 3.2938291223634013, 3.373072818259305, 3.1032135164777017], "x_average": 3.2188053278343913, "y_average": 3.1874765436424495, "z_average": 3.2285408530328947, "xy_average": 3.2031409357384204, "average": 3.2116075748365787}, "angle_XMX": {"x": [174.91677275774558, 175.93655818837198, 165.87518158969732, 173.7744748089219], "y": [162.16689432837111, 170.06783174565447, 165.3247935923653, 168.9329375465785], "z": [173.66227529340296, 171.8691421338519, 178.18954786987743, 167.74898050072454], "x_average": 172.6257468361842, "y_average": 166.62311430324235, "z_average": 172.8674864494642, "xy_average": 169.62443056971327, "average": 170.70544919629694}, "angle_MXM": {"x": [149.38764443382405, 145.9042534546133, 162.94467611644424, 142.57992450280068], "y": [137.23278131793947, 162.23122314820364, 154.25343683794068, 130.02148071200645], "z": [], "x_average": 150.2041246269206, "y_average": 145.93473050402258, "z_average": NaN, "xy_average": 148.06942756547159, "average": 148.06942756547159}}