{"n_layer": 1, "d_interlayer": 14.878827284498069, "bond": {"x": [3.1367931139138903, 3.1884870494456963, 3.1612712099584215, 3.1935175468978305, 3.1612310807205133, 3.193429921068012, 3.136844727633589, 3.1883618864931567], "y": [3.1933137973641483, 3.161369296303574, 3.188541673898809, 3.1368606991368573, 3.188521709175467, 3.136851517813751, 3.193350483441669, 3.161371246550378], "z": [3.241548609207723, 3.245374270015296, 3.245292609149293, 3.2415316594934747, 3.2453016471409395, 3.2415380162083025, 3.241559179830256, 3.2453769577470934], "x_average": 3.1699920670163886, "y_average": 3.1700225529605817, "z_average": 3.2434403685990474, "xy_average": 3.170007309988485, "average": 3.194484996192006}, "angle_XMX": {"x": [171.0734806778921, 166.5510213932255, 166.54869304334144, 171.06982873427998], "y": [166.55548461125204, 171.07977411459962, 171.08104636628883, 166.55806891624297], "z": [172.89883204814336, 172.90119007164657, 172.89800198655539, 172.90255572917275], "x_average": 168.81075596218477, "y_average": 168.81859350209587, "z_average": 172.9001449588795, "xy_average": 168.8146747321403, "average": 170.17649814105337}, "angle_MXM": {"x": [157.5734661501183, 137.38956657677136, 137.3921583301903, 157.57316346522984], "y": [157.57720047077345, 137.40832438694287, 137.4090414149895, 157.57497198800013], "z": [], "x_average": 147.48208863057746, "y_average": 147.49238456517648, "z_average": NaN, "xy_average": 147.48723659787697, "average": 147.48723659787697}}