{"n_layer": 1, "d_interlayer": 9.34051360628235, "bond": {"x": [3.1894630553503145, 3.1529232276950276, 3.2046923855666245, 3.149386630131717, 3.235807946592423, 3.1210551033033753, 3.2385885256201905, 3.1390911751041966], "y": [3.170606295689541, 3.1769546407505285, 3.1453592239743022, 3.2062423923028143, 3.189315666527321, 3.1072409011365854, 3.1463084299689923, 3.147036998232525], "z": [3.1641027021690196, 3.259977507299502, 3.230063118306829, 3.234812192953649, 3.209007426957428, 3.2471111789829075, 3.3548906313802327, 3.139651470286985], "x_average": 3.1788760061704835, "y_average": 3.161133068572826, "z_average": 3.229952028542069, "xy_average": 3.170004537371655, "average": 3.18998703442846}, "angle_XMX": {"x": [174.35372819777575, 170.4206291820319, 173.8018918390797, 177.85470009776213], "y": [172.38399867140308, 172.04670980293307, 165.77054092500134, 164.31805940360388], "z": [178.60921267988638, 173.44657358917127, 172.3334314307584, 176.54898841989746], "x_average": 174.10773732916238, "y_average": 168.62982720073535, "z_average": 175.23455152992838, "xy_average": 171.36878226494886, "average": 172.65737201994204}, "angle_MXM": {"x": [159.24539863594566, 157.5621142643231, 150.10169526613024, 149.44477343290657], "y": [146.20024403978766, 159.47975258289222, 172.60509010260552, 147.60163622023404], "z": [], "x_average": 154.0884953998264, "y_average": 156.47168073637985, "z_average": NaN, "xy_average": 155.28008806810314, "average": 155.28008806810314}}