{"n_layer": 1, "d_interlayer": 4.480510298030106, "bond": {"x": [3.249182212183486, 3.1939746451265543, 3.2264059411120463, 3.1832029382270615, 3.257647068287666, 3.154902445183898, 3.2013872546981155, 3.1793955271118883], "y": [3.174557875579751, 3.210590233933239, 3.210461144378636, 3.2126812882749536, 3.166494848547533, 3.1887764638636393, 3.1656292417207075, 3.2162812366158122], "z": [3.212318774950381, 3.1944220291892367, 3.2406561554339506, 3.2169989344965577, 3.2270859579738826, 3.2380414195637064, 3.2355028337156675, 3.2830156047129435], "x_average": 3.205762253991339, "y_average": 3.193184041614284, "z_average": 3.231005213754541, "xy_average": 3.199473147802812, "average": 3.209983836453388}, "angle_XMX": {"x": [173.1829929876333, 167.6088727153083, 167.58456319103945, 170.28848236394794], "y": [165.44170647974755, 169.59105668994403, 171.43365135620382, 168.2153528035756], "z": [177.4323470248329, 177.75884315964282, 178.5928139481527, 178.66063931273942], "x_average": 169.66622781448223, "y_average": 168.67044183236774, "z_average": 178.11116086134194, "xy_average": 169.168334823425, "average": 172.149276836064}, "angle_MXM": {"x": [132.04026254742575, 147.53327923217932, 149.6193053504815, 136.21040665624588], "y": [130.97937347829742, 150.97430619604722, 150.6259321845344, 134.1728252848098], "z": [], "x_average": 141.35081344658312, "y_average": 141.68810928592222, "z_average": NaN, "xy_average": 141.51946136625267, "average": 141.51946136625267}}