{"n_layer": 1, "d_interlayer": 5.826423392448007, "bond": {"x": [3.219836548898003, 3.171116283532373, 3.1602283277818652, 3.1642620652215907, 3.202418352037201, 3.1713978149603603, 3.1472873965738644, 3.1850242111032636], "y": [3.1731253871771252, 3.1933024264099017, 3.203561166613758, 3.185272628995542, 3.152803292057431, 3.197288302039109, 3.11457222792125, 3.224796082685565], "z": [3.150603193397612, 3.2587520215827106, 3.23405082190992, 3.2438671326676576, 3.216849759908039, 3.252686905100826, 3.335234297737076, 3.208617731504679], "x_average": 3.177696375013565, "y_average": 3.1805901892374604, "z_average": 3.2375827329760654, "xy_average": 3.179143282125513, "average": 3.1986230990756965}, "angle_XMX": {"x": [177.64916403726215, 176.5294486828173, 174.64228803995354, 173.7192685160414], "y": [177.02800927118196, 166.99757742314335, 173.3300184459458, 169.0473165593333], "z": [168.07673342862174, 166.84538078290515, 165.53580833682526, 167.43829691565833], "x_average": 175.63504231901862, "y_average": 171.6007304249011, "z_average": 166.97405486600263, "xy_average": 173.61788637195986, "average": 171.4032758699741}, "angle_MXM": {"x": [152.40284213483156, 159.68992547359846, 156.87522524101337, 158.6371379298141], "y": [148.20268788164032, 162.7395436983444, 163.43503673667365, 152.07479200384847], "z": [], "x_average": 156.90128269481437, "y_average": 156.61301508012673, "z_average": NaN, "xy_average": 156.75714888747055, "average": 156.75714888747055}}