{"n_layer": 1, "d_interlayer": 5.4042389516687575, "bond": {"x": [3.169170323681301, 3.1721229843948633, 3.15218572813669, 3.195109395045079, 3.1800777112019176, 3.249806516238744, 3.212847525053725, 3.245724689149221], "y": [3.1600986024081377, 3.1503445129442635, 3.2040934160377224, 3.179379726375781, 3.180148544737158, 3.1624558307686472, 3.2368315926358853, 3.2071528461081127], "z": [3.1028896376729924, 3.3683403700522074, 3.2979700884650223, 3.106124954824709, 3.2854688168020236, 3.1164340050895976, 3.1237261212361624, 3.1397295240294185], "x_average": 3.1971306091126923, "y_average": 3.1850631340019637, "z_average": 3.1925854397715163, "xy_average": 3.1910968715573285, "average": 3.1915930609620577}, "angle_XMX": {"x": [178.40465493087657, 171.57742690410248, 172.95667246295378, 170.47936137901962], "y": [175.6019998655393, 171.98173554776233, 169.0499394896984, 166.24613558276755], "z": [179.55384465066487, 175.06599413073204, 170.70169759275345, 176.34534600840246], "x_average": 173.35452891923813, "y_average": 170.7199526214419, "z_average": 175.4167205956382, "xy_average": 172.03724077034002, "average": 173.16373404543938}, "angle_MXM": {"x": [174.6230992103844, 173.19177718016715, 171.81229099233838, 166.09920253072136], "y": [169.1622446321065, 178.03374097891708, 173.76080131927458, 158.47638752674692], "z": [], "x_average": 171.43159247840282, "y_average": 169.8582936142613, "z_average": NaN, "xy_average": 170.64494304633206, "average": 170.64494304633206}}