{"n_layer": 1, "d_interlayer": 4.0664313439953865, "bond": {"x": [3.1797090186732553, 3.183626322859504, 3.2067035895469496, 3.2133091166691807, 3.2015448902498473, 3.2098249899314313, 3.2503026841008076, 3.2527185054846273], "y": [3.1801386143319372, 3.1696135842584163, 3.211929351212812, 3.1993657292759923, 3.2151345055639267, 3.2029634364312893, 3.251301054416887, 3.231317458948944], "z": [3.192222073270534, 3.193248060274627, 3.186253265346253, 3.1869090858579687, 3.181630955907974, 3.1806406755059546, 3.173127585949702, 3.170860674093123], "x_average": 3.2122173896894504, "y_average": 3.2077204668050254, "z_average": 3.183111547025767, "xy_average": 3.2099689282472377, "average": 3.201016467840081}, "angle_XMX": {"x": [179.22165677942508, 179.38079954576705, 179.56551683499453, 179.43319285126378], "y": [179.70774284779952, 179.50572190471544, 179.469253434334, 179.81512912080208], "z": [179.51033635600618, 179.60034215031519, 179.62980791401452, 179.50031412866113], "x_average": 179.40029150286261, "y_average": 179.62446182691275, "z_average": 179.56020013724924, "xy_average": 179.51237666488768, "average": 179.52831782234156}, "angle_MXM": {"x": [150.53117253812837, 146.95854279346486, 151.72740484080708, 145.83352585675297], "y": [150.38405827273994, 151.0580906151425, 146.56378880207947, 146.0302151586853], "z": [], "x_average": 148.76266150728833, "y_average": 148.5090382121618, "z_average": NaN, "xy_average": 148.63584985972506, "average": 148.63584985972506}}