{"n_layer": 1, "d_interlayer": 5.714420892425054, "bond": {"x": [3.142999961709625, 3.2273406606971355, 3.17544456574095, 3.2398612553873085, 3.169049552495661, 3.210272430335056, 3.1667445422238125, 3.28418776122924], "y": [3.1907487090116113, 3.1396032711448187, 3.182329090337277, 3.139539103160524, 3.2031258271516316, 3.179383002889803, 3.180982084932018, 3.1843303187738847], "z": [3.314875109922788, 3.1714424623715676, 3.2095308085580356, 3.2658828450307213, 3.259817901702863, 3.216415125808257, 3.1960748632238296, 3.299945527348146], "x_average": 3.2019875912273488, "y_average": 3.1750051759251963, "z_average": 3.241748080495776, "xy_average": 3.1884963835762723, "average": 3.2062469492161068}, "angle_XMX": {"x": [175.69585124138285, 174.6406083500277, 171.60910750833858, 175.66051203941038], "y": [165.43298626795826, 177.63600959868901, 165.64993130631612, 176.521633454633], "z": [172.34819881849683, 171.69622289243327, 169.3577458475235, 166.48411896432987], "x_average": 174.40151978478985, "y_average": 171.31014015689908, "z_average": 169.97157163069585, "xy_average": 172.85582997084447, "average": 171.89441052412826}, "angle_MXM": {"x": [158.95167573159216, 145.06730556070556, 148.86993513752716, 153.81724492866005], "y": [157.49001760184262, 145.25310869218174, 139.1960647095863, 156.98860011598126], "z": [], "x_average": 151.67654033962123, "y_average": 149.73194777989798, "z_average": NaN, "xy_average": 150.70424405975962, "average": 150.70424405975962}}