{"n_layer": 1, "d_interlayer": 6.423080449885731, "bond": {"x": [3.1639215533985134, 3.166148371913464, 3.164421013906065, 3.1665789197636283, 3.1647188589922686, 3.1662873078946356, 3.1643537367479957, 3.1657844694545325], "y": [3.163521987894204, 3.16751939754583, 3.163324671702382, 3.1667540746896123, 3.1637888791943105, 3.1663170151665434, 3.163991515232581, 3.167028007460568], "z": [3.242080458708792, 3.2412033280243366, 3.2421437051422086, 3.241216881311015, 3.242100488205216, 3.2413736446597525, 3.2417658098586832, 3.2417118392984725], "x_average": 3.165276779008888, "y_average": 3.165280693610754, "z_average": 3.2416995194010596, "xy_average": 3.165278736309821, "average": 3.190752330673567}, "angle_XMX": {"x": [179.73794937871256, 179.79775816614708, 179.8551395063237, 179.76853527570935], "y": [179.90350246720664, 179.78794665597897, 179.85172086368866, 179.90478751422611], "z": [179.87016043742364, 179.88006168990324, 179.91400467294127, 179.90191061835188], "x_average": 179.78984558172317, "y_average": 179.8619893752751, "z_average": 179.891534354655, "xy_average": 179.82591747849915, "average": 179.84778977055112}, "angle_MXM": {"x": [143.62747878052267, 144.01374735376663, 144.01944862161236, 143.6296551035818], "y": [143.97134423326978, 143.6717868487218, 143.71257844198186, 143.92984048337658], "z": [], "x_average": 143.82258246487086, "y_average": 143.8213875018375, "z_average": NaN, "xy_average": 143.82198498335418, "average": 143.82198498335418}}