{"n_layer": 1, "d_interlayer": 5.297439094066952, "bond": {"x": [3.2964227775901516, 3.2579447259799412, 3.24770436062684, 3.2164848875204406, 3.1822115335991388, 3.201293281408978, 3.2379330523738212, 3.1765886849829914], "y": [3.2109909972875013, 3.3346564989066896, 3.205716675700887, 3.2265435728675254, 3.2825364569754463, 3.241566805136784, 3.205681068984703, 3.16781350477723], "z": [3.0800443879827566, 3.300409504880331, 3.2581325701533683, 3.2268706854367175, 3.16801476883968, 3.2789542117869295, 3.4146810209388176, 3.128099288649889], "x_average": 3.2270729130102875, "y_average": 3.234438197579596, "z_average": 3.231900804833561, "xy_average": 3.230755555294942, "average": 3.2311373051411483}, "angle_XMX": {"x": [167.18173992595834, 172.4639447976964, 170.44582396626097, 174.95028992689927], "y": [167.48077861173812, 172.16022696997715, 170.0636787707922, 179.8137280210173], "z": [165.35561026509473, 165.42566788280936, 166.06998418575887, 166.75032679540797], "x_average": 171.26044965420374, "y_average": 172.3796030933812, "z_average": 165.90039728226773, "xy_average": 171.82002637379247, "average": 169.84681667661758}, "angle_MXM": {"x": [155.95106356044275, 168.7054543395078, 162.44652463775225, 157.1690458809538], "y": [152.90274791059386, 173.11993163447258, 171.2818178171634, 161.28508521846265], "z": [], "x_average": 161.06802210466415, "y_average": 164.64739564517313, "z_average": NaN, "xy_average": 162.85770887491864, "average": 162.85770887491864}}