{"n_layer": 1, "d_interlayer": 5.670259627239044, "bond": {"x": [3.2013602229652602, 3.279158135938466, 3.3021068204522472, 3.19847542913291, 3.2302160173818733, 3.2912891576299685, 3.42513446740151, 3.1949522118008087], "y": [3.194427786633206, 3.2495532033750196, 3.2980496651433473, 3.2433177318666333, 3.2672520054789578, 3.2574620674343495, 3.3747573263382455, 3.2226671766286423], "z": [3.2076966411729257, 3.1169148535710587, 3.1302128997263483, 3.221520133182676, 3.137614382650661, 3.2224194259036127, 3.189704407087319, 3.153622830524942], "x_average": 3.2653365578378803, "y_average": 3.2634358703623, "z_average": 3.172463196727443, "xy_average": 3.26438621410009, "average": 3.2337452083092075}, "angle_XMX": {"x": [174.5549334308477, 174.46676447502819, 177.48074027208938, 172.56138888945347], "y": [174.13968925408352, 172.03775953836703, 172.5656049152616, 169.37932136302166], "z": [166.6615721343541, 168.345477896859, 166.64594031464208, 176.76356399269207], "x_average": 174.76595676685469, "y_average": 172.03059376768343, "z_average": 169.60413858463681, "xy_average": 173.39827526726907, "average": 172.133563039725}, "angle_MXM": {"x": [163.32203794186856, 150.6610554203962, 159.49655976097372, 162.01035316809828], "y": [166.32585293712086, 156.12426122095923, 147.2132305262228, 164.2344096983034], "z": [], "x_average": 158.87250157283418, "y_average": 158.47443859565158, "z_average": NaN, "xy_average": 158.67347008424287, "average": 158.67347008424287}}