{"n_layer": 1, "d_interlayer": 5.326616806486871, "bond": {"x": [3.283913617444833, 3.187141692435675, 3.217695293388094, 3.151804356419808, 3.268366577677018, 3.154294531614777, 3.1613419794869033, 3.1872650717136404], "y": [3.210371705410743, 3.221898075973426, 3.1879157152785935, 3.20515073109354, 3.192050443218181, 3.1744941195963787, 3.133017612895729, 3.1865601607433836], "z": [3.09518660733794, 3.1972543357624406, 3.195748739021971, 3.2055129888772074, 3.15954036637331, 3.22279845054658, 3.326226541541039, 3.127270554289197], "x_average": 3.201477890022594, "y_average": 3.1889323205262468, "z_average": 3.191192322968711, "xy_average": 3.1952051052744204, "average": 3.1938675111725168}, "angle_XMX": {"x": [177.46806062129482, 176.33453723901346, 177.68727694035263, 177.8904899923329], "y": [174.472985388219, 170.0693259296459, 176.4470381247862, 176.38723867099404], "z": [168.83599752527152, 170.1688104099881, 167.91776860824828, 173.37931907811821], "x_average": 177.34509119824844, "y_average": 174.3441470284113, "z_average": 170.07547390540654, "xy_average": 175.84461911332988, "average": 173.92157071068877}, "angle_MXM": {"x": [157.3207036868178, 167.36856861999942, 157.3464113454371, 167.6822580454351], "y": [155.88016514963107, 164.37274860573436, 171.60398336411114, 165.67359056815613], "z": [], "x_average": 162.42948542442235, "y_average": 164.38262192190817, "z_average": NaN, "xy_average": 163.40605367316527, "average": 163.40605367316527}}