{"n_layer": 1, "d_interlayer": 5.222366774245815, "bond": {"x": [3.167554598003926, 3.2324588572829644, 3.2215485654348504, 3.1623733883520155, 3.200138097152378, 3.1744435351767972, 3.1518982871431414, 3.188204308264254], "y": [3.1939574853628323, 3.2055262629059875, 3.192707724477561, 3.1563319507284695, 3.1866534065877596, 3.1729050592277996, 3.187399483859047, 3.145199204497858], "z": [3.1484498797099, 3.283828800844762, 3.256074833324459, 3.213977816001842, 3.303990498069352, 3.1375942267214727, 3.1566179128625036, 3.24426169058741], "x_average": 3.1873274546012906, "y_average": 3.180085072205914, "z_average": 3.218099457265213, "xy_average": 3.183706263403603, "average": 3.195170661357473}, "angle_XMX": {"x": [172.65038816566204, 172.48518901475083, 178.17702774296833, 173.30732746599315], "y": [177.65493513188392, 172.21669163688404, 178.4852398109256, 176.17278387081862], "z": [175.808783491765, 166.6912229882906, 174.1056944532202, 176.4521552799878], "x_average": 174.15498309734357, "y_average": 176.13241261262806, "z_average": 173.2644640533159, "xy_average": 175.14369785498582, "average": 174.51728658776253}, "angle_MXM": {"x": [159.20158111050097, 163.87705186911109, 162.59419903732226, 163.5339130421839], "y": [164.95859800390105, 157.50259889517116, 163.21520369546712, 164.5664262636554], "z": [], "x_average": 162.30168626477956, "y_average": 162.5607067145487, "z_average": NaN, "xy_average": 162.4311964896641, "average": 162.4311964896641}}