{"n_layer": 1, "d_interlayer": 5.180033365929294, "bond": {"x": [3.2053507493333955, 3.1540497724997327, 3.216795368369028, 3.1156757929358685, 3.199884791720952, 3.1191733926456866, 3.199184760498944, 3.1474531756325566], "y": [3.1446041545669763, 3.180061190113339, 3.18792192137395, 3.1618725243627646, 3.162197882055197, 3.1369712198188107, 3.129234962102703, 3.155935518502062], "z": [3.1889707369749827, 3.255954078023242, 3.251898031291717, 3.209988724108117, 3.2215738506538467, 3.2281165207576334, 3.2838827499631944, 3.17784457690729], "x_average": 3.1696959754545206, "y_average": 3.157349921611975, "z_average": 3.2272786585850026, "xy_average": 3.163522948533248, "average": 3.1847748518838324}, "angle_XMX": {"x": [174.0277606973042, 174.54704348797767, 175.75585979658638, 178.1972802408922], "y": [174.08375513667733, 169.35343091639086, 175.5656497918602, 168.07802665067342], "z": [163.3789319416387, 164.5761477543433, 167.9597775358169, 169.4874404257408], "x_average": 175.6319860556901, "y_average": 171.77021562390047, "z_average": 166.35057441438494, "xy_average": 173.7011008397953, "average": 171.2509253646585}, "angle_MXM": {"x": [156.26121758638388, 164.00782706202992, 166.36232283936852, 157.88384875861564], "y": [161.57824509199406, 166.3054664778463, 169.82700933758184, 174.2870745584975], "z": [], "x_average": 161.12880406159948, "y_average": 167.99944886647992, "z_average": NaN, "xy_average": 164.5641264640397, "average": 164.5641264640397}}