{"n_layer": 1, "d_interlayer": 8.16822397359845, "bond": {"x": [3.2853602782540845, 3.1754321152221414, 3.1308199059182957, 3.3267690727363206, 3.1969966628864497, 3.2062690539103915, 3.131795481994566, 3.2056741004854143], "y": [3.322913877597038, 3.168064278749503, 3.209504811232711, 3.1456757895617016, 3.218532122505311, 3.1820289584216437, 3.1864647130535677, 3.1317709431611065], "z": [3.317304032547339, 3.0587947647139195, 3.3086992754786753, 3.192574557477182, 3.2989890128415604, 3.1766914885795425, 3.1071563361282197, 3.400853443279433], "x_average": 3.207389583925958, "y_average": 3.195619436785323, "z_average": 3.232632863880734, "xy_average": 3.2015045103556403, "average": 3.2118806281973384}, "angle_XMX": {"x": [167.57006055352608, 162.3263146915119, 157.77011694792293, 171.1543431878756], "y": [157.15888443485207, 156.27186466193473, 164.72479010091703, 170.55776885138303], "z": [175.8714008616648, 167.407987434183, 170.13934431001897, 179.02644131166247], "x_average": 164.70520884520914, "y_average": 162.17832701227172, "z_average": 173.1112934793823, "xy_average": 163.44176792874043, "average": 166.66494311228772}, "angle_MXM": {"x": [161.47863444207766, 176.19988230470761, 155.49306805824432, 154.18345138333865], "y": [150.42573780270948, 154.13185492511977, 149.2305720372828, 171.92743766998], "z": [], "x_average": 161.83875904709205, "y_average": 156.428900608773, "z_average": NaN, "xy_average": 159.13382982793252, "average": 159.13382982793252}}