{"n_layer": 1, "d_interlayer": 8.07937354849371, "bond": {"x": [3.2576568666152093, 3.1339157865203133, 3.3500574683890423, 3.1338661619617914, 3.2160601977494494, 3.1686901786335624, 3.352742954021208, 3.1825987867633407], "y": [3.1679313486823615, 3.187246385250657, 3.139582420804383, 3.1909663447193535, 3.2233276539115203, 3.195958058436321, 3.209132690692638, 3.221145405762072], "z": [3.1086262020297655, 3.3792305700985317, 3.2872860254749336, 3.1992233344725194, 3.302616893112879, 3.1890188910054382, 3.2086205722871948, 3.236409023564851], "x_average": 3.22444855008174, "y_average": 3.1919112885324132, "z_average": 3.2388789390057644, "xy_average": 3.2081799193070766, "average": 3.218412925873306}, "angle_XMX": {"x": [171.52196225794438, 171.794218130917, 176.72746946300896, 175.53042019973077], "y": [167.26616545348958, 174.0104593826444, 166.44548729651194, 171.67475980300017], "z": [172.57993527689283, 172.86214457117944, 165.40133431238155, 169.3150350898449], "x_average": 173.89351751290027, "y_average": 169.84921798391153, "z_average": 170.03961231257466, "xy_average": 171.87136774840587, "average": 171.26078260312883}, "angle_MXM": {"x": [150.1087039456735, 143.94557898014332, 152.5272835521034, 144.73948180343334], "y": [142.2706671179667, 160.52007900820556, 156.50609422757637, 136.1847102272738], "z": [], "x_average": 147.8302620703384, "y_average": 148.87038764525562, "z_average": NaN, "xy_average": 148.350324857797, "average": 148.350324857797}}