{"n_layer": 1, "d_interlayer": 16.59377559985502, "bond": {"x": [3.231178027199469, 3.1767120299601226, 3.1757544455297606, 3.220557092764979, 3.2198011784931087, 3.17627347600697, 3.176373503896053, 3.231882545189702], "y": [3.2034779285532116, 3.1710914527075507, 3.1821593156632737, 3.1788996127173146, 3.1795718216491844, 3.181978150313612, 3.1717955586833084, 3.2031827129787884], "z": [3.306286506457232, 3.1166976083728435, 3.2858486363928274, 3.155333858366726, 3.1543403323163655, 3.287632619987215, 3.1182947998857085, 3.304465876852058], "x_average": 3.2010665373800204, "y_average": 3.1840195691582807, "z_average": 3.216112529828872, "xy_average": 3.1925430532691506, "average": 3.200399545455724}, "angle_XMX": {"x": [172.6698296568895, 175.62487084488546, 175.559743364992, 172.66758179480416], "y": [170.68959693592112, 172.6531446187827, 172.56068197242428, 170.7750784533171], "z": [170.57259723637657, 169.79818885878672, 169.83379372720114, 170.5067221243501], "x_average": 174.13050641539277, "y_average": 171.6696254951113, "z_average": 170.1778254866786, "xy_average": 172.90006595525205, "average": 171.9926524657276}, "angle_MXM": {"x": [150.3189074186691, 150.21698221148094, 147.40704534961156, 147.46016023830248], "y": [145.84193138222818, 147.799762906911, 145.70736700369753, 147.87820091369434], "z": [], "x_average": 148.85077380451602, "y_average": 146.80681555163278, "z_average": NaN, "xy_average": 147.82879467807442, "average": 147.82879467807442}}