{"n_layer": 1, "d_interlayer": 5.492937849738437, "bond": {"x": [3.3480641488839082, 3.1173894404898896, 3.217899921962295, 3.1923085617260347, 3.2270370638886683, 3.1425156234127516, 3.2975737532435656, 3.119053675200153], "y": [3.16590877757728, 3.1563911778126124, 3.1176908972331665, 3.1911181104680457, 3.152809763157999, 3.1709290287071896, 3.1465234078947732, 3.1256378376553346], "z": [3.15481970272339, 3.3862866332422663, 3.281355555913472, 3.228783918449339, 3.2319289673652336, 3.2963082117650417, 3.392833167680586, 3.15095059772884], "x_average": 3.2077302736009083, "y_average": 3.1533761250633003, "z_average": 3.265408344358521, "xy_average": 3.1805531993321043, "average": 3.2088382476742425}, "angle_XMX": {"x": [172.81931860081693, 176.38213738569982, 173.09221744233847, 176.63523783504638], "y": [167.83564903940342, 169.02312234591744, 170.66565915868682, 166.1491385984505], "z": [165.44252711948613, 170.16847532428562, 173.4093978190859, 169.36707490865717], "x_average": 174.7322278159754, "y_average": 168.41839228561454, "z_average": 169.59686879287872, "xy_average": 171.57531005079497, "average": 170.91582963148957}, "angle_MXM": {"x": [172.97756066828356, 176.80125162501392, 173.14165512315256, 172.69170631512657], "y": [159.26291050912602, 168.6994991270794, 174.63356085033385, 160.6800823386843], "z": [], "x_average": 173.90304343289415, "y_average": 165.8190132063059, "z_average": NaN, "xy_average": 169.86102831960002, "average": 169.86102831960002}}