{"n_layer": 1, "d_interlayer": 11.324622658971318, "bond": {"x": [3.1662879765007124, 3.215619493490864, 3.1945484287445463, 3.208786841584983, 3.179268988806085, 3.20249657255087, 3.206347423058088, 3.2137081916621226], "y": [3.1764109898431667, 3.16640331909866, 3.159949146972357, 3.179775066362605, 3.2258853050733243, 3.138288336997485, 3.2191511667474106, 3.160987423532746], "z": [3.1375882661408125, 3.3659445287852106, 3.1981793356638275, 3.282759431339739, 3.2812922291370192, 3.2021888241501983, 3.346815634119165, 3.1132751277769146], "x_average": 3.198382989549784, "y_average": 3.1783563443284697, "z_average": 3.2410054221391107, "xy_average": 3.188369666939127, "average": 3.205914918672454}, "angle_XMX": {"x": [174.82170862023528, 174.88817734822481, 176.58778752614248, 173.6461577779343], "y": [171.06644690939763, 169.53912423378773, 170.4421076400588, 167.08156176421417], "z": [171.17676608811033, 171.10733553084637, 169.62070363599943, 172.6303390236643], "x_average": 174.9859578181342, "y_average": 169.53231013686457, "z_average": 171.13378606965512, "xy_average": 172.2591339774994, "average": 171.88401800821796}, "angle_MXM": {"x": [152.51043308135328, 144.68240481077584, 147.41407825921354, 151.81969824696242], "y": [148.56076814703852, 145.88637541309302, 145.10732004201577, 146.70263912075126], "z": [], "x_average": 149.10665359957625, "y_average": 146.56427568072462, "z_average": NaN, "xy_average": 147.83546464015043, "average": 147.83546464015043}}