{"n_layer": 1, "d_interlayer": 9.327663662369778, "bond": {"x": [3.3113574956058747, 3.1815400849827533, 3.1859547682649194, 3.312908398375825, 3.301584070515884, 3.1753817448646307, 3.1918191809431433, 3.317922006800779], "y": [3.2290175654110396, 3.1620769393234043, 3.2088422258716784, 3.165094832426741, 3.177092958967315, 3.225046633001601, 3.1695301141458243, 3.240278815203406], "z": [3.341448554648483, 3.1006554033980542, 3.271108935568284, 3.1709733842326666, 3.1575974880722746, 3.2803071557661854, 3.100730656785402, 3.3430624254527226], "x_average": 3.247308468794226, "y_average": 3.1971225105438763, "z_average": 3.220735500490509, "xy_average": 3.2222154896690514, "average": 3.2217221599428707}, "angle_XMX": {"x": [174.15450338349066, 176.06795159108756, 174.84117489740964, 174.83721740605694], "y": [169.0364912921418, 170.7941616368962, 170.32511347730943, 170.37008468707197], "z": [168.43175352294156, 167.93576760065605, 169.01724900782952, 167.50395055683254], "x_average": 174.97521181951117, "y_average": 170.13146277335485, "z_average": 168.2221801720649, "xy_average": 172.55333729643303, "average": 171.10961825497702}, "angle_MXM": {"x": [153.79849485655166, 151.1648424072643, 150.79892862233496, 150.38342722446706], "y": [146.95245348792977, 148.88759878782867, 145.0824865324983, 147.72936647193225], "z": [], "x_average": 151.53642327765448, "y_average": 147.16297632004725, "z_average": NaN, "xy_average": 149.34969979885085, "average": 149.34969979885085}}