{"n_layer": 1, "d_interlayer": 12.955664493168882, "bond": {"x": [3.080718528595046, 3.142406965721279, 3.1582461786428495, 3.2733357247063846, 3.111690465524593, 3.1436121906822483, 3.169274133864445, 3.2075916970829055], "y": [3.2239432165708783, 3.082554852509528, 3.1802365988085346, 3.075278207587745, 3.250715796949661, 3.1628542679697302, 3.1955002350293, 3.160299997861352], "z": [3.2358973827833664, 3.2120774227706708, 3.216516582426297, 3.271399620470795, 3.206111665018131, 3.2961362858272274, 3.3581824223364176, 3.2846662345111666], "x_average": 3.1608594856024688, "y_average": 3.166422896660841, "z_average": 3.260123452018009, "xy_average": 3.163641191131655, "average": 3.19580194476044}, "angle_XMX": {"x": [169.94531004663696, 170.90640251320346, 159.8026638141384, 169.13593212586102], "y": [166.41017148325213, 172.51086783693333, 169.50011691953506, 164.34883767747456], "z": [171.95167901928667, 174.60260809469673, 171.86494313052123, 175.35040237726412], "x_average": 167.44757712495996, "y_average": 168.19249847929876, "z_average": 173.4424081554422, "xy_average": 167.82003780212938, "average": 169.69416125323366}, "angle_MXM": {"x": [167.70828611706372, 132.66511054779122, 142.91213424211318, 151.86004147507114], "y": [159.06662029046936, 143.21994421315745, 133.16280300413675, 156.51950088079155], "z": [], "x_average": 148.78639309550982, "y_average": 147.9922170971388, "z_average": NaN, "xy_average": 148.38930509632428, "average": 148.38930509632428}}