{"n_layer": 1, "d_interlayer": 9.179964266287683, "bond": {"x": [3.207908838915184, 3.183398598895108, 3.4032916340337644, 3.1554434474803394, 3.323613296063888, 3.1539373378980033, 3.4262957257449957, 3.1860166834955828], "y": [3.1683495073028576, 3.097880378987444, 3.1370620602633563, 3.1604952104378428, 3.1790547654411685, 3.279781615420215, 3.2024606459444316, 3.2722163350516564], "z": [3.051956224820072, 3.652831028281735, 3.4223701653527554, 3.156470890341181, 3.4191675373767603, 3.134043352029554, 3.355439240193221, 3.0840310261325463], "x_average": 3.2549881953158586, "y_average": 3.1871625648561217, "z_average": 3.2845386830659784, "xy_average": 3.22107538008599, "average": 3.242229814412653}, "angle_XMX": {"x": [175.12291868423057, 164.9807069075504, 164.3650522386149, 174.1982624426281], "y": [167.47889767654547, 157.81846649246947, 159.4307328416986, 157.02268678651606], "z": [173.83158860585723, 169.2949209451027, 170.4430253584177, 175.2037308505936], "x_average": 169.666735068256, "y_average": 160.4376959493074, "z_average": 172.1933164399928, "xy_average": 165.0522155087817, "average": 167.43258248585207}, "angle_MXM": {"x": [163.3259746694583, 144.7337739259788, 172.31847126557128, 157.92300012169903], "y": [176.08537729611132, 147.21512564761252, 129.56157889785578, 169.8145793015189], "z": [], "x_average": 159.57530499567685, "y_average": 155.66916528577462, "z_average": NaN, "xy_average": 157.62223514072573, "average": 157.62223514072573}}