{"n_layer": 1, "d_interlayer": 12.96934089281821, "bond": {"x": [3.147766980456794, 3.1280649540340923, 3.2838567198904283, 3.1958655079538083, 3.1130123574096804, 3.1575433274373825, 3.2379543447107006, 3.163173713397966], "y": [3.1139288616571736, 3.1672436588327844, 3.100317093120212, 3.157057229148953, 3.1806102723039444, 3.3184579641674232, 3.194046052492714, 3.2342906522254813], "z": [3.20702279088632, 3.1888802528438926, 3.1701503326897535, 3.221861420052171, 3.1914974608004822, 3.2066163032957755, 3.2848971489076244, 3.148213643002435], "x_average": 3.1784047381613565, "y_average": 3.1832439729935857, "z_average": 3.202392419059807, "xy_average": 3.1808243555774713, "average": 3.188013710071583}, "angle_XMX": {"x": [170.7179204827805, 174.85009471898226, 163.77462670040433, 173.46622427693856], "y": [165.34055984112274, 176.42399232093598, 172.11065048595404, 171.04990726133417], "z": [176.15540611094522, 173.66819061442646, 173.77879751958707, 171.7535051394369], "x_average": 170.7022165447764, "y_average": 171.23127747733673, "z_average": 173.83897484609892, "xy_average": 170.96674701105658, "average": 171.924156289404}, "angle_MXM": {"x": [142.09577470216738, 145.09129389508024, 162.49913552668775, 136.15217551316022], "y": [150.77200507686692, 155.48462413069123, 149.86865841728238, 133.21203236237076], "z": [], "x_average": 146.4595949092739, "y_average": 147.33432999680284, "z_average": NaN, "xy_average": 146.89696245303836, "average": 146.89696245303836}}