{"n_layer": 1, "d_interlayer": 7.7840188871818405, "bond": {"x": [3.132594953041841, 3.1163018412471293, 3.1304817864989123, 3.102774001356944, 3.130485113330039, 3.1027632313745768, 3.1324394349689224, 3.1164498172327777], "y": [3.1027161095347364, 3.1306200082698115, 3.1163693163121797, 3.1326539801260513, 3.116372305750858, 3.1326572999828817, 3.1027846250415507, 3.1305453071948772], "z": [3.168453851274364, 3.353131145658469, 3.353048064008843, 3.168501364520269, 3.353209189690676, 3.1684743899840924, 3.1685172192674136, 3.353013392878298], "x_average": 3.120536272381393, "y_average": 3.1205898690266185, "z_average": 3.260793577160303, "xy_average": 3.120563070704006, "average": 3.1673065728561043}, "angle_XMX": {"x": [179.02582382803035, 176.67036884255856, 176.6710872005015, 179.02965095748863], "y": [176.67235035412153, 179.03719297755586, 179.0359212233658, 176.6765997451423], "z": [166.00241816743429, 165.9994627645206, 166.00431708053816, 166.0061681884073], "x_average": 177.84923270714478, "y_average": 177.85551607504638, "z_average": 166.00309155022507, "xy_average": 177.85237439109557, "average": 173.90261344413875}, "angle_MXM": {"x": [173.4111463457773, 173.7718158007701, 173.77053267684605, 173.40912966533293], "y": [173.40650748766035, 173.78204890422077, 173.78532568531128, 173.40270171283183], "z": [], "x_average": 173.5906561221816, "y_average": 173.59414594750604, "z_average": NaN, "xy_average": 173.59240103484382, "average": 173.59240103484382}}