{"n_layer": 1, "d_interlayer": 9.680439385011677, "bond": {"x": [3.2409026686728013, 3.159015455824318, 3.225410302992073, 3.175830513308453, 3.230681304830638, 3.178073705717083, 3.2484473796214974, 3.1624005400938326], "y": [3.2007669795722054, 3.1973465229138447, 3.1619517131986092, 3.233973171419061, 3.1604678139138835, 3.2265914075501665, 3.139666071105076, 3.260522155925889], "z": [3.1346575987675487, 3.250621757328901, 3.233605930004826, 3.1818781861956054, 3.2680251467910773, 3.1504482496093225, 3.186491743436625, 3.257200657223794], "x_average": 3.202595233882587, "y_average": 3.197660729449842, "z_average": 3.2078661586697126, "xy_average": 3.2001279816662147, "average": 3.2027073740007137}, "angle_XMX": {"x": [174.7537533725187, 168.95499801976112, 175.21658449722253, 175.74028504125607], "y": [167.84543000808176, 174.44010455994746, 170.713185876561, 171.45726807082286], "z": [171.45516019628215, 172.80197398152876, 170.5261830620951, 172.99300590258926], "x_average": 173.6664052326896, "y_average": 171.11399712885327, "z_average": 171.94408078562384, "xy_average": 172.39020118077144, "average": 172.24149438238888}, "angle_MXM": {"x": [142.37187639944068, 151.87558397383762, 150.1566803356015, 141.09610750352394], "y": [139.3060736977128, 154.984337353932, 154.15746232854232, 139.75016184775836], "z": [], "x_average": 146.37506205310092, "y_average": 147.04950880698638, "z_average": NaN, "xy_average": 146.71228543004366, "average": 146.71228543004366}}