{"n_layer": 1, "d_interlayer": 15.698921558437634, "bond": {"x": [3.031108935960832, 3.1903401713018087, 3.133338598830093, 3.1205808119602003, 3.121843891822837, 3.166146139298823, 3.105951670718145, 3.243154889314351], "y": [3.121719634982189, 3.0976251026304933, 3.200980515868579, 3.086579458384291, 3.223127269119674, 3.036686373579678, 3.1592146433772332, 3.156539345149739], "z": [3.2317482100755237, 3.2542358103540208, 3.2117389947181976, 3.2376048812643305, 3.203449581959577, 3.2407876406019014, 3.2355637337481626, 3.1479463297059636], "x_average": 3.1390581386508867, "y_average": 3.1353090428864845, "z_average": 3.2203843978034596, "xy_average": 3.1371835907686854, "average": 3.1649171931136095}, "angle_XMX": {"x": [172.46188577203438, 163.630266786034, 172.51654353727494, 164.61178262294177], "y": [166.66560991563006, 175.9206762472491, 162.81111745684103, 166.44891260062445], "z": [179.583239256067, 175.50616793938954, 172.63059515962024, 172.26080117165895], "x_average": 168.30511967957128, "y_average": 167.96157905508616, "z_average": 174.99520088168393, "xy_average": 168.13334936732872, "average": 170.4206332054471}, "angle_MXM": {"x": [167.09196477593667, 163.36652416873207, 176.45399953972407, 163.69318444152267], "y": [165.94877366897433, 175.96492575107942, 169.51318406686968, 160.34697412119468], "z": [], "x_average": 167.65141823147886, "y_average": 167.94346440202952, "z_average": NaN, "xy_average": 167.7974413167542, "average": 167.7974413167542}}