{"n_layer": 1, "d_interlayer": 10.946038986522385, "bond": {"x": [3.1800353243374784, 3.1775520236002763, 3.213879507063538, 3.0980733905706113, 3.1730287599887594, 3.1638577772644028, 3.19428484958625, 3.098604625276104], "y": [3.0874543544938446, 3.2109730733340673, 3.139070886823475, 3.2001985467836476, 3.090130584755768, 3.16305398700188, 3.1742968254086654, 3.1414890237893256], "z": [3.1762293349142157, 3.3790567708253265, 3.2779126347767296, 3.2451815832506687, 3.3510691282097653, 3.206068371428906, 3.2741515656328533, 3.225182239670534], "x_average": 3.162414532210928, "y_average": 3.1508334102988345, "z_average": 3.2668564535886246, "xy_average": 3.1566239712548807, "average": 3.1933681320327953}, "angle_XMX": {"x": [179.56555188911932, 168.7857679713344, 175.24947733799505, 174.0094886704425], "y": [175.56395528684973, 165.5694088783077, 172.27532672365749, 162.68578332243482], "z": [167.07539011569173, 170.42961964834038, 176.11112881743222, 179.20545095852052], "x_average": 174.4025714672228, "y_average": 169.02361855281242, "z_average": 173.20539738499622, "xy_average": 171.7130950100176, "average": 172.2105291350105}, "angle_MXM": {"x": [146.3178580109785, 150.2733138492598, 141.49150730841995, 144.165670319662], "y": [151.33728114671422, 138.85017415411266, 143.58664745245392, 149.72533737391916], "z": [], "x_average": 145.56208737208007, "y_average": 145.87486003179998, "z_average": NaN, "xy_average": 145.71847370194, "average": 145.71847370194}}