{"n_layer": 1, "d_interlayer": 4.773392386009448, "bond": {"x": [3.1168099959313706, 3.2852505619580032, 3.1830755207378867, 3.2036733009379286, 3.1829218903200043, 3.2036891393204954, 3.116633891276278, 3.28510736801148], "y": [3.1667623415901662, 3.1905307145594923, 3.24178243274953, 3.1183186573982793, 3.2420555451202198, 3.118149504301148, 3.166942003020041, 3.1902609741803083], "z": [3.1874967896693183, 3.226121372451766, 3.198916935216819, 3.2152123714876577, 3.214954553699234, 3.19944745026194, 3.226695156269691, 3.1877461626104058], "x_average": 3.197145208561681, "y_average": 3.179350271614898, "z_average": 3.2070738489583537, "xy_average": 3.1882477400882894, "average": 3.1945231097116444}, "angle_XMX": {"x": [172.794901616399, 171.16026164266808, 171.1747759392538, 172.81851667863273], "y": [168.09316162882453, 171.24987834486026, 171.26074863229073, 168.06183320904537], "z": [174.2302886387112, 175.88532472273027, 175.88979790312155, 174.314288235248], "x_average": 171.98711396923838, "y_average": 169.66640545375523, "z_average": 175.07992487495275, "xy_average": 170.8267597114968, "average": 172.24448143264877}, "angle_MXM": {"x": [176.26082280892712, 167.94174657565, 167.89946074497598, 176.22914206207582], "y": [170.13707450901916, 165.63902506353904, 165.64316799054197, 170.1352710028944], "z": [], "x_average": 172.08279304790722, "y_average": 167.88863464149864, "z_average": NaN, "xy_average": 169.98571384470296, "average": 169.98571384470296}}