{"n_layer": 1, "d_interlayer": 3.992950476595235, "bond": {"x": [3.1802876711515298, 3.1872686097030325, 3.146387935217843, 3.250595638641926, 3.148620358467646, 3.236770782562035, 3.1842533683501464, 3.2021296747603296], "y": [3.145436592261229, 3.235473389332501, 3.1476748643387515, 3.2407845582610415, 3.150675582096699, 3.2397074451711894, 3.1505975069902705, 3.220844594393625], "z": [3.270869590146903, 3.1265877156503366, 3.1756191489652483, 3.218655216464267, 3.2143244419968933, 3.178489981011269, 3.1240614986296347, 3.270147486850852], "x_average": 3.192039254856811, "y_average": 3.191399316605663, "z_average": 3.197344384964426, "xy_average": 3.1917192857312373, "average": 3.1935943188089673}, "angle_XMX": {"x": [168.0381959879545, 163.1245690372171, 161.79819132491787, 168.40741721978767], "y": [168.68657085538848, 162.55385389710244, 162.9303925132378, 167.74813937433808], "z": [176.1522586266102, 176.9611770321692, 177.21537609098849, 175.8292083500101], "x_average": 165.34209339246928, "y_average": 165.4797391600167, "z_average": 176.5395050249445, "xy_average": 165.410916276243, "average": 169.1204458591435}, "angle_MXM": {"x": [149.1044408067303, 128.27868052047856, 129.17430321125127, 148.55091107341656], "y": [136.93888824703748, 147.890861265537, 149.3812162699796, 136.12226958477234], "z": [], "x_average": 138.7770839029692, "y_average": 142.5833088418316, "z_average": NaN, "xy_average": 140.6801963724004, "average": 140.6801963724004}}