{"n_layer": 1, "d_interlayer": 3.6043673271100154, "bond": {"x": [3.2006356173661734, 3.2702387819544234, 3.364088193983674, 3.196253691041241, 3.207295159106354, 3.2365869789187336, 3.3417029219131, 3.192067499668259], "y": [3.225159756403999, 3.2542528855881114, 3.2158272031257105, 3.261532284261001, 3.205672661129407, 3.2142641672747763, 3.228657513927593, 3.2290702223854417], "z": [3.13536967224952, 3.1416018199548, 3.2150640789382523, 3.198077346662123, 3.1719827773374267, 3.166913851157747, 3.2034764931160544, 3.1881002965853544], "x_average": 3.251108605493995, "y_average": 3.229304586762005, "z_average": 3.17757329200016, "xy_average": 3.240206596128, "average": 3.2193288280853865}, "angle_XMX": {"x": [176.3613843751188, 172.00604646506932, 177.36292289291228, 171.70499088876153], "y": [178.52072797783217, 179.08816486443598, 172.1008774981321, 174.00369429067246], "z": [179.00930506030943, 177.90531721328864, 179.46385295158998, 178.60324380972136], "x_average": 174.3588361554655, "y_average": 175.92836615776815, "z_average": 178.74542975872734, "xy_average": 175.14360115661682, "average": 176.34421069065365}, "angle_MXM": {"x": [143.04171900339404, 140.57036114113777, 147.94672013290963, 140.75413248711348], "y": [139.86442256179998, 139.145245962615, 139.73730716995212, 143.24621801612764], "z": [], "x_average": 143.0782331911387, "y_average": 140.4982984276237, "z_average": NaN, "xy_average": 141.78826580938122, "average": 141.78826580938122}}