{"n_layer": 1, "d_interlayer": 4.6945945900493395, "bond": {"x": [3.158674581412749, 3.2515387337132475, 3.206838265231421, 3.183057381344848, 3.2512403872596476, 3.2131816543500915, 3.1993386986382166, 3.2782453129487283], "y": [3.170587736631414, 3.206725991209014, 3.235879993127512, 3.1688431305196287, 3.185502387913433, 3.165311341877152, 3.16821804763109, 3.221591301392484], "z": [3.218154606040214, 3.1781460207085015, 3.1870144500097233, 3.234888240922628, 3.1880962807667443, 3.2137699260916537, 3.2542177427108347, 3.1851649917331595], "x_average": 3.2177643768623687, "y_average": 3.190332491287716, "z_average": 3.207431532372932, "xy_average": 3.2040484340750424, "average": 3.2051761335076723}, "angle_XMX": {"x": [174.41793268043656, 175.90560727977726, 176.78271809517366, 174.10539617597686], "y": [175.2248134236905, 176.1853310819839, 172.71127010061687, 172.76111442174363], "z": [173.9433938778976, 176.85949507041386, 174.66728560459586, 177.2821573635912], "x_average": 175.30291355784107, "y_average": 174.22063225700873, "z_average": 175.68808297912463, "xy_average": 174.7617729074249, "average": 175.0705429313248}, "angle_MXM": {"x": [167.14434860198335, 159.4173613012614, 160.3015730652308, 169.25482359178554], "y": [164.31210521252228, 159.39902618057127, 159.71187689247566, 169.52071130597676], "z": [], "x_average": 164.02952664006526, "y_average": 163.23592989788648, "z_average": NaN, "xy_average": 163.63272826897588, "average": 163.63272826897588}}