{"n_layer": 1, "d_interlayer": 8.149760618547585, "bond": {"x": [3.131731358504033, 3.2688471993231154, 3.192233822014488, 3.1923039133315094, 3.1922870541182893, 3.192231423574123, 3.1316300177410024, 3.2688823459854843], "y": [3.192237414126896, 3.1921471734268545, 3.2689626939591685, 3.131527380006937, 3.2684998912067242, 3.1317748662158906, 3.192172888790059, 3.192363873115943], "z": [3.1716158562129584, 3.171647333794153, 3.171604082740274, 3.1715914508922536, 3.171597992552347, 3.171653432686647, 3.1716650699610947, 3.1716445514178386], "x_average": 3.1962683918240056, "y_average": 3.196210772606059, "z_average": 3.171627471282196, "xy_average": 3.1962395822150325, "average": 3.1880355452374203}, "angle_XMX": {"x": [179.27175651480886, 176.6159947391624, 176.64380415825423, 179.3081090122448], "y": [176.61687537675982, 179.28194188822664, 179.28030526784062, 176.6274554205452], "z": [171.2233690211557, 171.21032704373772, 171.24727565902066, 171.21769526254366], "x_average": 177.9599161061176, "y_average": 177.95164448834305, "z_average": 171.22466674661445, "xy_average": 177.95578029723032, "average": 175.71207578035833}, "angle_MXM": {"x": [166.97917320338257, 162.9048878390988, 162.8947648500205, 166.98073101430796], "y": [166.9864139905143, 162.88523564460743, 162.8928343221673, 166.98500798348095], "z": [], "x_average": 164.93988922670243, "y_average": 164.9373729851925, "z_average": NaN, "xy_average": 164.93863110594748, "average": 164.93863110594748}}