{"n_layer": 1, "d_interlayer": 10.044397911160814, "bond": {"x": [3.1631464621625924, 3.134783082244876, 3.1760000031059086, 3.154850840181503, 3.148205335553162, 3.104408460328939, 3.1631823150956024, 3.162579182549963], "y": [3.125381876632702, 3.2133482549010024, 3.1363924556516913, 3.157224528483819, 3.1848151883767803, 3.1898796378119743, 3.156813536913189, 3.1567822919601687], "z": [3.2502169205055598, 3.2516723770964453, 3.2568331905247585, 3.2514965105793467, 3.252456354779981, 3.247416837025749, 3.2256365357948225, 3.2322418210400055], "x_average": 3.150894460152818, "y_average": 3.165079721341416, "z_average": 3.2459963184183334, "xy_average": 3.157987090747117, "average": 3.1873234999708555}, "angle_XMX": {"x": [176.48875361609615, 179.98303918199088, 174.11223029643529, 179.94109074070855], "y": [171.13875774876334, 179.55592707320014, 172.52779675013616, 179.23745341712902], "z": [172.97403670957536, 165.25444729232143, 168.50544430693074, 165.51370271186255], "x_average": 177.6312784588077, "y_average": 175.61498374730718, "z_average": 168.0619077551725, "xy_average": 176.62313110305746, "average": 173.7693899870958}, "angle_MXM": {"x": [147.31137949195286, 147.98902607967807, 156.7048601607392, 148.03996106110938], "y": [147.4651107833602, 155.88293228334118, 152.85296903924052, 146.13943231760547], "z": [], "x_average": 150.01130669836988, "y_average": 150.58511110588685, "z_average": NaN, "xy_average": 150.29820890212835, "average": 150.29820890212835}}