{"n_layer": 1, "d_interlayer": 23.82901127916246, "bond": {"x": [3.179192683021876, 3.1461352520178245, 3.1845819435497944, 3.1335216330834137, 3.2035164132647975, 3.149626883033294, 3.2106794605348385, 3.145121429210706], "y": [3.1579847232330547, 3.163981570018025, 3.165304897429938, 3.1756929884246543, 3.1607388896060753, 3.1542945224255345, 3.1744591938270146, 3.1705391939392644], "z": [3.1392696993996103, 3.1908661260058735, 3.1845987702470833, 3.179246730049715, 3.1872824490093503, 3.1771626793603236, 3.2616512815999648, 3.133645457060929], "x_average": 3.1690469622145683, "y_average": 3.165374497362945, "z_average": 3.1817153990916065, "xy_average": 3.1672107297887564, "average": 3.1720456195563735}, "angle_XMX": {"x": [173.96527740750227, 179.03244164777186, 177.2719518170833, 173.49785990387434], "y": [172.63744368295613, 175.4610870774149, 171.82303386485836, 170.38235394565038], "z": [178.92310745640276, 177.2500418451316, 176.6143261267783, 178.86422234607167], "x_average": 175.94188269405794, "y_average": 172.57597964271994, "z_average": 177.91292444359607, "xy_average": 174.25893116838893, "average": 175.4769289267913}, "angle_MXM": {"x": [151.20184958707378, 150.67087449795957, 151.40101372116948, 152.01325377411067], "y": [155.46589345558164, 146.08700151897264, 143.86312970079777, 159.0882183220044], "z": [], "x_average": 151.32174789507837, "y_average": 151.12606074933913, "z_average": NaN, "xy_average": 151.22390432220874, "average": 151.22390432220874}}