{"n_layer": 1, "d_interlayer": 25.996478621311685, "bond": {"x": [3.0794330445002633, 3.124838627357763, 3.0957293058721413, 3.1765892922819337, 3.0868746136397767, 3.1428815006138686, 3.120700582368399, 3.1707816826746695], "y": [3.0771966392319827, 3.1674331956726585, 3.0881280337486285, 3.1548208230661925, 3.1052739745777656, 3.1807568455535096, 3.102751355935247, 3.1879046051015485], "z": [3.2572665075579375, 3.3661832891432923, 3.318299336416693, 3.2554639162632206, 3.302163485678591, 3.2629466450228075, 3.2275436296347375, 3.2208834058982503], "x_average": 3.124728581163602, "y_average": 3.133033184110942, "z_average": 3.2763437769519412, "xy_average": 3.128880882637272, "average": 3.1780351807421616}, "angle_XMX": {"x": [172.08049735796448, 169.80918418996447, 163.07756192993253, 165.48946238808426], "y": [167.33024672536416, 176.89125966620722, 171.62766344616497, 166.46911644779263], "z": [176.21979981333078, 178.1611841990603, 174.53274093897974, 176.07312134720397], "x_average": 167.61417646648644, "y_average": 170.57957157138225, "z_average": 176.24671157464368, "xy_average": 169.09687401893433, "average": 171.48015320417076}, "angle_MXM": {"x": [158.23863144923936, 131.3338675579439, 134.77483709730785, 153.28515101951626], "y": [139.35004558884296, 154.4760310037164, 153.15552664660848, 135.53930572475647], "z": [], "x_average": 144.40812178100185, "y_average": 145.63022724098107, "z_average": NaN, "xy_average": 145.01917451099146, "average": 145.01917451099146}}