{"n_layer": 1, "d_interlayer": 21.85011605287263, "bond": {"x": [3.1860713420149143, 3.219846911533628, 3.1515836976667013, 3.15386452902468, 3.1617924773035364, 3.1768519824570176, 3.122200933594878, 3.1347829837057204], "y": [3.197393094528234, 3.1893101647676065, 3.1782637029794762, 3.1556297142010092, 3.1654474514802473, 3.1534387321672352, 3.131430444608132, 3.1338132398930862], "z": [3.239425784034978, 3.198619375601354, 3.2603072447218344, 3.283327245830106, 3.263876087938514, 3.279161138004802, 3.3080090428550184, 3.2895861382571248], "x_average": 3.1633743571626347, "y_average": 3.1630908180781283, "z_average": 3.2652890071554665, "xy_average": 3.1632325876203815, "average": 3.1972513941320764}, "angle_XMX": {"x": [179.43479285211845, 176.83586390641497, 178.41879173690117, 177.36115132985], "y": [177.70646593029866, 179.2878465700099, 174.4145219533446, 179.28914283068823], "z": [177.51818426020637, 179.21158111395556, 178.30000154595172, 179.33371022331892], "x_average": 178.01264995632116, "y_average": 177.67449432108532, "z_average": 178.59086928585813, "xy_average": 177.84357213870322, "average": 178.09267118775486}, "angle_MXM": {"x": [142.58682911321, 148.06293193975245, 143.0347219001771, 148.40818094961588], "y": [142.72095053008172, 144.28268824436665, 148.77241594261534, 146.43956447655285], "z": [], "x_average": 145.52316597568887, "y_average": 145.55390479840415, "z_average": NaN, "xy_average": 145.53853538704652, "average": 145.53853538704652}}