{"n_layer": 1, "d_interlayer": 16.006031959984234, "bond": {"x": [3.1749599038173764, 3.17692505526398, 3.175491184423551, 3.173649522239398, 3.189739658914851, 3.1901815642259166, 3.193265338708445, 3.1926415070695353], "y": [3.174898650956805, 3.1776909279313466, 3.1896500714530682, 3.1901210102388786, 3.1734364797955, 3.1756971028905223, 3.1927964257742407, 3.193388221171291], "z": [3.1370321189845836, 3.1912973412928918, 3.1891524058552636, 3.176226641902235, 3.1893279500339795, 3.176000707309419, 3.2656507445399883, 3.1282858682882284], "x_average": 3.183356716832882, "y_average": 3.1834598612764564, "z_average": 3.181621722275824, "xy_average": 3.183408289054669, "average": 3.1828127667950543}, "angle_XMX": {"x": [176.06940435393076, 178.53471494802548, 179.21421472304124, 175.03986318588522], "y": [176.07669575358761, 179.2476323145344, 178.5180348610493, 175.0398084143128], "z": [179.98186126706136, 179.91231917065306, 179.90277133304184, 179.81429969085394], "x_average": 177.21454930272068, "y_average": 177.22054283587102, "z_average": 179.90281286540255, "xy_average": 177.21754606929585, "average": 178.11263500133143}, "angle_MXM": {"x": [152.83414032069052, 152.33590341637193, 152.4533091779643, 152.62224561442898], "y": [152.63130966773204, 152.6419812568738, 152.51060120204886, 152.45460750484315], "z": [], "x_average": 152.56139963236393, "y_average": 152.55962490787445, "z_average": NaN, "xy_average": 152.5605122701192, "average": 152.5605122701192}}