{"n_layer": 1, "d_interlayer": 8.104935822687718, "bond": {"x": [3.1599373731533387, 3.254678667580382, 3.1598101903334315, 3.2341674619941347, 3.166582061699455, 3.229659612391383, 3.1503918939335716, 3.247510706541478], "y": [3.205164144827805, 3.1310439347376495, 3.175263357567341, 3.1483126856018835, 3.2085514923048444, 3.1643355020513857, 3.1946691921251125, 3.1604363964046445], "z": [3.3047738756477028, 3.19782536245463, 3.2977588597347838, 3.221694772042037, 3.3253431128623836, 3.197300913399102, 3.114973720624196, 3.453610175229631], "x_average": 3.200342245953397, "y_average": 3.1734720882025833, "z_average": 3.2641600989993083, "xy_average": 3.18690716707799, "average": 3.2126581443850966}, "angle_XMX": {"x": [167.9179300369632, 166.19220062627733, 167.86126831049393, 171.90004478083344], "y": [161.21901808766944, 172.56144393511667, 163.31380440044728, 168.70973951740842], "z": [174.77875008592198, 173.83533892956277, 173.73853804701233, 169.99767694481713], "x_average": 168.46786093864196, "y_average": 166.45100148516045, "z_average": 173.08757600182855, "xy_average": 167.4594312119012, "average": 169.33547947521032}, "angle_MXM": {"x": [166.60983545093018, 152.6511320053076, 155.14540943729855, 170.42849943828693], "y": [171.13039134919902, 151.72171825195676, 147.9830277749883, 167.31552697673288], "z": [], "x_average": 161.2087190829558, "y_average": 159.53766608821923, "z_average": NaN, "xy_average": 160.37319258558756, "average": 160.37319258558756}}