{"n_layer": 1, "d_interlayer": 5.9016686909593625, "bond": {"x": [3.207811747053903, 3.209454813119598, 3.2201660961350926, 3.2215982456961174, 3.219606218507497, 3.2221395397593544, 3.2070556137871753, 3.2104154062851045], "y": [3.221906918732142, 3.2198842913477024, 3.2101786006392956, 3.207281083801635, 3.2103878375159716, 3.207050522039876, 3.222020155359797, 3.2196521493221377], "z": [3.1894187884073535, 3.189932833304064, 3.1899630980067375, 3.1893877627346083, 3.1892949901764784, 3.189844387247554, 3.189290317470632, 3.1899853134622433], "x_average": 3.2147809600429804, "y_average": 3.21479519484482, "z_average": 3.189639686351209, "xy_average": 3.2147880774439, "average": 3.206405280413003}, "angle_XMX": {"x": [179.85385723270835, 179.76092705672588, 179.79176665571512, 179.81124012014192], "y": [179.8022132442215, 179.8397342339028, 179.85800300653483, 179.77310594451583], "z": [179.93432969521265, 179.91372807018027, 179.8749333679379, 179.90535908095464], "x_average": 179.80444776632282, "y_average": 179.81826410729374, "z_average": 179.9070875535714, "xy_average": 179.8113559368083, "average": 179.84326647572934}, "angle_MXM": {"x": [141.61980822494164, 141.3250389922113, 141.37069124602345, 141.65449428719518], "y": [141.60879485627018, 141.36254555682459, 141.3231977232823, 141.6554358691828], "z": [], "x_average": 141.49250818759288, "y_average": 141.48749350138996, "z_average": NaN, "xy_average": 141.49000084449142, "average": 141.49000084449142}}