{"n_layer": 1, "d_interlayer": 11.778144751186685, "bond": {"x": [3.2620989462337002, 3.2625542451776823, 3.2906398858948966, 3.2925853682586625, 3.291655603356829, 3.2914756644707666, 3.261487757646677, 3.263102635723769], "y": [3.2923932596700416, 3.2911875546547944, 3.2626891303059273, 3.2621902550489676, 3.262633840852881, 3.262222721483863, 3.2917539196456906, 3.291696715664873], "z": [3.3211150107938585, 3.321670580798222, 3.321207558638581, 3.3215433869273414, 3.3214114558102628, 3.3213062145221124, 3.3214720071570736, 3.3213335077321147], "x_average": 3.276950013345373, "y_average": 3.27709592466588, "z_average": 3.3213824652974457, "xy_average": 3.2770229690056265, "average": 3.2918094677695664}, "angle_XMX": {"x": [179.98441754606836, 179.99358340481584, 179.99695250080367, 179.99139963250383], "y": [179.98331107911775, 179.9641566303832, 179.9890483395143, 179.98270581383483], "z": [179.98353137468956, 179.97807344114935, 179.99048337873165, 179.98100542062704], "x_average": 179.99158827104793, "y_average": 179.97980546571253, "z_average": 179.9832734037994, "xy_average": 179.98569686838022, "average": 179.98488904685325}, "angle_MXM": {"x": [152.62575423228188, 152.6096085727185, 152.61022713421184, 152.62412990629093], "y": [152.63364981290803, 152.59286805214376, 152.61522335863953, 152.62226560592796], "z": [], "x_average": 152.6174299613758, "y_average": 152.61600170740482, "z_average": NaN, "xy_average": 152.6167158343903, "average": 152.6167158343903}}