{"n_layer": 1, "d_interlayer": 5.550800324853533, "bond": {"x": [3.2178145681833397, 3.186202147420315, 3.147813918266543, 3.2194406778313, 3.146691146449378, 3.21547669872943, 3.193464705030507, 3.160653933100758], "y": [3.2520238413761553, 3.1500438196818363, 3.178386394568876, 3.154807957563044, 3.1760796075083273, 3.185519448241477, 3.187669003568645, 3.122096604232935], "z": [3.2485981032428217, 3.122914560874303, 3.165307448785478, 3.2656297986396976, 3.2123230763997617, 3.197620526960174, 3.200964723352703, 3.2279041275356364], "x_average": 3.185944724376446, "y_average": 3.175828334592662, "z_average": 3.2051577957238218, "xy_average": 3.180886529484554, "average": 3.1889769515643103}, "angle_XMX": {"x": [175.73645193899512, 177.11196622307705, 176.92077591066212, 174.91726371616707], "y": [175.3238207516605, 177.8156308094878, 177.73082005373732, 178.48500243509233], "z": [169.31065422310778, 168.9946826090197, 172.55260458604886, 174.581727257172], "x_average": 176.17161444722535, "y_average": 177.33881851249447, "z_average": 171.3599171688371, "xy_average": 176.7552164798599, "average": 174.95678337618563}, "angle_MXM": {"x": [155.3185439308154, 163.19613140316068, 159.7073247346208, 156.3974948310509], "y": [168.61517349539142, 167.02507147258578, 176.06531022570474, 174.106357674989], "z": [], "x_average": 158.65487372491197, "y_average": 171.45297821716773, "z_average": NaN, "xy_average": 165.05392597103986, "average": 165.05392597103986}}