{"n_layer": 1, "d_interlayer": 5.576793509632933, "bond": {"x": [3.289911375319169, 3.1632004859886313, 3.196441641104528, 3.2070091766928512, 3.218844368118737, 3.1682778270358973, 3.201819932752559, 3.1748220059756718], "y": [3.1924459905805938, 3.236884411541148, 3.1449221677501327, 3.2495112789317298, 3.186423692885188, 3.204413569732892, 3.1582925900344545, 3.1757981252245195], "z": [3.129893111602443, 3.24173636212429, 3.290896963590416, 3.1835489888282456, 3.1974187717769995, 3.262768916786477, 3.3176790953809827, 3.2268849246031075], "x_average": 3.202540851623506, "y_average": 3.1935864783350825, "z_average": 3.23135339183662, "xy_average": 3.1980636649792937, "average": 3.2091602405984028}, "angle_XMX": {"x": [176.4732474942091, 177.32124046465393, 177.75018467196048, 178.25437039229357], "y": [176.65664942883856, 177.40575263457782, 178.54653983102804, 178.38718242819252], "z": [166.26217874136657, 166.8167360694079, 167.40377312946188, 168.90568234120406], "x_average": 177.44976075577927, "y_average": 177.74903108065922, "z_average": 167.3470925703601, "xy_average": 177.59939591821924, "average": 174.18196146893285}, "angle_MXM": {"x": [148.26437570224763, 153.46139137140548, 150.86183881412512, 149.7782805544994], "y": [145.94321147007756, 150.84521229419687, 151.40351158682495, 151.7489563549537], "z": [], "x_average": 150.5914716105694, "y_average": 149.98522292651325, "z_average": NaN, "xy_average": 150.28834726854132, "average": 150.28834726854132}}