{"n_layer": 1, "d_interlayer": 4.28564161173373, "bond": {"x": [3.1710170770359483, 3.221174819772141, 3.2322710384285775, 3.186990164322835, 3.1898482561868278, 3.162976262122684, 3.1596481525796025, 3.225182353713179], "y": [3.1512650915235016, 3.2085906086359337, 3.185597138590331, 3.162673335912581, 3.237207906938758, 3.1505458404126934, 3.172493044010825, 3.2000661739120755], "z": [3.1391481514502213, 3.2723177658436002, 3.224809877222102, 3.1902102843814037, 3.250925512416222, 3.175853313908153, 3.201903034211767, 3.223418108816406], "x_average": 3.1936385155202247, "y_average": 3.1835548924920873, "z_average": 3.2098232560312345, "xy_average": 3.188596704006156, "average": 3.1956722213478486}, "angle_XMX": {"x": [177.31880179161476, 176.91364471517156, 173.4640713134462, 176.17320932914205], "y": [171.06124245273142, 174.7820674701381, 177.79395231994116, 177.0601656397538], "z": [176.62414457206708, 175.7508972573369, 177.28204456807666, 176.75383035421837], "x_average": 175.96743178734366, "y_average": 175.1743569706411, "z_average": 176.60272918792475, "xy_average": 175.57089437899236, "average": 175.91483931530317}, "angle_MXM": {"x": [165.3234303758608, 159.4437173369103, 163.30746446611923, 162.39547797768958], "y": [166.2048807360376, 157.14513230964081, 158.87125690906257, 158.31125894573893], "z": [], "x_average": 162.61752253914497, "y_average": 160.13313222512, "z_average": NaN, "xy_average": 161.3753273821325, "average": 161.3753273821325}}