{"n_layer": 1, "d_interlayer": 5.450046285637352, "bond": {"x": [3.1319065833333215, 3.1954006834700603, 3.2390224625676844, 3.203205818078258, 3.1936087924054126, 3.1522061419559777, 3.251671291116241, 3.2368705626984497], "y": [3.1445447965100577, 3.1967112325054745, 3.2159997767236046, 3.1681765095254883, 3.1787826616006623, 3.226351501377408, 3.1854468997300907, 3.266927194154814], "z": [3.114951995102571, 3.2867996724763207, 3.218935636941215, 3.157658802763133, 3.2176202230727213, 3.1735996467852465, 3.1909721658839345, 3.1203472094122393], "x_average": 3.2004865419531754, "y_average": 3.19786757151595, "z_average": 3.185110669054673, "xy_average": 3.1991770567345625, "average": 3.194488260841266}, "angle_XMX": {"x": [177.44447477198761, 174.99771217898763, 175.26670306461668, 178.13885500094594], "y": [175.09402053382368, 174.93902934994838, 176.3569454410128, 171.41893319232932], "z": [175.38615359166326, 166.90450388797626, 168.93446030330057, 171.15758441009035], "x_average": 176.46193625413446, "y_average": 174.45223212927854, "z_average": 170.59567554825762, "xy_average": 175.45708419170649, "average": 173.83661464389021}, "angle_MXM": {"x": [169.78685720122502, 152.4320709172478, 163.45060872213324, 154.5171679625374], "y": [173.57516430129215, 163.7149932066951, 157.15562241969698, 162.94037925537774], "z": [], "x_average": 160.04667620078587, "y_average": 164.3465397957655, "z_average": NaN, "xy_average": 162.19660799827568, "average": 162.19660799827568}}