{"n_layer": 1, "d_interlayer": 10.21231048850774, "bond": {"x": [3.2576453165965256, 3.205997611816164, 3.2452566588329907, 3.198389221704711, 3.217952164586794, 3.175789931344839, 3.210945748301021, 3.2193181228556513], "y": [3.1642643952886327, 3.2547875093015723, 3.1631576622832003, 3.212791922093107, 3.237549122939099, 3.249295563971089, 3.1796843903930276, 3.241644935616102], "z": [3.0750798921036533, 3.283947843509434, 3.2225603049447304, 3.1782471714626257, 3.1971494398719456, 3.1921323613637087, 3.3214343045251105, 3.114791431530767], "x_average": 3.216411847004837, "y_average": 3.212896937735729, "z_average": 3.198167843663997, "xy_average": 3.214654392370283, "average": 3.2091588761348544}, "angle_XMX": {"x": [167.55497323035422, 171.85997359026683, 172.22297267747211, 172.79270101518188], "y": [172.59966694891878, 173.30353854293665, 171.69014093774922, 178.67865450035384], "z": [178.10023855359063, 172.32441942098149, 174.98778432588793, 174.50898431744181], "x_average": 171.10765512831875, "y_average": 174.06800023248962, "z_average": 174.98035665447546, "xy_average": 172.5878276804042, "average": 173.38533733842795}, "angle_MXM": {"x": [150.2922868994032, 152.04102549194067, 149.60597443390535, 145.64850955418692], "y": [154.9233208323822, 156.62370579084566, 153.80452334254235, 148.06922397743915], "z": [], "x_average": 149.39694909485902, "y_average": 153.35519348580235, "z_average": NaN, "xy_average": 151.37607129033069, "average": 151.37607129033069}}