{"n_layer": 1, "d_interlayer": 8.4722980769204, "bond": {"x": [3.928418756041997, 3.1780330265940933, 3.399266769739386, 3.227482873098034, 3.419418408029676, 3.1091696860274065, 3.569364748954607, 3.1312954477382604], "y": [3.2299097352235906, 3.3419989920933832, 3.15377659447095, 3.3076378037972067, 3.3862809340799926, 3.2211702346619697, 3.2022475276014357, 3.273486757300681], "z": [3.1195585768002556, 3.1668793780016125, 3.2975274820908287, 3.2142999683236853, 3.3503400124204665, 3.1530875764361816, 3.0537000489755557, 3.355617585980308], "x_average": 3.3703062145279326, "y_average": 3.2645635724036515, "z_average": 3.2138763286286114, "xy_average": 3.3174348934657916, "average": 3.2829153718533988}, "angle_XMX": {"x": [172.9361764957353, 172.89882235797285, 168.63024315854742, 166.48017937636345], "y": [172.74649357911935, 171.6094514895107, 174.9298741285035, 164.73764628818296], "z": [155.54951879883674, 166.9571556201352, 156.22364204039624, 169.33154929352065], "x_average": 170.23635534715476, "y_average": 171.00586637132915, "z_average": 162.0154664382222, "xy_average": 170.62111085924192, "average": 167.75256271890203}, "angle_MXM": {"x": [137.3298536503288, 154.44258595664763, 148.37589167492786, 147.57168415925224], "y": [150.9138205135472, 143.7741387202704, 142.1565031485984, 151.6450796926796], "z": [], "x_average": 146.93000386028913, "y_average": 147.1223855187739, "z_average": NaN, "xy_average": 147.0261946895315, "average": 147.0261946895315}}