{"n_layer": 1, "d_interlayer": 19.417851477396567, "bond": {"x": [3.1768686978967557, 3.3102180138824884, 3.1794980900784084, 3.2150393917791624, 3.2183844310441683, 3.223194394560826, 3.125153196287662, 3.2912601529826335], "y": [3.2280896848170704, 3.2156138975810538, 3.308935569578083, 3.1681326844931808, 3.284743119589769, 3.1375023387347825, 3.202581328740775, 3.1845167270873196], "z": [3.1458605463247866, 3.2301420557096754, 3.233223203052792, 3.1418788591403666, 3.226538620542682, 3.141890351723546, 3.136839615649696, 3.2271076109701746], "x_average": 3.217452046064013, "y_average": 3.2162644188277545, "z_average": 3.185435107889215, "xy_average": 3.2168582324458836, "average": 3.2063838575936607}, "angle_XMX": {"x": [178.72731597979973, 176.9991911275928, 176.69376078594644, 177.2244485263309], "y": [177.20698324887908, 178.02881436415979, 178.09426134893926, 176.16906421205212], "z": [168.63463381462142, 168.611537630668, 170.71717443557392, 170.009272289813], "x_average": 177.41117910491747, "y_average": 177.37478079350757, "z_average": 169.4931545426691, "xy_average": 177.39297994921253, "average": 174.75970481369805}, "angle_MXM": {"x": [155.0701391535792, 157.3749926009591, 151.98419206628895, 159.78093432663073], "y": [155.66144881488205, 151.5299884790269, 156.86041902594803, 159.8478516920199], "z": [], "x_average": 156.05256453686448, "y_average": 155.97492700296922, "z_average": NaN, "xy_average": 156.01374576991685, "average": 156.01374576991685}}