{"n_layer": 1, "d_interlayer": 9.760133395398192, "bond": {"x": [3.1714296932149084, 3.1766473661838974, 3.2319833379619074, 3.1414385859823684, 3.2147456188569503, 3.1941387601898845, 3.267201257109222, 3.202444841612194], "y": [3.1131488608618807, 3.2452878941336936, 3.2073858474841126, 3.218304419629453, 3.1709440867610064, 3.252820200641629, 3.19675328190221, 3.3148485931957032], "z": [3.2738103081314662, 3.223007425573992, 3.18375048556959, 3.3638019316336853, 3.2243421584042635, 3.241277254683981, 3.240891237907213, 3.153980155589775], "x_average": 3.2000036826389167, "y_average": 3.214936648076211, "z_average": 3.2381076196867458, "xy_average": 3.207470165357564, "average": 3.2176826501339577}, "angle_XMX": {"x": [177.6937097413409, 175.63958036914562, 173.24814998957714, 175.82384842087833], "y": [179.6394115499669, 176.3833423313586, 178.19710801534188, 176.9481206590971], "z": [174.61293167449915, 168.33826456586195, 172.68544534200674, 169.44959797551547], "x_average": 175.6013221302355, "y_average": 177.7919956389411, "z_average": 171.27155988947084, "xy_average": 176.69665888458832, "average": 174.8882925528825}, "angle_MXM": {"x": [156.61724833877298, 147.88495613214707, 149.10067676385052, 151.36010438006795], "y": [153.1810097141714, 154.15409119780404, 150.78821263239175, 146.21909916819718], "z": [], "x_average": 151.24074640370964, "y_average": 151.0856031781411, "z_average": NaN, "xy_average": 151.16317479092538, "average": 151.16317479092538}}