{"n_layer": 1, "d_interlayer": 9.746231762541505, "bond": {"x": [3.123473045623031, 3.231128690529374, 3.176466723093523, 3.157959495165434, 3.17860265870025, 3.16031974531157, 3.120591071097306, 3.2298451316762202], "y": [3.159629600192961, 3.17819425881973, 3.2314729094123997, 3.1233267318970346, 3.2290210951051512, 3.120661123871599, 3.15689688382689, 3.1763702301676306], "z": [3.1800938805362513, 3.181232982948236, 3.179605748426757, 3.1818362944473617, 3.178736451141677, 3.1828830442347438, 3.1836611274554527, 3.1771915661498524], "x_average": 3.1722983201495882, "y_average": 3.1719466041616746, "z_average": 3.1806551369175415, "xy_average": 3.1721224621556314, "average": 3.1749666870762687}, "angle_XMX": {"x": [177.13513611142184, 176.62766196441518, 176.5034811115876, 176.77576351091506], "y": [176.53383668277607, 176.9938279023226, 176.76655485722372, 176.47846087514995], "z": [172.103758547763, 172.19319767496077, 172.4245675483802, 172.38253473410762], "x_average": 176.7605106745849, "y_average": 176.6931700793681, "z_average": 172.2760146263029, "xy_average": 176.7268403769765, "average": 175.24323179341863}, "angle_MXM": {"x": [165.6065705581606, 161.78553833319208, 161.13265276039195, 166.0744054204552], "y": [165.71240728464852, 160.91718737865907, 161.78211942620024, 166.11745849150634], "z": [], "x_average": 163.64979176804997, "y_average": 163.63229314525353, "z_average": NaN, "xy_average": 163.64104245665175, "average": 163.64104245665175}}