{"n_layer": 1, "d_interlayer": 13.77367588075006, "bond": {"x": [3.1582899687220882, 3.1078725488213, 3.149804286569282, 3.1342793779309686, 3.1395077695466873, 3.1440056474086053, 3.1155731922514587, 3.153969513129641], "y": [3.130570412981107, 3.1526432316896207, 3.1466101443725574, 3.117421758482572, 3.114112200747573, 3.1486013200116774, 3.149998083021678, 3.1356565164333365], "z": [3.2540668755741344, 3.136983534258658, 3.163813918115252, 3.2233594999017074, 3.22160747255065, 3.1630252881201115, 3.1344534003091122, 3.2568712639552273], "x_average": 3.137912788047504, "y_average": 3.1369517084675156, "z_average": 3.1942726565981063, "xy_average": 3.1374322482575097, "average": 3.156379051037709}, "angle_XMX": {"x": [176.5561037677658, 176.0723631768138, 178.15202690869617, 174.27929824976488], "y": [177.23481184166624, 174.0444584292562, 177.21891497497617, 174.41425001594297], "z": [178.6884976368178, 176.1225443319782, 175.4012571036015, 178.96421029418303], "x_average": 176.26494802576016, "y_average": 175.72810881546042, "z_average": 177.2941273416451, "xy_average": 175.99652842061028, "average": 176.42906139428854}, "angle_MXM": {"x": [153.01330812359006, 152.20562516592298, 156.28610130659655, 156.90507140910162], "y": [154.77659838254087, 154.51604877282386, 155.3749420895188, 153.8706329167707], "z": [], "x_average": 154.6025265013028, "y_average": 154.63455554041357, "z_average": NaN, "xy_average": 154.61854102085817, "average": 154.61854102085817}}