{"n_layer": 1, "d_interlayer": 15.675070354840843, "bond": {"x": [3.200551964946134, 3.295365123283198, 3.274808913950114, 3.182869454309817, 3.1829670556846943, 3.274523865436275, 3.2956956973134703, 3.2002813573051596], "y": [3.179768703728312, 3.290185536290416, 3.23416042654329, 3.2253583274997046, 3.2251918168450366, 3.234672101901006, 3.2898226834825315, 3.1800601639124366], "z": [3.1163278276539788, 3.2641927049059003, 3.206954747901036, 3.259204789679283, 3.2592866752752325, 3.2068823512662523, 3.2643541147645783, 3.1163048658133388], "x_average": 3.2383829290286075, "y_average": 3.2324024700253418, "z_average": 3.21168850965745, "xy_average": 3.2353926995269746, "average": 3.2274913029038}, "angle_XMX": {"x": [171.94568964038544, 172.31769100567615, 172.28226931218546, 171.9478673244366], "y": [172.26359347493752, 178.97078433355983, 178.99552860071466, 172.27355552979603], "z": [174.8155717625811, 167.7569697351747, 167.77888960759532, 174.82093800963892], "x_average": 172.12337932067092, "y_average": 175.625865484752, "z_average": 171.2930922787475, "xy_average": 173.87462240271145, "average": 173.01411236139015}, "angle_MXM": {"x": [143.25329607588276, 143.27104174200068, 151.85041733118078, 151.8078358231751], "y": [147.92746219011113, 147.96163106001578, 147.94889429237432, 147.92278025050226], "z": [], "x_average": 147.54564774305982, "y_average": 147.94019194825086, "z_average": NaN, "xy_average": 147.74291984565534, "average": 147.74291984565534}}