{"n_layer": 1, "d_interlayer": 10.647830842923549, "bond": {"x": [3.1692807480974334, 3.2447744464305357, 3.1502858206477176, 3.203859812811058, 3.1647121680274104, 3.237899920183862, 3.139483290798034, 3.208312062880624], "y": [3.224586082269766, 3.1788977007515498, 3.2234124308233603, 3.1565720841489897, 3.182144866331933, 3.1607713283586096, 3.1776872771200457, 3.150658691993144], "z": [3.254705667598567, 3.1714628016027806, 3.2352055832477733, 3.200920535408536, 3.2352081572091977, 3.2009542900428056, 3.197662733723482, 3.235104268604432], "x_average": 3.1898260337345845, "y_average": 3.1818413077246746, "z_average": 3.216403004679697, "xy_average": 3.1858336707296298, "average": 3.1960234487129853}, "angle_XMX": {"x": [172.91346417391324, 176.88856160620455, 174.17941612759432, 169.77559023901537], "y": [174.36159783044027, 174.1170457269564, 169.74415354889098, 170.6761586090934], "z": [176.95965316125208, 177.45841119763867, 176.0626820361302, 177.87900403833797], "x_average": 173.43925803668188, "y_average": 172.22473892884526, "z_average": 177.08993760833974, "xy_average": 172.8319984827636, "average": 174.2513115246223}, "angle_MXM": {"x": [142.65181121574435, 156.17092793021064, 152.8661053336095, 147.43906547717955], "y": [142.83789247194062, 151.0361355231544, 160.00899409932063, 143.62453806953235], "z": [], "x_average": 149.78197748918603, "y_average": 149.376890040987, "z_average": NaN, "xy_average": 149.5794337650865, "average": 149.5794337650865}}