{"n_layer": 1, "d_interlayer": 14.817206915436548, "bond": {"x": [3.142197233417698, 3.1664810831624313, 3.110915570820216, 3.1567800574450944, 3.158307494682122, 3.179476990910888, 3.1734688080096416, 3.1506393548983627], "y": [3.196294886399373, 3.1572244978552093, 3.2203358447547483, 3.1648733497248185, 3.1695442006346184, 3.1128821886489284, 3.2000961942826076, 3.1295162122150635], "z": [3.034239535030152, 3.5255332470312104, 3.2965530554911786, 3.2067756786954456, 3.338045595580605, 3.1861959492686154, 3.546451185033923, 3.098899277709841], "x_average": 3.1547833241683065, "y_average": 3.1688459218144205, "z_average": 3.2790866904801215, "xy_average": 3.161814622991364, "average": 3.2009053121542834}, "angle_XMX": {"x": [172.01195858306778, 165.67847675579927, 167.85030168935774, 166.21876870132897], "y": [173.13000457873866, 168.43879592394026, 175.7930496782539, 167.49183327637743], "z": [178.6379691271748, 178.87283234779028, 175.5923146795476, 174.87374512975305], "x_average": 167.93987643238842, "y_average": 171.21342086432756, "z_average": 176.99421532106643, "xy_average": 169.576648648358, "average": 172.04917087259415}, "angle_MXM": {"x": [152.7591766348794, 136.14686987095354, 137.75521151775246, 161.35307867687436], "y": [153.43875228844266, 135.52422465464636, 144.34974899074533, 152.3649751943924], "z": [], "x_average": 147.00358417511495, "y_average": 146.4194252820567, "z_average": NaN, "xy_average": 146.71150472858582, "average": 146.71150472858582}}