{"n_layer": 1, "d_interlayer": 11.824499072288132, "bond": {"x": [3.125379845592739, 3.235899849403934, 3.190957267201784, 3.172773252632633, 3.190578896865027, 3.1731824733614915, 3.1246866936643545, 3.235448663705853], "y": [3.1725588687617545, 3.191532898739898, 3.235821673676039, 3.125534535594914, 3.234925101228456, 3.125203453766326, 3.172973640213425, 3.1905038045300778], "z": [3.2016698567060673, 3.1604943662639813, 3.1608339913917787, 3.2010274723680596, 3.1600412038198455, 3.2018443221073785, 3.2014384484310585, 3.1607125329793377], "x_average": 3.1811133678034773, "y_average": 3.1811317470638616, "z_average": 3.181007774258439, "xy_average": 3.1811225574336692, "average": 3.1810842963752592}, "angle_XMX": {"x": [174.72488298180022, 173.57621415807355, 173.53472041548974, 174.69242302077015], "y": [173.60120488927663, 174.75555767067215, 174.6872993411144, 173.52864915944122], "z": [175.21563569607554, 175.13387886085556, 175.2705537832708, 175.2404732459688], "x_average": 174.1320601440334, "y_average": 174.1431777651261, "z_average": 175.21513539654268, "xy_average": 174.13761895457975, "average": 174.4967911019007}, "angle_MXM": {"x": [160.04285558572678, 151.39927183406357, 151.3525140853181, 160.09845161816395], "y": [159.9670077089667, 151.34901807229878, 151.41135404409968, 160.11467582001262], "z": [], "x_average": 155.7232732808181, "y_average": 155.71051391134444, "z_average": NaN, "xy_average": 155.71689359608126, "average": 155.71689359608126}}