{"n_layer": 1, "d_interlayer": 4.070940149297907, "bond": {"x": [3.2969503746705815, 3.1167156678614703, 3.2113459290072743, 3.1850636975061, 3.263725333419908, 3.1873098473339856, 3.3958325094002224, 3.1291829386531687], "y": [3.164659665998702, 3.194220729989484, 3.161797087878745, 3.2599992724226823, 3.089505578495548, 3.273204231441869, 3.20232442357519, 3.2086290423365105], "z": [3.3501268277060174, 3.1300319022366616, 3.14394847671675, 3.2445831222824615, 3.206573947020865, 3.216816886477039, 3.1329732744395495, 3.205930487470718], "x_average": 3.223265787231589, "y_average": 3.194292504017341, "z_average": 3.203873115543758, "xy_average": 3.208779145624465, "average": 3.207143802264229}, "angle_XMX": {"x": [172.95508038632406, 166.6354075975883, 174.48530546525913, 170.3776391248968], "y": [165.4465592078381, 170.54551831537648, 168.58497919012484, 168.76671484487142], "z": [170.10730217591592, 173.62873727046505, 168.78554226708988, 165.42439690850847], "x_average": 171.11335814351708, "y_average": 168.3359428895527, "z_average": 169.48649465549482, "xy_average": 169.7246505165349, "average": 169.64526522952153}, "angle_MXM": {"x": [174.42310329267468, 164.20126937236978, 173.12959492958893, 172.78363247206434], "y": [168.47227830131249, 166.39684685784985, 164.35363732180343, 172.90603345754712], "z": [], "x_average": 171.13440001667445, "y_average": 168.03219898462822, "z_average": NaN, "xy_average": 169.58329950065132, "average": 169.58329950065132}}