{"n_layer": 1, "d_interlayer": 10.289017536713859, "bond": {"x": [3.1990253222573912, 3.1817083048109738, 3.193938401323372, 3.190110593278776, 3.221491000553549, 3.181147452209923, 3.2148218275611793, 3.1934088342794604], "y": [3.208973011891086, 3.1990853062887132, 3.182045405349398, 3.264000595799823, 3.185917842962836, 3.2058178939431365, 3.1541903006920844, 3.282631860519139], "z": [3.3900636136510234, 3.0920312179324445, 3.201347529997151, 3.2261610301475394, 3.223717347848375, 3.212517612732309, 3.1171056983049548, 3.286072041399688], "x_average": 3.1969564670343282, "y_average": 3.2103327771807773, "z_average": 3.2186270115016855, "xy_average": 3.2036446221075527, "average": 3.2086387519055974}, "angle_XMX": {"x": [175.7565752459995, 164.47054564098718, 174.74416816699525, 176.7538132984173], "y": [173.13923189851565, 175.67617939851925, 172.39375217548823, 173.55572665280226], "z": [179.14125196496744, 178.2427601600091, 172.39433349620722, 176.99863950124316], "x_average": 172.9312755880998, "y_average": 173.69122253133133, "z_average": 176.69424628060673, "xy_average": 173.31124905971558, "average": 174.43891480001264}, "angle_MXM": {"x": [143.06306644851975, 148.35303148019386, 145.42136473158257, 140.93507588452266], "y": [142.84048178832322, 153.55053616102734, 154.12442020703364, 144.57332194766192], "z": [], "x_average": 144.44313463620472, "y_average": 148.77219002601154, "z_average": NaN, "xy_average": 146.60766233110812, "average": 146.60766233110812}}