{"n_layer": 1, "d_interlayer": 4.056268902032549, "bond": {"x": [3.681530818212341, 3.1199498936334598, 3.3737466800277067, 3.1873634441455594, 3.449309510895135, 3.1734029767566083, 3.733397392057183, 3.154192488426534], "y": [3.217317038007555, 3.277282841494224, 3.207192757396482, 3.3040491260171536, 3.2513922725320423, 3.2672110380379884, 3.275334097529724, 3.209969152485504], "z": [3.1208193235158257, 3.3375614980181507, 3.2386328923398158, 3.224135679481251, 3.181003656795098, 3.272275532512285, 3.4033301400120792, 3.0507774189695005], "x_average": 3.3591116505193157, "y_average": 3.251218540437584, "z_average": 3.228567017705501, "xy_average": 3.3051650954784497, "average": 3.2796324028874664}, "angle_XMX": {"x": [174.66153230413977, 169.25920359142788, 169.21945312255872, 169.88417217987066], "y": [157.61675866264707, 170.16658574047216, 165.64174507882697, 160.28023611494382], "z": [170.2224193255443, 169.1848069914652, 171.96019158868535, 159.2532109421649], "x_average": 170.75609029949928, "y_average": 163.4263313992225, "z_average": 167.65515721196493, "xy_average": 167.0912108493609, "average": 167.2791929702289}, "angle_MXM": {"x": [150.5877950664513, 165.59057946276576, 166.55526953213513, 150.02097384626833], "y": [140.3849081800414, 171.77309083385083, 172.03896315804573, 139.68505973408867], "z": [], "x_average": 158.18865447690513, "y_average": 155.97050547650664, "z_average": NaN, "xy_average": 157.07957997670587, "average": 157.07957997670587}}