{"n_layer": 1, "d_interlayer": 6.861142346115544, "bond": {"x": [3.1405051898369094, 3.3002573127675547, 3.162841651189766, 3.2225565531193445, 3.1628736630150107, 3.223908954535018, 3.140961916272969, 3.299840810929613], "y": [3.1874168518418284, 3.1655290891481216, 3.2347614582140145, 3.1482274692292784, 3.2328904437482238, 3.1489448005123446, 3.187084822004856, 3.1658461770621953], "z": [3.131974803900316, 3.313080558520142, 3.2269904073720355, 3.206873511339816, 3.2054150804217385, 3.229400008252345, 3.3130821198515292, 3.131647381426335], "x_average": 3.2067182564582732, "y_average": 3.183837638970108, "z_average": 3.2198079838855325, "xy_average": 3.1952779477141906, "average": 3.203454626437971}, "angle_XMX": {"x": [175.31521744507708, 178.1929977802878, 178.1273409352793, 175.43289240575342], "y": [175.08814648149547, 175.98648165724873, 175.69854354654018, 175.05823322584376], "z": [164.91579802927524, 166.89710408399176, 166.72617936499273, 164.86372530830565], "x_average": 176.7671121415994, "y_average": 175.45785122778202, "z_average": 165.85070169664135, "xy_average": 176.11248168469072, "average": 172.69188835534092}, "angle_MXM": {"x": [159.6002690200421, 157.79362002877048, 157.64575843121779, 159.56474918545572], "y": [160.47679405099424, 152.2791176735058, 152.17093468391434, 160.7348909803732], "z": [], "x_average": 158.65109916637152, "y_average": 156.41543434719688, "z_average": NaN, "xy_average": 157.5332667567842, "average": 157.5332667567842}}