{"n_layer": 1, "d_interlayer": 4.049659455979516, "bond": {"x": [3.1246651588653194, 3.4286593325801156, 3.113157331872411, 3.361127863791773, 3.216350092344268, 3.5501448376179843, 3.104288866151165, 3.4922640599705947], "y": [3.2476912566203917, 3.223248410160773, 3.238870182179986, 3.2652185792983612, 3.269006172794948, 3.1023547766309987, 3.306214544489672, 3.159363296439229], "z": [3.284062430399145, 3.1161583425042663, 3.253237008625605, 3.2149936263003847, 3.143427286502133, 3.2175185637680075, 3.1624398134947733, 3.288101703942609], "x_average": 3.298832192899204, "y_average": 3.2264959023267954, "z_average": 3.2099923469421157, "xy_average": 3.2626640476129993, "average": 3.245106814056038}, "angle_XMX": {"x": [176.1216195903184, 171.44009751368117, 172.0458864404784, 168.1884587445394], "y": [169.96980349247218, 168.62990283857047, 170.23526231690226, 164.0146273759799], "z": [165.5505198710639, 172.37905591401332, 166.7999177769633, 166.02572208782786], "x_average": 171.94901557225435, "y_average": 168.21239900598118, "z_average": 167.68880391246708, "xy_average": 170.08070728911775, "average": 169.28340616356755}, "angle_MXM": {"x": [159.4805648148534, 164.52278916604533, 151.97974929833742, 173.16310993034932], "y": [163.7285474086888, 143.98075094018162, 149.68122661748993, 171.68548243646154], "z": [], "x_average": 162.28655330239638, "y_average": 157.26900185070548, "z_average": NaN, "xy_average": 159.77777757655093, "average": 159.77777757655093}}