{"n_layer": 1, "d_interlayer": 10.254570888214266, "bond": {"x": [3.1955759276560984, 3.338230861847005, 3.2019890233517896, 3.2386380129171553, 3.158248822745078, 3.2954616071810245, 3.2227585856641463, 3.2021274671637365], "y": [3.281840424009754, 3.1765616235595444, 3.2349232385423536, 3.162740627477169, 3.2189107321762425, 3.2507141724990287, 3.2247475678870585, 3.1849117492826786], "z": [3.298670198467082, 3.0669079219344435, 3.1700759756248518, 3.2355827584822574, 3.185015752067567, 3.1974269745953423, 3.111571828587575, 3.3172026367567256], "x_average": 3.231628788565754, "y_average": 3.2169187669292287, "z_average": 3.1978067558144803, "xy_average": 3.2242737777474915, "average": 3.215451437103154}, "angle_XMX": {"x": [171.7760636562528, 173.82741692479493, 173.7784378629048, 176.9879284047731], "y": [171.39159194106884, 173.0056925453366, 173.55820661992692, 176.16743666758964], "z": [178.60737065620881, 173.97739114354215, 175.10919484962315, 175.84625555841632], "x_average": 174.09246171218143, "y_average": 173.5307319434805, "z_average": 175.88505305194758, "xy_average": 173.81159682783095, "average": 174.50274890253652}, "angle_MXM": {"x": [144.2921281043362, 148.0209799031045, 145.9015879921246, 147.59924510283273], "y": [154.11837333796745, 151.9705217698101, 151.64210531201795, 150.99447724997424], "z": [], "x_average": 146.4534852755995, "y_average": 152.18136941744243, "z_average": NaN, "xy_average": 149.317427346521, "average": 149.317427346521}}