{"n_layer": 1, "d_interlayer": 7.177300227012132, "bond": {"x": [3.350173572099553, 3.156445856229292, 3.212649060112159, 3.2373526195415616, 3.2355385332891404, 3.1517768156343804, 3.1867354094794504, 3.2102599243773935], "y": [3.281511453587477, 3.2018832301273346, 3.228978528445488, 3.185651198884568, 3.173471934892778, 3.2797433717668367, 3.1791956813377813, 3.1959588123582416], "z": [3.2688359662717277, 3.1473419903005375, 3.181304749015527, 3.251570283288751, 3.2474808068294942, 3.2269735812629174, 3.2411545849191317, 3.1902930841656953], "x_average": 3.217616473845366, "y_average": 3.215799276425063, "z_average": 3.2193693807567225, "xy_average": 3.216707875135215, "average": 3.217595043675718}, "angle_XMX": {"x": [175.14549714892027, 175.43818088616186, 173.49452982178548, 172.78734721793262], "y": [172.84577033212148, 167.37259247544128, 175.5439903035876, 167.81584486688007], "z": [176.36752253016746, 173.34435466579478, 164.40859114838815, 172.25468854627627], "x_average": 174.21638876870006, "y_average": 170.8945494945076, "z_average": 171.59378922265668, "xy_average": 172.55546913160384, "average": 172.23490916195476}, "angle_MXM": {"x": [155.7052872464664, 151.8531970727045, 146.04082129058457, 153.57526438536442], "y": [160.35899708180332, 141.50321200024715, 147.29911552436403, 158.15809152844093], "z": [], "x_average": 151.79364249877997, "y_average": 151.82985403371384, "z_average": NaN, "xy_average": 151.81174826624692, "average": 151.81174826624692}}