{"n_layer": 1, "d_interlayer": 8.19611774531262, "bond": {"x": [3.128603998483997, 3.2204340691407936, 3.17559597544074, 3.264832662776984, 3.111058024200226, 3.3525199964726706, 3.207675283503657, 3.228909430537276], "y": [3.1423113865200496, 3.1223931095742357, 3.1327246767204837, 3.1884203990374522, 3.2218483122033525, 3.1192321206546003, 3.220441093701468, 3.1957917300976018], "z": [3.370655556686484, 3.1529514156075176, 3.2204115393055597, 3.263165620070572, 3.231943280397795, 3.275311587157312, 3.050332670016085, 3.3636639003312143], "x_average": 3.211203680069543, "y_average": 3.1678953535636554, "z_average": 3.2410544461965674, "xy_average": 3.1895495168165993, "average": 3.2067178266099217}, "angle_XMX": {"x": [173.17280971771532, 157.67567292487163, 160.96398078457588, 167.09204933591658], "y": [164.3150584240552, 158.7295923910594, 154.2403157793864, 156.3999722991265], "z": [178.53921897592835, 170.2765008021086, 169.19951935299363, 177.41555261216152], "x_average": 164.72612819076986, "y_average": 158.42123472340688, "z_average": 173.85769793579803, "xy_average": 161.57368145708836, "average": 165.66835361665824}, "angle_MXM": {"x": [159.6274560875941, 170.73054296251425, 173.52246181014888, 153.86419188552108], "y": [156.74340333390043, 151.882325754863, 161.11493669432585, 138.84056908649148], "z": [], "x_average": 164.4361631864446, "y_average": 152.1453087173952, "z_average": NaN, "xy_average": 158.29073595191988, "average": 158.29073595191988}}