{"n_layer": 1, "d_interlayer": 10.076520515206997, "bond": {"x": [3.160620321295294, 3.264818318881474, 3.165878884641206, 3.3232964270127843, 3.1911611230921575, 3.238197226706481, 3.1855775995323117, 3.4174448611011585], "y": [3.1888893536475655, 3.1327140177662613, 3.1696366010269412, 3.152340943189922, 3.1993230543832576, 3.2253723025570094, 3.187343501795431, 3.202729375268342], "z": [3.2890609111699867, 3.1745653469222277, 3.1837706377381463, 3.307868762652802, 3.2566074525077875, 3.2181592058850548, 3.2235111114331256, 3.2710329963748355], "x_average": 3.2433743452828585, "y_average": 3.182293643704341, "z_average": 3.2405720530854953, "xy_average": 3.2128339944936, "average": 3.222080014024231}, "angle_XMX": {"x": [169.53898482044445, 173.67788419361102, 172.78371775852153, 176.21506057645232], "y": [165.50610963827714, 172.91289972593415, 164.02977867300703, 173.82412146333093], "z": [169.07061028114154, 167.05003618814624, 165.57324444173238, 160.29765645470962], "x_average": 173.05391183725732, "y_average": 169.06822737513733, "z_average": 165.49788684143243, "xy_average": 171.06106960619732, "average": 169.20667535127572}, "angle_MXM": {"x": [159.7467672234652, 144.5310655606717, 152.36019204702887, 149.12805276607583], "y": [157.24102370820037, 146.5482466903876, 136.19936647955248, 156.525320801484], "z": [], "x_average": 151.44151939931038, "y_average": 149.12848941990612, "z_average": NaN, "xy_average": 150.28500440960823, "average": 150.28500440960823}}