{"n_layer": 1, "d_interlayer": 5.849498099781188, "bond": {"x": [3.637075349544089, 3.1737887110262943, 3.287864911749875, 3.3077027863275412, 3.374766205322012, 3.156107439200546, 3.3379250299970558, 3.173793000341849], "y": [3.284628370361209, 3.364436406884069, 3.199104690756562, 3.440293244882397, 3.2143603890042702, 3.3756372816689493, 3.1748756900886788, 3.308665213891384], "z": [3.178085370952936, 3.1439257400334557, 3.1677638535421253, 3.225083026630693, 3.202191420578973, 3.2052020279449254, 3.280124356406152, 3.148940520628888], "x_average": 3.3061279291886576, "y_average": 3.2952501609421896, "z_average": 3.193914539589769, "xy_average": 3.3006890450654236, "average": 3.2650975432402056}, "angle_XMX": {"x": [170.15990708464722, 166.91783416441567, 171.28676459930065, 175.79144385489644], "y": [163.48341906874847, 166.54554165495335, 179.3480020425692, 170.46751447096008], "z": [163.82668804252873, 165.95659918763832, 165.93538460738324, 174.0871619919787], "x_average": 171.038987425815, "y_average": 169.96111930930778, "z_average": 167.45145845738224, "xy_average": 170.5000533675614, "average": 169.48385506416835}, "angle_MXM": {"x": [145.36820493613268, 172.88246451486404, 161.176725983957, 157.08625090720273], "y": [141.9276786459589, 171.44140971420958, 166.98900643081208, 158.77850883674762], "z": [], "x_average": 159.1284115855391, "y_average": 159.78415090693204, "z_average": NaN, "xy_average": 159.45628124623556, "average": 159.45628124623556}}