{"n_layer": 1, "d_interlayer": 6.556884941392558, "bond": {"x": [3.1593495813137245, 3.8349029871894165, 3.4623578504297474, 3.180100258167659, 3.1808290701254567, 3.462172010581606, 3.8416425117819863, 3.1605114902354554], "y": [3.129718422837516, 3.7742937984625136, 3.1894406102983015, 3.562435545791152, 3.561121973230746, 3.189789718104147, 3.7726967064930443, 3.129709120158713], "z": [3.258148425180415, 3.0559408560008325, 3.1991650175793875, 3.265432489626298, 3.264563711092555, 3.1992738516562573, 3.055719517482913, 3.258668038483081], "x_average": 3.4102332199781316, "y_average": 3.413650736922017, "z_average": 3.1946139883877174, "xy_average": 3.4119419784500744, "average": 3.339499315095955}, "angle_XMX": {"x": [173.44341665721802, 173.47363564156947, 173.10375137476046, 173.27485767973997], "y": [171.59775289860917, 171.93987787467938, 172.0121873266373, 171.32519687525945], "z": [166.34651106602502, 162.31434509325615, 162.29769659829034, 166.56408484217891], "x_average": 173.323915338322, "y_average": 171.71875374379636, "z_average": 164.3806593999376, "xy_average": 172.52133454105916, "average": 169.8077761606853}, "angle_MXM": {"x": [145.9041377444788, 145.8048862069478, 153.74174992427172, 153.33195264975208], "y": [149.54969641028936, 146.43337835565993, 150.02466450171636, 146.13553741564297], "z": [], "x_average": 149.69568163136262, "y_average": 148.03581917082715, "z_average": NaN, "xy_average": 148.86575040109489, "average": 148.86575040109489}}