{"n_layer": 1, "d_interlayer": 6.3413703519582345, "bond": {"x": [3.122782872330302, 3.6608993494168716, 3.183199335363576, 3.439761041659249, 3.1733539483772932, 3.3710552433980934, 3.136128989070713, 3.6280721617687557], "y": [3.3116260869970824, 3.2142155234075185, 3.382110494799716, 3.1843770074981292, 3.4072249582110765, 3.1869972563074938, 3.358449416973023, 3.203471828707913], "z": [3.257437575427297, 3.098658108157408, 3.2208182571591735, 3.1887129851638427, 3.1536460624017306, 3.2292293514923482, 3.15001052990414, 3.242683582378756], "x_average": 3.3394066176731068, "y_average": 3.281059071612744, "z_average": 3.1926495565105872, "xy_average": 3.3102328446429254, "average": 3.2710384152654797}, "angle_XMX": {"x": [169.17990283201857, 173.49784576404437, 167.68929775649656, 175.90930924005028], "y": [164.29884844588466, 166.4236869244471, 170.73739416525927, 159.76811097189136], "z": [159.67745449302623, 165.11565023433832, 168.76489223360966, 172.16723418733181], "x_average": 171.56908889815244, "y_average": 165.3070101268706, "z_average": 166.4313077870765, "xy_average": 168.43804951251153, "average": 167.76913560403318}, "angle_MXM": {"x": [167.94603183281882, 151.92327913363476, 152.85358632303308, 160.50833603360783], "y": [170.74638874881828, 146.83617140620535, 143.81849586860264, 171.37079156011148], "z": [], "x_average": 158.3078083307736, "y_average": 158.19296189593445, "z_average": NaN, "xy_average": 158.250385113354, "average": 158.250385113354}}