{"n_layer": 1, "d_interlayer": 6.1190113632100775, "bond": {"x": [3.170080297659743, 3.792349958922355, 3.289256280733805, 3.3358472756081192, 3.1477608258919085, 3.387231086039097, 3.181696786839122, 3.4058226875080506], "y": [3.175476563163216, 3.520429474264277, 3.132123926942296, 3.3850973703970753, 3.2157141630654418, 3.3856200139530737, 3.3050912741738134, 3.167950703817453], "z": [3.1732233561076386, 3.1277363890226137, 3.17012866629326, 3.3629437795045742, 3.1224587548864595, 3.3869879567707026, 3.3883959775573698, 3.0262876660567875], "x_average": 3.338755649900275, "y_average": 3.285937936222081, "z_average": 3.219770318274926, "xy_average": 3.312346793061178, "average": 3.2814879681324274}, "angle_XMX": {"x": [170.14534360875425, 178.55856920471177, 168.0793918311835, 168.5606794369844], "y": [174.2740555340712, 173.80363622422408, 175.87074810005427, 166.48487890339885], "z": [161.72161447224104, 168.41168976994095, 155.95410855056633, 175.69897409143138], "x_average": 171.33599602040846, "y_average": 172.60832969043707, "z_average": 165.44659672104493, "xy_average": 171.97216285542277, "average": 169.7969741439635}, "angle_MXM": {"x": [153.53975475253233, 147.11113256696865, 133.56574616440602, 155.25042275109243], "y": [147.2463430837863, 141.243356446467, 151.93795866966212, 145.9006775876119], "z": [], "x_average": 147.36676405874985, "y_average": 146.58208394688182, "z_average": NaN, "xy_average": 146.97442400281585, "average": 146.97442400281585}}