{"n_layer": 1, "d_interlayer": 21.478253323079116, "bond": {"x": [3.269717128496174, 3.155082241697347, 3.174504274612095, 3.133218932946732, 3.217666810642721, 3.154998272135372, 3.1513911766082563, 3.128753495615906], "y": [3.1646701313467207, 3.2282299928871097, 3.176431242665886, 3.1818184634618665, 3.149197639868538, 3.167239890856096, 3.1402866868665806, 3.1605175225066535], "z": [3.066807444099215, 3.322534606063299, 3.2300342269204276, 3.22860283255106, 3.2357526759463706, 3.214443736146512, 3.4259546778379044, 3.124170230716804], "x_average": 3.1731665415943255, "y_average": 3.1710489463074314, "z_average": 3.231037553785199, "xy_average": 3.1721077439508782, "average": 3.191751013895652}, "angle_XMX": {"x": [172.1127038656756, 171.2569452190399, 169.55134524187568, 177.84422811542655], "y": [169.87814604282974, 168.26506247672532, 173.27342850469816, 170.955910074139], "z": [175.75148013438826, 173.15497952237297, 171.73572531737116, 178.64803335189333], "x_average": 172.69130561050443, "y_average": 170.59313677459807, "z_average": 174.82255458150644, "xy_average": 171.64222119255123, "average": 172.70233232220298}, "angle_MXM": {"x": [138.1679269613772, 152.24604587887183, 148.22598843593215, 144.63500966419005], "y": [136.81795923959976, 151.55934054196848, 152.39282347298172, 141.44360943500274], "z": [], "x_average": 145.8187427350928, "y_average": 145.55343317238817, "z_average": NaN, "xy_average": 145.68608795374047, "average": 145.68608795374047}}