{"n_layer": 1, "d_interlayer": 15.541060697745671, "bond": {"x": [3.1630393326845105, 3.2001661624026223, 3.110288634740038, 3.209126355000897, 3.167056780025657, 3.224419795646645, 3.1555643965770916, 3.220812464374811], "y": [3.1716577693992027, 3.1445665787452817, 3.1466009262719234, 3.217651271303761, 3.1317458882309843, 3.107029342172808, 3.1586397457820183, 3.137158058055613], "z": [3.347247073144496, 3.136010436620083, 3.224441947525032, 3.224077122115614, 3.2359686480883365, 3.2332757589237575, 3.1125577558914794, 3.364374324640942], "x_average": 3.181309240181534, "y_average": 3.1518811974951992, "z_average": 3.234744133368718, "xy_average": 3.166595218838366, "average": 3.1893115236818175}, "angle_XMX": {"x": [172.00619155946578, 169.00425326561177, 173.7195528435785, 170.88455221393394], "y": [174.41115102007495, 162.24174605252716, 174.27728769132105, 155.98356998897302], "z": [169.77734109749414, 171.78622525209224, 168.29961020120243, 172.98463299030448], "x_average": 171.4036374706475, "y_average": 166.72843868822406, "z_average": 170.71195238527332, "xy_average": 169.06603807943577, "average": 169.6146761813816}, "angle_MXM": {"x": [152.86800170785398, 141.9824436327789, 141.03922095617983, 156.7964013695718], "y": [150.7057456621665, 134.06339819561964, 139.74722961362497, 154.93899380443617], "z": [], "x_average": 148.17151691659615, "y_average": 144.86384181896182, "z_average": NaN, "xy_average": 146.51767936777895, "average": 146.51767936777895}}