{"n_layer": 1, "d_interlayer": 9.555349332541063, "bond": {"x": [3.1607149704339053, 3.331236566562546, 3.3641712764146705, 3.153424115114191, 3.2105395076162413, 3.432554952853131, 3.4661277734155718, 3.197520648385002], "y": [3.2211798587668534, 3.2015336746605136, 3.280360209955868, 3.235280291505143, 3.3330848686606314, 3.1644161049831383, 3.443127048512887, 3.2305403292515598], "z": [3.4312978855197684, 3.039142995897861, 3.1033834811012446, 3.375173984803586, 3.098681135925886, 3.3637895981841828, 3.2096803557473987, 3.1626192391352177], "x_average": 3.2895362263494072, "y_average": 3.263690298287074, "z_average": 3.222971084539393, "xy_average": 3.276613262318241, "average": 3.258732536391958}, "angle_XMX": {"x": [169.77052412480555, 170.85754407678021, 163.9549100681382, 171.49715066146877], "y": [167.08746953406884, 167.16709808591156, 169.3203777034936, 176.21552831383917], "z": [175.4681095017322, 176.6187314174393, 171.97494642635436, 170.92970896499358], "x_average": 169.02003223279817, "y_average": 169.9476184093283, "z_average": 173.74787407762986, "xy_average": 169.48382532106325, "average": 170.90517490658544}, "angle_MXM": {"x": [141.44459561989288, 149.11251860175238, 151.5984455777311, 137.5142708599071], "y": [150.65071661372428, 146.58468818536122, 137.5321505028477, 142.6394050915923], "z": [], "x_average": 144.9174576648209, "y_average": 144.35174009838136, "z_average": NaN, "xy_average": 144.6345988816011, "average": 144.6345988816011}}