{"n_layer": 1, "d_interlayer": 15.586943288161255, "bond": {"x": [3.1623449971463153, 3.17386992496194, 3.073550270209792, 3.2310961420707787, 3.12602040553699, 3.233276011846648, 3.141755965089756, 3.1545580876965653], "y": [3.133143997373224, 3.104805729526187, 3.1573154538066417, 3.1516003963506694, 3.1699832314122944, 3.1682457656289227, 3.271730107850702, 3.160225932405394], "z": [3.0771668996636974, 3.4436118307695645, 3.2905272606259444, 3.197782595036531, 3.3106600797798587, 3.2036370409017976, 3.3402256408720463, 3.1274148984283823], "x_average": 3.162058975569848, "y_average": 3.1646313267942543, "z_average": 3.248878280759728, "xy_average": 3.1633451511820514, "average": 3.19185619437461}, "angle_XMX": {"x": [172.64408095346369, 160.89041755450805, 168.67636829215678, 172.53437341409423], "y": [169.24844812370972, 164.12953225200138, 170.3021179580619, 169.40320072831383], "z": [178.37662964038304, 168.24718991395193, 169.5540167705107, 176.98805507753173], "x_average": 168.6863100535557, "y_average": 168.2708247655217, "z_average": 173.29147285059435, "xy_average": 168.4785674095387, "average": 170.08286922322392}, "angle_MXM": {"x": [150.77128286152154, 154.34080030208807, 162.56895800403714, 174.17157894883078], "y": [169.88558486779755, 144.76315754483457, 141.6733389344858, 151.7976456964142], "z": [], "x_average": 160.46315502911938, "y_average": 152.02993176088304, "z_average": NaN, "xy_average": 156.2465433950012, "average": 156.2465433950012}}