{"n_layer": 1, "d_interlayer": 13.835141434701633, "bond": {"x": [3.156183808610475, 3.229044695101964, 3.2041105228091062, 3.250438430771559, 3.22339833244272, 3.1357851313681144, 3.20253880685957, 3.315590901856134], "y": [3.19404505099152, 3.1969701545585067, 3.0913441629880642, 3.306384647174445, 3.1693953439136933, 3.279913198336179, 3.1676144306801564, 3.3410999257488885], "z": [3.3014351310147227, 3.1506845603175866, 3.239385449251868, 3.3503156490795605, 3.234689529877458, 3.3381723819632914, 3.2156818227143593, 3.201368874522265], "x_average": 3.214636328727455, "y_average": 3.2183458642989313, "z_average": 3.253966674842639, "xy_average": 3.2164910965131934, "average": 3.228982955956342}, "angle_XMX": {"x": [164.04409807769125, 165.81511283010096, 173.9837745387247, 173.72494228268684], "y": [162.49716275504068, 170.87600738814785, 168.61611335086488, 173.48134056371683], "z": [173.51748450616867, 165.77238156410652, 166.1725628965568, 172.6433470133106], "x_average": 169.39198193230092, "y_average": 168.86765601444256, "z_average": 169.52644399503566, "xy_average": 169.12981897337175, "average": 169.2620273139264}, "angle_MXM": {"x": [153.54230701029763, 133.1923322095475, 144.62342348177148, 151.88591277514496], "y": [146.58126257837668, 148.26354604699355, 134.70262751264852, 151.49338967897944], "z": [], "x_average": 145.81099386919038, "y_average": 145.26020645424956, "z_average": NaN, "xy_average": 145.53560016171997, "average": 145.53560016171997}}