{"n_layer": 1, "d_interlayer": 7.730998345539297, "bond": {"x": [3.250106426695085, 3.1874130723597798, 3.2999781579062986, 3.1809123398216967, 3.1935670971960097, 3.183654719962004, 3.2711746562213997, 3.1558738363834777], "y": [3.1516633459921826, 3.2130544777824763, 3.117386824797359, 3.1958443325691923, 3.2310951441916633, 3.2513537521632836, 3.198791283184295, 3.201575277118707], "z": [3.2264277305669697, 3.2738338952578836, 3.233453018236625, 3.2845940246023493, 3.191241707425699, 3.3151978135332483, 3.393550476607057, 3.1373728536365997], "x_average": 3.215335038318219, "y_average": 3.1950955547248947, "z_average": 3.256958939983304, "xy_average": 3.205215296521557, "average": 3.2224631776754724}, "angle_XMX": {"x": [163.31643126116765, 167.32975295771817, 164.0229358783467, 173.41232096670078], "y": [160.176619763364, 171.29574820325578, 164.58817806947965, 172.02661154386993], "z": [170.96630508770352, 169.04108341517247, 172.95024360618953, 169.32828950140586], "x_average": 167.02036026598333, "y_average": 167.02178939499237, "z_average": 170.57148040261785, "xy_average": 167.0210748304878, "average": 168.20454335453115}, "angle_MXM": {"x": [152.22503024792354, 162.15806474429982, 175.8821858804432, 148.42488927380938], "y": [156.61237336526804, 174.8792839333532, 163.43971136271497, 144.04396178089513], "z": [], "x_average": 159.672542536619, "y_average": 159.74383261055783, "z_average": NaN, "xy_average": 159.70818757358842, "average": 159.70818757358842}}