{"n_layer": 1, "d_interlayer": 7.468340010397952, "bond": {"x": [3.1159806421319485, 3.297903208962504, 3.147821916233409, 3.196823167115733, 3.1833459606959296, 3.219876457080601, 3.105016461230362, 3.2374672685255654], "y": [3.192674276156804, 3.133453738781993, 3.253178363325509, 3.09245749145268, 3.144001317926946, 3.1689978450187395, 3.123454929436972, 3.1656388953155488], "z": [3.4723293920220395, 3.0974973456010413, 3.1951457314874117, 3.3224369390157142, 3.1949605168509256, 3.351645741146702, 3.2156770295831065, 3.317388596920503], "x_average": 3.188029385247007, "y_average": 3.159232107176899, "z_average": 3.2708851615784305, "xy_average": 3.173630746211953, "average": 3.2060488846674455}, "angle_XMX": {"x": [175.76664742650325, 174.01331766336966, 168.4458032677273, 171.13904597831166], "y": [167.17542247208868, 171.16302968128278, 169.46688603879284, 163.58188412144622], "z": [168.990183328469, 172.25077056792654, 171.6242610670922, 171.33056193566875], "x_average": 172.34120358397797, "y_average": 167.84680557840264, "z_average": 171.04894422478912, "xy_average": 170.0940045811903, "average": 170.41231779572323}, "angle_MXM": {"x": [164.01527862267756, 176.57564759480996, 163.48635743528027, 177.0567713042146], "y": [162.54686742402606, 165.03232778252695, 168.93044368841657, 168.86564773851083], "z": [], "x_average": 170.28351373924562, "y_average": 166.3438216583701, "z_average": NaN, "xy_average": 168.31366769880788, "average": 168.31366769880788}}