{"n_layer": 1, "d_interlayer": 7.534026532409756, "bond": {"x": [3.26520681325292, 3.2674014361678947, 3.2401538285221925, 3.202715401293892, 3.1955473711677453, 3.202774334866893, 3.2418482822408414, 3.1625894022961667], "y": [3.222287607947986, 3.229585690684673, 3.1921453641006625, 3.2157490525645187, 3.221864026229956, 3.212336451489612, 3.163360952606401, 3.1983232193346924], "z": [3.10037571898238, 3.3276380479432577, 3.224374887060252, 3.2246079824844993, 3.2518855711960235, 3.177698413215885, 3.3296179352401696, 3.156560562492329], "x_average": 3.222279608726068, "y_average": 3.2069565456198124, "z_average": 3.2240948898268496, "xy_average": 3.2146180771729407, "average": 3.2177770147242435}, "angle_XMX": {"x": [159.61624700431813, 172.59566418759428, 168.94958681492128, 178.1915047935839], "y": [163.77797834982653, 167.08753533672646, 168.84916869447238, 174.42804724986675], "z": [167.06107144204432, 170.050049293082, 169.69471748501255, 170.26043282356312], "x_average": 169.8382507001044, "y_average": 168.53568240772302, "z_average": 169.2665677609255, "xy_average": 169.1869665539137, "average": 169.2135002895843}, "angle_MXM": {"x": [155.68214208929885, 167.61385234581135, 174.57405692532367, 159.4365227373123], "y": [154.11561912821313, 170.1367074991135, 166.48155427300782, 157.4699558232223], "z": [], "x_average": 164.32664352443655, "y_average": 162.05095918088918, "z_average": NaN, "xy_average": 163.18880135266284, "average": 163.18880135266284}}