{"n_layer": 1, "d_interlayer": 9.586164625271437, "bond": {"x": [3.1875792629504462, 3.435527275258886, 3.2005790310375066, 3.2365446791602, 3.173968848192199, 3.3228109906221155, 3.1518571080811726, 3.2822214112823533], "y": [3.2528113367529894, 3.2343582013398913, 3.264156581054136, 3.2324346884814963, 3.21137094149956, 3.1669892887534385, 3.1924683231920317, 3.1454743460056434], "z": [3.334599120340126, 3.1192306151997897, 3.156476077734045, 3.328248686007439, 3.2293690316124306, 3.24275514688623, 3.2138236874549095, 3.2689929272187617], "x_average": 3.2488860758231097, "y_average": 3.2125079633848985, "z_average": 3.2366869115567165, "xy_average": 3.230697019604004, "average": 3.2326936502549075}, "angle_XMX": {"x": [175.99339838965403, 171.84600440219967, 174.90445640714051, 173.48889028592598], "y": [171.51565459056565, 167.70590727305787, 174.77674927658643, 169.11269751903203], "z": [159.89449601050816, 164.8205232313478, 164.41628619972732, 167.26454299941162], "x_average": 174.05818737123005, "y_average": 170.7777521648105, "z_average": 164.09896211024875, "xy_average": 172.41796976802027, "average": 169.64496721542974}, "angle_MXM": {"x": [150.60777245852827, 153.0915488914581, 145.69780161607116, 163.07060063399658], "y": [155.74346008084905, 137.99229650593148, 150.88978966820895, 161.10283365815727], "z": [], "x_average": 153.11693090001353, "y_average": 151.4320949782867, "z_average": NaN, "xy_average": 152.2745129391501, "average": 152.2745129391501}}