{"n_layer": 1, "d_interlayer": 10.863158858095755, "bond": {"x": [3.261285244224825, 3.166550664348614, 3.2416124628796332, 3.121959155106276, 3.2765063985986176, 3.1712308965370393, 3.225172976626388, 3.1565961469716517], "y": [3.157355692291102, 3.2352651334006413, 3.181295529425073, 3.2080381775999696, 3.1150736148508313, 3.17121543186208, 3.1646188726208995, 3.1460438272382043], "z": [3.184025583657783, 3.330353054692575, 3.200817629381857, 3.315273357865519, 3.188502355350475, 3.3150350480948525, 3.3663214687175205, 3.11492830596984], "x_average": 3.202614243161631, "y_average": 3.1723632849111, "z_average": 3.251907100466303, "xy_average": 3.1874887640363654, "average": 3.2089615428463447}, "angle_XMX": {"x": [174.03710849144628, 176.1852055259839, 170.91162550457798, 168.41718105330776], "y": [171.36320004997359, 164.289824525171, 168.02598322643726, 166.81527153310356], "z": [172.51840263839227, 170.6318031438247, 176.13595378022134, 176.51793716903813], "x_average": 172.387780143829, "y_average": 167.62356983367135, "z_average": 173.9510241828691, "xy_average": 170.00567498875017, "average": 171.3207913867898}, "angle_MXM": {"x": [151.60573027325322, 145.94048562908495, 140.24354500786995, 154.72785137975526], "y": [153.4597715657685, 131.7392727917394, 136.85008727699454, 159.15035767614597], "z": [], "x_average": 148.12940307249085, "y_average": 145.29987232766211, "z_average": NaN, "xy_average": 146.71463770007648, "average": 146.71463770007648}}