{"n_layer": 1, "d_interlayer": 9.338908200799079, "bond": {"x": [3.2126584821166304, 3.2239437229248766, 3.1486315052108473, 3.2836356574282752, 3.2167643275626814, 3.2325065663157857, 3.1689190731351062, 3.3081212451462925], "y": [3.2294139657589764, 3.188871401540045, 3.2009273652315606, 3.2301779998206372, 3.2496980588072413, 3.171358635772385, 3.227839609147264, 3.205777603025153], "z": [3.145421107035426, 3.2907123380276513, 3.1984854209440217, 3.253969469323888, 3.2065542033931975, 3.2161067909702017, 3.255817362744347, 3.146971943643776], "x_average": 3.224397572480062, "y_average": 3.2130080798879077, "z_average": 3.2142548295103137, "xy_average": 3.2187028261839847, "average": 3.2172201606260944}, "angle_XMX": {"x": [175.88355761154614, 174.428721318041, 177.13284184756185, 174.53796137323477], "y": [173.9331507241945, 175.5326560702047, 170.8623548698148, 174.0304901476911], "z": [179.13615330404394, 171.84819433883786, 174.0556431392554, 173.86778638895422], "x_average": 175.49577053759594, "y_average": 173.58966295297628, "z_average": 174.72694429277286, "xy_average": 174.5427167452861, "average": 174.60412592778167}, "angle_MXM": {"x": [148.96423002768867, 152.05069236278263, 148.36008376609664, 144.2087963962671], "y": [153.24228379530064, 144.35385532732775, 142.13127036947338, 156.0387898471181], "z": [], "x_average": 148.39595063820875, "y_average": 148.94154983480496, "z_average": NaN, "xy_average": 148.66875023650687, "average": 148.66875023650687}}