{"n_layer": 1, "d_interlayer": 7.215579288201629, "bond": {"x": [3.2107026663921787, 3.2518316002018257, 3.2979379305106242, 3.1983069741022554, 3.2348685501785095, 3.2774196024974387, 3.262069627515287, 3.3081529910475647], "y": [3.2762330686750727, 3.186827689341487, 3.2223163558843027, 3.2805966910726037, 3.445058900490796, 3.146598373530185, 3.447291174305715, 3.21777687113127], "z": [3.4268999728138283, 3.0106953586371534, 3.164179315575035, 3.29493342014275, 3.0445986411035166, 3.380180668093271, 3.1964318431449326, 3.148302846772849], "x_average": 3.255161242805711, "y_average": 3.277837390553929, "z_average": 3.208277758285417, "xy_average": 3.2664993166798197, "average": 3.2470921305483524}, "angle_XMX": {"x": [169.70735368742086, 174.40529905246692, 169.85361424809324, 167.77627642632464], "y": [170.01975425449243, 177.18244162148355, 174.56246293521127, 171.21640047515427], "z": [174.78199007478713, 167.34371332572792, 177.4594501942981, 177.54818516978565], "x_average": 170.43563585357643, "y_average": 173.24526482158538, "z_average": 174.28333469114972, "xy_average": 171.84045033758088, "average": 172.65474512210383}, "angle_MXM": {"x": [144.45803611041205, 156.35969719821932, 159.83526315463007, 141.51179363527388], "y": [151.5994398528198, 159.0401205761129, 142.33280240149634, 148.49008294174527], "z": [], "x_average": 150.54119752463384, "y_average": 150.36561144304358, "z_average": NaN, "xy_average": 150.4534044838387, "average": 150.4534044838387}}