{"n_layer": 1, "d_interlayer": 9.603984285395304, "bond": {"x": [3.2727793369663187, 3.1756764251664427, 3.189782622327869, 3.30028161947699, 3.266859346858227, 3.1626181704378555, 3.180792801517935, 3.306622139328831], "y": [3.2143939979118823, 3.1512899208890985, 3.1794838522897004, 3.1540068987478818, 3.208126737436464, 3.2055392330873387, 3.175782939309493, 3.2301044563032075], "z": [3.3070631693616575, 3.113378339905126, 3.2469131973887966, 3.181624267023471, 3.140855645362476, 3.2734664427763227, 3.1213653863289883, 3.308354034689047], "x_average": 3.2319265577600587, "y_average": 3.1898410044968832, "z_average": 3.2116275603544855, "xy_average": 3.210883781128471, "average": 3.211131707537142}, "angle_XMX": {"x": [171.79545649843308, 178.0587426155497, 172.18562864409057, 173.13796001866908], "y": [166.32752745578136, 172.74774267018287, 169.3512870803374, 172.64413154505127], "z": [170.77745164975715, 166.69297848151677, 171.24747452210536, 167.5777782782797], "x_average": 173.7944469441856, "y_average": 170.26767218783823, "z_average": 169.07392073291476, "xy_average": 172.03105956601192, "average": 171.04534662164622}, "angle_MXM": {"x": [157.11516263671015, 148.02282174724309, 149.09384847014934, 149.79899358418325], "y": [149.6005274794584, 149.10131065662594, 142.2574172941046, 148.27386872318175], "z": [], "x_average": 151.00770660957147, "y_average": 147.30828103834267, "z_average": NaN, "xy_average": 149.15799382395707, "average": 149.15799382395707}}