{"n_layer": 1, "d_interlayer": 8.176953805235286, "bond": {"x": [3.1579187202125216, 3.1954037564621376, 3.1669231042864268, 3.2221108411601835, 3.163840352373022, 3.2012719415432977, 3.1748877002124267, 3.2227692093361626], "y": [3.194040118363564, 3.1571864863481407, 3.198831623044409, 3.16435956339407, 3.211967449566603, 3.169200127255336, 3.2187038488622024, 3.1790983532890302], "z": [3.2137577083571163, 3.1902513884550596, 3.181805963709854, 3.245716648647242, 3.1824789009887873, 3.2492820763440653, 3.2623869741747393, 3.1879664913178196], "x_average": 3.1881407031982723, "y_average": 3.1866734462654196, "z_average": 3.2142057689993355, "xy_average": 3.187407074731846, "average": 3.196339972821009}, "angle_XMX": {"x": [171.5024250659976, 174.99654518157445, 177.23461786961278, 174.8245786381541], "y": [172.6160735915243, 172.3822016574794, 175.3965340374802, 175.79811803187587], "z": [177.57370176216497, 176.84172959818002, 178.47725302172782, 177.7403695917458], "x_average": 174.63954168883473, "y_average": 174.04823182958995, "z_average": 177.65826349345465, "xy_average": 174.34388675921235, "average": 175.4486790039598}, "angle_MXM": {"x": [146.8449847754929, 152.62744178528268, 154.08977032930346, 143.7711801567566], "y": [145.1837115309937, 155.78784267485267, 151.69163138807667, 144.24381681500358], "z": [], "x_average": 149.33334426170893, "y_average": 149.22675060223165, "z_average": NaN, "xy_average": 149.28004743197027, "average": 149.28004743197027}}