{"n_layer": 1, "d_interlayer": 9.349867861824304, "bond": {"x": [3.2974171605988305, 3.155680176237087, 3.2103051002986307, 3.3107320453719398, 3.2791435171260894, 3.160165734840251, 3.209055510885511, 3.31151745823391], "y": [3.2075539998782694, 3.197389858799873, 3.179701533374478, 3.212641694857557, 3.18555410903033, 3.2635244042510623, 3.1766844469859694, 3.283332148615117], "z": [3.1155352936980396, 3.310388553941594, 3.1783690377574283, 3.2501981511294384, 3.2588125851667207, 3.1612065173069146, 3.2736859829792997, 3.1209539282590266], "x_average": 3.241752087949031, "y_average": 3.213297774474082, "z_average": 3.2086437562798076, "xy_average": 3.2275249312115566, "average": 3.221231206234307}, "angle_XMX": {"x": [172.5117833370312, 172.8298249783686, 176.5722841402655, 173.84949461199187], "y": [172.34356420752798, 173.99153603548592, 172.52721721527968, 171.42499632665687], "z": [171.157579312897, 169.3758842517125, 169.91333883789355, 170.59514059293278], "x_average": 173.9408467669143, "y_average": 172.5718284462376, "z_average": 170.26048574885897, "xy_average": 173.25633760657598, "average": 172.2577203206703}, "angle_MXM": {"x": [152.6860605010381, 153.1246703319819, 154.62255558188227, 144.41256360077213], "y": [149.1693726225056, 151.70292150819273, 145.8253479048656, 148.55101773548878], "z": [], "x_average": 151.2114625039186, "y_average": 148.8121649427632, "z_average": NaN, "xy_average": 150.01181372334088, "average": 150.01181372334088}}