{"n_layer": 1, "d_interlayer": 9.903788214343328, "bond": {"x": [3.2952940765539958, 3.205174770393257, 3.2032804690670673, 3.1825283924090453, 3.257213512154588, 3.1440118961105608, 3.1812534987978958, 3.172780338148947], "y": [3.2990016825546973, 3.1852755666748487, 3.2814913073027907, 3.1595765837589678, 3.254385442783057, 3.1539053680512974, 3.1418116693946794, 3.2023162689036724], "z": [3.1581172341259816, 3.2464731931247277, 3.194100411061636, 3.2681637729154787, 3.323161879893464, 3.21485218027673, 3.2438606896520628, 3.2386277117432885], "x_average": 3.20519211920442, "y_average": 3.209720486178001, "z_average": 3.2359196340991714, "xy_average": 3.2074563026912104, "average": 3.2169440798271975}, "angle_XMX": {"x": [171.35020515248473, 172.6284263826934, 170.4060105186841, 173.39376322968224], "y": [177.95414630920533, 179.40106545728304, 176.0196377612564, 174.9779419851387], "z": [168.95217902592125, 177.20858545538866, 168.06829820643839, 172.51039075426195], "x_average": 171.9446013208861, "y_average": 177.08819787822088, "z_average": 171.68486336050256, "xy_average": 174.5163995995535, "average": 173.5725541865365}, "angle_MXM": {"x": [139.6650548975084, 158.96685401725162, 156.96188393497044, 147.64026708985585], "y": [147.34743953977178, 148.67294894422585, 154.53488771026278, 154.00571011857312], "z": [], "x_average": 150.8085149848966, "y_average": 151.14024657820838, "z_average": NaN, "xy_average": 150.9743807815525, "average": 150.9743807815525}}