{"n_layer": 1, "d_interlayer": 7.518307780765486, "bond": {"x": [3.3399785056006057, 3.194283015620969, 3.1905153200291854, 3.2427295229301474, 3.3111191379768914, 3.1362326362195425, 3.2899254324668776, 3.1720018402786097], "y": [3.271350519831334, 3.1759017287154734, 3.154306135223267, 3.230100518033708, 3.1277661694392873, 3.2477016256440443, 3.138869754738637, 3.1868927672584437], "z": [3.299985081236319, 3.1250316909582865, 3.2718662279281965, 3.2069103734756936, 3.2851640948216274, 3.21294178780691, 3.095173823013193, 3.3336001250666056], "x_average": 3.234598176390354, "y_average": 3.191611152360524, "z_average": 3.228834150538354, "xy_average": 3.213104664375439, "average": 3.218347826429744}, "angle_XMX": {"x": [164.56254790675817, 171.89550474291482, 166.11913490390506, 170.82537572103178], "y": [164.70725516761215, 170.22531376890566, 163.88982894492506, 164.08458046212598], "z": [176.39315807861675, 169.2215093080465, 168.60972059850647, 177.8347145879695], "x_average": 168.35064081865244, "y_average": 165.72674458589222, "z_average": 173.01477564328482, "xy_average": 167.03869270227233, "average": 169.0307203492765}, "angle_MXM": {"x": [153.4756984649641, 164.51406817694857, 152.38240399549503, 150.14545647640395], "y": [161.2560324488127, 146.24292484477633, 154.26555631346537, 161.75272731248873], "z": [], "x_average": 155.1294067784529, "y_average": 155.8793102298858, "z_average": NaN, "xy_average": 155.50435850416935, "average": 155.50435850416935}}