{"n_layer": 1, "d_interlayer": 7.441731443800758, "bond": {"x": [3.401080231871933, 3.204303129304041, 3.2055195752806096, 3.205806404975192, 3.3752338561927613, 3.1980986701458294, 3.2377388741181052, 3.1450888774559402], "y": [3.309594323774628, 3.225488099316544, 3.246800340784235, 3.2158566801330557, 3.1357460168576363, 3.22449161090823, 3.1695326866102995, 3.175963446926964], "z": [3.238548789284483, 3.1155917816927072, 3.216584030895995, 3.201641605176968, 3.2103653734468356, 3.2084914041583397, 3.1004407313689897, 3.3245486931002644], "x_average": 3.246608702418052, "y_average": 3.212934150663949, "z_average": 3.2020265511405728, "xy_average": 3.2297714265410002, "average": 3.220523134740858}, "angle_XMX": {"x": [175.51501778825084, 174.56210779803536, 169.62121687640493, 174.31564808977834], "y": [171.30874230220533, 176.29627428671083, 171.418926686509, 172.49554201061346], "z": [177.33949384884698, 168.30457174038273, 172.8730088675136, 179.07358020251107], "x_average": 173.50349763811738, "y_average": 172.87987132150965, "z_average": 174.3976636648136, "xy_average": 173.19168447981352, "average": 173.59367754148022}, "angle_MXM": {"x": [143.95425528204575, 163.17392896461976, 150.1375326291557, 159.86027816629743], "y": [143.74104837989995, 150.81668157283428, 166.3049464966509, 150.88952752057574], "z": [], "x_average": 154.28149876052967, "y_average": 152.93805099249022, "z_average": NaN, "xy_average": 153.60977487650993, "average": 153.60977487650993}}