{"n_layer": 1, "d_interlayer": 10.0251206463868, "bond": {"x": [3.187381516273809, 3.290838406591498, 3.257234329008834, 3.1994112280134175, 3.2336276723414694, 3.2622758409037727, 3.218355018163349, 3.2625842018607347], "y": [3.197940046935622, 3.2363178017878718, 3.223632931687014, 3.237952278297007, 3.2295888615871027, 3.192779123099505, 3.2631607377348746, 3.203155337121064], "z": [3.1143924553626006, 3.306758419793434, 3.262277345846934, 3.1381098730115276, 3.172872445466619, 3.223814550401582, 3.1953511012919824, 3.144023361144096], "x_average": 3.2389635266446106, "y_average": 3.2230658897812576, "z_average": 3.194699944039847, "xy_average": 3.2310147082129337, "average": 3.218909786821905}, "angle_XMX": {"x": [172.72344963883017, 166.94213669348423, 170.89297032510692, 166.69472800593397], "y": [166.57741252598882, 170.16407550495134, 172.8765436003263, 166.9306939865885], "z": [175.7122468597684, 169.1569549978398, 171.3817832188494, 171.55513863508187], "x_average": 169.31332116583883, "y_average": 169.13718140446375, "z_average": 171.95153092788487, "xy_average": 169.22525128515127, "average": 170.1340111660625}, "angle_MXM": {"x": [154.78618126368838, 142.84352293943004, 140.56346718894505, 157.47831305379293], "y": [158.28030951612325, 146.16248927474453, 152.4558020033247, 153.58937132691062], "z": [], "x_average": 148.9178711114641, "y_average": 152.62199303027577, "z_average": NaN, "xy_average": 150.76993207086994, "average": 150.76993207086994}}