{"n_layer": 1, "d_interlayer": 9.251163981734598, "bond": {"x": [3.2859873194397466, 3.186647031718943, 3.248103812341428, 3.2046286896163068, 3.2889950746216363, 3.1374921110573646, 3.2422680041123013, 3.1755399885584046], "y": [3.1787754405763518, 3.257638413017296, 3.162139375012148, 3.278557959557574, 3.1914472776736815, 3.226126257464659, 3.1478476046517927, 3.2641536900851165], "z": [3.2595198125576355, 3.1264472390159446, 3.211408481423285, 3.209649473469117, 3.191468891398591, 3.250840551630312, 3.1396003932091343, 3.2750658849645458], "x_average": 3.2212077539332666, "y_average": 3.213335752254827, "z_average": 3.2080000909585706, "xy_average": 3.217271753094047, "average": 3.214181199048888}, "angle_XMX": {"x": [175.91439670471638, 168.7927410869721, 175.1976687065252, 173.47158804373933], "y": [176.06989410961836, 171.0233929635503, 178.85070141124226, 171.07216203854645], "z": [172.3047887645543, 170.97394375815347, 168.85009337748306, 177.22611241852817], "x_average": 173.34409863548825, "y_average": 174.25403763073936, "z_average": 172.33873457967974, "xy_average": 173.7990681331138, "average": 173.31229028196913}, "angle_MXM": {"x": [152.57458347889008, 161.34832947952356, 149.5243140218356, 145.05867064234405], "y": [148.54309001179942, 157.771084279906, 159.23505578850902, 150.82839430607783], "z": [], "x_average": 152.1264744056483, "y_average": 154.09440609657307, "z_average": NaN, "xy_average": 153.11044025111067, "average": 153.11044025111067}}