{"n_layer": 1, "d_interlayer": 7.390164147231318, "bond": {"x": [3.3141515055556106, 3.3254799498852177, 3.402034129295814, 3.1733035428610408, 3.2395226750262935, 3.242979018165644, 3.3096620810907984, 3.2205851703568924], "y": [3.19161155681097, 3.6764012174651066, 3.1212659811553425, 3.3738681526785412, 3.2611395876541787, 3.487817561336366, 3.276580333480535, 3.244980230499801], "z": [3.2077260766085844, 3.128157997867106, 3.232255484361486, 3.257992155830812, 3.0747975389237703, 3.31142819177371, 3.2979943017300846, 3.060283585114937], "x_average": 3.278464759029664, "y_average": 3.329208077635105, "z_average": 3.196329416526311, "xy_average": 3.3038364183323847, "average": 3.2680007510636937}, "angle_XMX": {"x": [172.32762917172334, 177.3012738255461, 168.55150240635467, 163.69925832032823], "y": [166.50055111620875, 176.0812265520047, 165.60583250598611, 168.03090010487819], "z": [172.569220510209, 169.67945699418718, 176.2626035809853, 175.38304895029148], "x_average": 170.4699159309881, "y_average": 169.05462756976942, "z_average": 173.47358250891824, "xy_average": 169.76227175037877, "average": 170.99937533655861}, "angle_MXM": {"x": [153.4601188072825, 140.8705059965812, 135.44311322379494, 149.68082138120036], "y": [152.42842491312928, 138.41497913097083, 145.3307038088023, 155.22943025627018], "z": [], "x_average": 144.86363985221476, "y_average": 147.85088452729315, "z_average": NaN, "xy_average": 146.35726218975395, "average": 146.35726218975395}}