{"n_layer": 1, "d_interlayer": 7.007592131996146, "bond": {"x": [3.1489971958908374, 3.242590559332798, 3.131754081146224, 3.206599022469985, 3.1779259523994763, 3.2372834680048785, 3.1277853544209586, 3.324840836086795], "y": [3.14848548592038, 3.1357312327285576, 3.2484777957137574, 3.1183505802537583, 3.192880903959684, 3.163723220197319, 3.1762194593179855, 3.20711008003313], "z": [3.288880057077889, 3.1708268000729243, 3.2059781837799104, 3.2321189540259887, 3.1515520063735147, 3.280520068025418, 3.2508065447583316, 3.1448879664543274], "x_average": 3.1997220587189945, "y_average": 3.1738723447655715, "z_average": 3.2156963225710378, "xy_average": 3.1867972017422828, "average": 3.196430242018535}, "angle_XMX": {"x": [167.4312729039933, 167.12983196215728, 176.11290365700816, 167.0590506448424], "y": [165.1266028036024, 165.47634964947522, 159.4328259687386, 161.01905711970872], "z": [169.99109633959972, 164.64413657975302, 172.64113961383805, 172.21346163114447], "x_average": 169.43326479200027, "y_average": 162.76370888538122, "z_average": 169.8724585410838, "xy_average": 166.09848683869075, "average": 167.3564774061551}, "angle_MXM": {"x": [148.57815488133474, 171.3669421037032, 163.45264857099, 145.5894035893728], "y": [145.04113324851278, 167.0664321443907, 167.55912306287348, 139.35963103952906], "z": [], "x_average": 157.24678728635018, "y_average": 154.7565798738265, "z_average": NaN, "xy_average": 156.00168358008835, "average": 156.00168358008835}}