{"n_layer": 1, "d_interlayer": 5.921755986501569, "bond": {"x": [3.245527748988608, 3.4197975410098453, 3.22518873539599, 3.3241193957998685, 3.209025933184006, 3.309185060413305, 3.2354823142940954, 3.431355040380626], "y": [3.3675538963180824, 3.1983725015885134, 3.407214604735114, 3.1966412641176247, 3.3453331318632773, 3.27648026828668, 3.326605913879334, 3.2241427136843965], "z": [3.1829472227362827, 3.147625969781932, 3.2461326262252483, 3.114920194537347, 3.2173915930061443, 3.1652187317866067, 3.030427425959155, 3.391147705365068], "x_average": 3.2999602211832926, "y_average": 3.292793036809128, "z_average": 3.1869764336747233, "xy_average": 3.2963766289962106, "average": 3.2599098972223817}, "angle_XMX": {"x": [173.00129868526963, 169.95792804754132, 176.02525064634148, 167.07380123813275], "y": [172.21825386724257, 175.61827428798193, 173.39754912186353, 165.46625584690787], "z": [165.77560891751966, 161.99510032432457, 161.75025833716288, 157.92080014861742], "x_average": 171.5145696543213, "y_average": 171.675083280999, "z_average": 161.86044193190614, "xy_average": 171.59482646766014, "average": 168.3500316224088}, "angle_MXM": {"x": [157.62614970775408, 150.97776755527678, 148.99537608519464, 157.59351577484196], "y": [159.63882619692575, 149.42976446663508, 157.4397191134612, 154.31189077085705], "z": [], "x_average": 153.79820228076687, "y_average": 155.20505013696976, "z_average": NaN, "xy_average": 154.50162620886832, "average": 154.50162620886832}}