{"n_layer": 1, "d_interlayer": 6.986572840717148, "bond": {"x": [3.117773341534388, 3.3278403923582296, 3.1641307178080487, 3.2248513629461923, 3.1381026371413157, 3.1882243104427697, 3.1436045217834936, 3.2270522347548383], "y": [3.1929399012279305, 3.1982650974639393, 3.2086312416920357, 3.1573223544414324, 3.278524841455138, 3.1062529259064227, 3.1621397440706307, 3.1332320811295755], "z": [3.1584133868046154, 3.259032478142655, 3.282877070002322, 3.1542730366130036, 3.2466311839746322, 3.2267577080509735, 3.1908120247902048, 3.291764056062697], "x_average": 3.1914474398461596, "y_average": 3.179663523423388, "z_average": 3.2263201180551375, "xy_average": 3.1855554816347738, "average": 3.199143693774895}, "angle_XMX": {"x": [166.31135643369348, 175.56666865253277, 166.19017853976402, 167.9233961462228], "y": [163.3624281408608, 162.27421014971515, 165.33575462683172, 165.42599730787697], "z": [169.80364458870875, 173.76115721373054, 163.9891442373623, 170.68414418350773], "x_average": 168.99789994305326, "y_average": 164.09959755632116, "z_average": 169.55952255582736, "xy_average": 166.5487487496872, "average": 167.55234001840057}, "angle_MXM": {"x": [143.3765502982844, 162.22623052730566, 169.5037980949953, 147.92438467848993], "y": [137.998843314953, 170.63870021330266, 165.99579380245623, 144.01569463325032], "z": [], "x_average": 155.7577408997688, "y_average": 154.66225799099055, "z_average": NaN, "xy_average": 155.20999944537968, "average": 155.20999944537968}}