{"n_layer": 1, "d_interlayer": 5.485268417020107, "bond": {"x": [3.1271831213909107, 3.236470126237321, 3.169434452394327, 3.284737323095296, 3.1527750554843657, 3.1885290584766315, 3.176143413221579, 3.27469856805617], "y": [3.1770763969677405, 3.146617755550072, 3.194456526987986, 3.125138214317884, 3.222847740990309, 3.1834304707636574, 3.2048548188007775, 3.177788526844949], "z": [3.2164619605120084, 3.222081824583346, 3.2227584008245964, 3.2626230289201006, 3.1771508021848, 3.306649587412322, 3.374682796627859, 3.159980573755157], "x_average": 3.201246389794575, "y_average": 3.179026306402922, "z_average": 3.2427986218525238, "xy_average": 3.190136348098749, "average": 3.2076904393500065}, "angle_XMX": {"x": [173.2888307369364, 173.47189621884976, 170.38750692293758, 176.19629830733965], "y": [171.96407117362241, 169.07791713330403, 173.33883366059476, 166.0585847648546], "z": [167.16260882480952, 170.95884496801463, 170.82892806282044, 170.44286704558826], "x_average": 173.33613304651584, "y_average": 170.10985168309395, "z_average": 169.8483122253082, "xy_average": 171.7229923648049, "average": 171.09809898497267}, "angle_MXM": {"x": [163.90640049823767, 144.79304412538053, 150.62644446276616, 153.13599890529684], "y": [161.78409126953065, 144.81826571396402, 138.75988627110183, 158.95950922117981], "z": [], "x_average": 153.11547199792028, "y_average": 151.08043811894407, "z_average": NaN, "xy_average": 152.0979550584322, "average": 152.0979550584322}}