{"n_layer": 1, "d_interlayer": 5.873488070307805, "bond": {"x": [3.3273370063153127, 3.217364046903358, 3.2487297048241786, 3.247586016130457, 3.2959692079343577, 3.232989920829385, 3.21449116044701, 3.2316967159575296], "y": [3.1934789209429146, 3.574414028049112, 3.153428271592035, 3.45515637392653, 3.1855237305449573, 3.513817458482061, 3.2188272444400874, 3.398599295148373], "z": [3.1351560610289932, 3.185036975795778, 3.138367516644101, 3.2616333627140843, 3.2308210154000485, 3.172411048486278, 3.34092701339661, 3.067360436092177], "x_average": 3.2520204724176986, "y_average": 3.336655665390759, "z_average": 3.191464178694759, "xy_average": 3.2943380689042288, "average": 3.260046772167739}, "angle_XMX": {"x": [165.298923957079, 165.67891224729328, 156.97187415620806, 166.11044962761687], "y": [168.4083004818648, 176.17706595664745, 173.652015341403, 168.36150268881477], "z": [175.91625883199208, 169.31564302429797, 168.6576339377523, 171.66693218174242], "x_average": 163.5150399970493, "y_average": 171.6497211171825, "z_average": 171.38911699394617, "xy_average": 167.58238055711593, "average": 168.851292702726}, "angle_MXM": {"x": [136.65658472731639, 163.54836714515048, 159.18616466033117, 142.15175942308534], "y": [147.6620314678491, 162.71733215481672, 163.23818175342515, 151.41388612178133], "z": [], "x_average": 150.38571898897084, "y_average": 156.25785787446807, "z_average": NaN, "xy_average": 153.32178843171945, "average": 153.32178843171945}}