{"n_layer": 1, "d_interlayer": 14.26886804925677, "bond": {"x": [3.3797692565919446, 3.1915647589145077, 3.351969762776195, 3.2159177381428954, 3.2439100992395606, 3.1513783352775695, 3.2813096576096203, 3.160020465652857], "y": [3.246885883358583, 3.2680533403454555, 3.1742113990918988, 3.22245841267073, 3.2283990220395893, 3.244487635034695, 3.1713660753388657, 3.2160480886288463], "z": [3.1379372685407274, 3.2224973206573844, 3.2232068820525197, 3.2148097852461133, 3.22182388313987, 3.238752250336873, 3.236985242540945, 3.187559646369708], "x_average": 3.246980009275644, "y_average": 3.221488732063583, "z_average": 3.210446534860518, "xy_average": 3.2342343706696135, "average": 3.2263050920665814}, "angle_XMX": {"x": [175.77581841269776, 166.81364451327985, 176.21235182748865, 172.05586408170436], "y": [177.4455700408356, 167.70417927308856, 166.94242913806602, 167.11669957215207], "z": [164.70163483338195, 172.73284400292175, 172.52535446726716, 176.8540931154855], "x_average": 172.71441970879266, "y_average": 169.80221950603556, "z_average": 171.70348160476408, "xy_average": 171.2583196074141, "average": 171.4067069398641}, "angle_MXM": {"x": [147.92027931093105, 148.52568761995482, 146.0318763662994, 146.56772962038826], "y": [150.12622367797212, 137.09856281656744, 142.11160294679686, 149.7842730152034], "z": [], "x_average": 147.26139322939338, "y_average": 144.78016561413497, "z_average": NaN, "xy_average": 146.02077942176416, "average": 146.02077942176416}}