{"n_layer": 1, "d_interlayer": 4.857475645344709, "bond": {"x": [3.205470593510907, 3.2967304329824287, 3.1412593539689975, 3.3464077519276016, 3.246842611853368, 3.3712335780396954, 3.232992111096435, 3.565258869851586], "y": [3.2639146775531134, 3.189734158686552, 3.3647909313569238, 3.27590784216678, 3.3080743614161365, 3.1766129727903145, 3.5057084094681596, 3.2174038300949146], "z": [3.1378800248255008, 3.343465420867631, 3.266129253830308, 3.164163227310468, 3.277711494935166, 3.1621627793455267, 3.1077194661819303, 3.1654571154283544], "x_average": 3.3007744129038774, "y_average": 3.287768397941612, "z_average": 3.2030860978406106, "xy_average": 3.2942714054227444, "average": 3.263876302895367}, "angle_XMX": {"x": [178.7737009140869, 176.31443618486614, 177.4370719022298, 175.7418343344028], "y": [176.16627180855863, 178.33709326522018, 175.08165483572816, 173.41915127388503], "z": [171.73613849956908, 168.21227798937764, 172.58039623404434, 165.370137027131], "x_average": 177.0667608338964, "y_average": 175.751042795848, "z_average": 169.4747374375305, "xy_average": 176.4089018148722, "average": 174.09751368909164}, "angle_MXM": {"x": [151.91732295348834, 146.95690264196315, 153.69297243578202, 148.31643992814372], "y": [153.54935930648168, 151.58499867813185, 149.68799028783943, 148.35669938486174], "z": [], "x_average": 150.2209094898443, "y_average": 150.79476191432866, "z_average": NaN, "xy_average": 150.50783570208648, "average": 150.50783570208648}}