{"n_layer": 1, "d_interlayer": 4.6742624504991, "bond": {"x": [3.342800116715225, 3.1773285486249927, 3.3111231594446635, 3.1705957512449374, 3.2777831947424807, 3.137641908737022, 3.265490044320626, 3.1665307002883676], "y": [3.2230739564356403, 3.189669629865839, 3.1990390889329725, 3.201703726695469, 3.1539455745853364, 3.2114264071368237, 3.1230476834835708, 3.223688012741004], "z": [3.268842017910412, 3.082842801895015, 3.2005561705649805, 3.213374509025891, 3.1413294487231918, 3.2906802107194917, 3.2510219130054425, 3.2634574656185498], "x_average": 3.2311616780147894, "y_average": 3.190699259984582, "z_average": 3.214013067182872, "xy_average": 3.2109304689996856, "average": 3.211958001727414}, "angle_XMX": {"x": [163.35060592689845, 176.15770403048353, 168.00244092437336, 167.69637104676738], "y": [161.74708822572464, 157.2933431108988, 165.31422628610838, 169.3243856791882], "z": [169.77405741458816, 170.7264118928299, 168.59529419921404, 169.05578625856714], "x_average": 168.80178048213068, "y_average": 163.41976082548, "z_average": 169.5378874412998, "xy_average": 166.11077065380533, "average": 167.25314291630352}, "angle_MXM": {"x": [164.9822813653405, 150.11682164145017, 147.62989386918244, 164.48427266254282], "y": [175.09046502486578, 134.1350345326466, 142.51126406897663, 162.79139728404994], "z": [], "x_average": 156.80331738462897, "y_average": 153.63204022763475, "z_average": NaN, "xy_average": 155.21767880613186, "average": 155.21767880613186}}