{"n_layer": 1, "d_interlayer": 4.825615709351975, "bond": {"x": [3.152218314756243, 3.1500395905860046, 3.2532823104144404, 3.218282148803813, 3.1691684633947745, 3.179376642971191, 3.3074640060494156, 3.2165382191118694], "y": [3.1287723725686147, 3.200622859438228, 3.142584463212409, 3.228001029911303, 3.1505685967090282, 3.382809680317098, 3.203005142291907, 3.3017887914627533], "z": [3.289690102728354, 3.2458264284691802, 3.1527054293144254, 3.281834762663814, 3.151574053519813, 3.3030215306093846, 3.255642091874603, 3.095218215257134], "x_average": 3.205796212010969, "y_average": 3.2172691169889176, "z_average": 3.2219390768045884, "xy_average": 3.211532664499943, "average": 3.2150014686014914}, "angle_XMX": {"x": [170.2137532321012, 172.6410805733928, 165.47777188946233, 166.9031580346899], "y": [172.9230144462287, 177.676721560964, 175.8021317752139, 167.90533910308113], "z": [172.17835127561239, 173.27013356325, 163.0091565238801, 168.11632076102637], "x_average": 168.80894093241156, "y_average": 173.57680172137194, "z_average": 169.14349053094222, "xy_average": 171.19287132689175, "average": 170.50974439490858}, "angle_MXM": {"x": [144.9318373098733, 149.6287135425007, 166.41251990674033, 136.2857669011468], "y": [155.82237401822766, 155.60116338746312, 151.64293205242237, 139.01532809807694], "z": [], "x_average": 149.31470941506527, "y_average": 150.5204493890475, "z_average": NaN, "xy_average": 149.91757940205642, "average": 149.91757940205642}}