{"n_layer": 1, "d_interlayer": 12.724339550938932, "bond": {"x": [3.3026569876094847, 3.167660910638408, 3.21385710946318, 3.1216149859547153, 3.2613828945917, 3.1792226130333874, 3.1895808595250945, 3.1432290966212943], "y": [3.184019686096568, 3.205755213342886, 3.174838201440596, 3.278047609641144, 3.1109122756933596, 3.1674814106478353, 3.1736220404893887, 3.1223206394366234], "z": [3.151285439678125, 3.3649481377177417, 3.235980029107224, 3.2274954528473945, 3.3709026637801776, 3.198711707764697, 3.219797880361678, 3.2606888041834896], "x_average": 3.1974006821796577, "y_average": 3.17712463459855, "z_average": 3.2537262644300657, "xy_average": 3.1872626583891046, "average": 3.209417193736092}, "angle_XMX": {"x": [173.83486451609724, 166.90735132620173, 168.95750029964273, 171.6280055714149], "y": [166.41908263511925, 162.56538448267506, 165.29047624061386, 161.2838629433982], "z": [173.30154984250524, 171.73266501144303, 166.9543466952452, 176.74472114083275], "x_average": 170.33193042833915, "y_average": 163.8897015754516, "z_average": 172.18332067250654, "xy_average": 167.1108160018954, "average": 168.8016508920991}, "angle_MXM": {"x": [153.98109289477554, 158.81157205659818, 139.3502395128388, 153.88382221644397], "y": [160.0103563710258, 130.272585767324, 141.78922896434204, 162.65131101066964], "z": [], "x_average": 151.5066816701641, "y_average": 148.68087052834036, "z_average": NaN, "xy_average": 150.09377609925224, "average": 150.09377609925224}}