{"n_layer": 1, "d_interlayer": 10.828492009271546, "bond": {"x": [3.175956864613628, 3.225598426819893, 3.1058308197037463, 3.2091528372518185, 3.199776205468232, 3.2364102213939803, 3.1095459499695433, 3.234490085328172], "y": [3.2656369577156488, 3.1604231318800347, 3.2514341708847048, 3.140315983629377, 3.1556140533786494, 3.1342725363085546, 3.1211394672604387, 3.1569501103898405], "z": [3.3482755649212597, 3.1596609864989142, 3.3180729275696255, 3.226793537496573, 3.3268470869824993, 3.1628686361561877, 3.1094822971895746, 3.3881557195209124], "x_average": 3.1870951763186266, "y_average": 3.173223301430906, "z_average": 3.2550195945419436, "xy_average": 3.1801592388747664, "average": 3.205112690763825}, "angle_XMX": {"x": [174.62730121294976, 175.71806354543725, 170.07404268251497, 166.10376590357967], "y": [171.49465028489487, 169.36809358001688, 164.52796222004, 169.54145642813478], "z": [167.35578702414952, 172.27946731271894, 174.51649500811072, 174.74842905401968], "x_average": 171.6307933361204, "y_average": 168.73304062827162, "z_average": 172.2250445997497, "xy_average": 170.18191698219601, "average": 170.8629595213806}, "angle_MXM": {"x": [136.04850090402957, 153.52845345018386, 150.6990499590142, 145.2239240165909], "y": [132.83763399295708, 148.00822571369156, 158.99178530249378, 139.19464901390882], "z": [], "x_average": 146.3749820824546, "y_average": 144.7580735057628, "z_average": NaN, "xy_average": 145.5665277941087, "average": 145.5665277941087}}