{"n_layer": 1, "d_interlayer": 12.32511676873671, "bond": {"x": [3.2591664418712307, 3.1710251620502543, 3.2578082609265384, 3.1524644746120067, 3.3723139017572983, 3.215545757651386, 3.401251601591216, 3.222503514026821], "y": [3.1675411415213732, 3.2242239173732306, 3.2364137720268946, 3.259835183605394, 3.242964390816058, 3.1482904903686975, 3.319641968460564, 3.238888445077607], "z": [3.170400702261614, 3.2507501936823564, 3.254406341233768, 3.2466070692653313, 3.258520513930083, 3.22961873994701, 3.18390882543729, 3.1903085691719117], "x_average": 3.256509889310844, "y_average": 3.229724913656227, "z_average": 3.2230651193661704, "xy_average": 3.2431174014835356, "average": 3.2364333074444143}, "angle_XMX": {"x": [173.0510015308219, 178.1249862887443, 168.65511113921244, 178.10551279955612], "y": [171.65635253584745, 169.270680187578, 171.18229658355236, 174.1116548601469], "z": [177.23261811704128, 176.40907622373717, 177.3322806510996, 174.7871489772071], "x_average": 174.48415293958368, "y_average": 171.55524604178117, "z_average": 176.4402809922713, "xy_average": 173.01969949068243, "average": 174.15989332454538}, "angle_MXM": {"x": [146.7063356981623, 145.5337954001354, 148.7034968805179, 146.11915916149852], "y": [150.11595601112077, 142.71881050703232, 136.7980529823768, 151.4363427932594], "z": [], "x_average": 146.76569678507852, "y_average": 145.26729057344733, "z_average": NaN, "xy_average": 146.01649367926294, "average": 146.01649367926294}}