{"n_layer": 1, "d_interlayer": 14.435259701398419, "bond": {"x": [3.269037279841897, 3.095390083608252, 3.2314758093783444, 3.1212487991413904, 3.19665066071666, 3.1799619074519767, 3.3985256629139884, 3.0870560378169927], "y": [3.096362351053579, 3.1904363168415957, 3.2129777805159083, 3.154307031849786, 3.156322126666467, 3.258320721480345, 3.2538023906713764, 3.240806296299085], "z": [3.3231632621174954, 3.153302922481865, 3.187863125531754, 3.270723497355557, 3.2629663196837777, 3.230396179102842, 3.1395539229264227, 3.2217563310895825], "x_average": 3.1974182801086877, "y_average": 3.195416876922268, "z_average": 3.223715695036162, "xy_average": 3.1964175785154776, "average": 3.2055169506890393}, "angle_XMX": {"x": [174.4051456909157, 166.31965198166273, 170.25099182629063, 155.91250314253355], "y": [163.96035677561014, 161.38141695706994, 165.64876749396984, 160.6174336271597], "z": [174.98751712467052, 164.9981559703559, 169.41744326057938, 173.14019608993377], "x_average": 166.72207316035065, "y_average": 162.90199371345238, "z_average": 170.63582811138488, "xy_average": 164.81203343690152, "average": 166.75329832839597}, "angle_MXM": {"x": [164.7066105217048, 149.43187709421218, 159.31900177409892, 170.78108246231506], "y": [169.97087317468274, 156.15291199831665, 148.26013784652517, 154.13862242950015], "z": [], "x_average": 161.05964296308275, "y_average": 157.13063636225618, "z_average": NaN, "xy_average": 159.09513966266945, "average": 159.09513966266945}}