{"n_layer": 1, "d_interlayer": 10.400526662676075, "bond": {"x": [3.1278215290394016, 3.2014832267602693, 3.1439573123062647, 3.1409201549838843, 3.1612890810706635, 3.2456761976684767, 3.1022735365630347, 3.165668495171936], "y": [3.241320955424419, 3.1729294924533127, 3.2445102821393674, 3.1562239668191605, 3.1553526323999304, 3.123381921341563, 3.1894326026814714, 3.0818296125355475], "z": [3.2097350104788505, 3.232116333795412, 3.263765594389467, 3.2219908109137583, 3.2500495622157364, 3.2204445894652047, 3.2282373019903887, 3.3017170691486064], "x_average": 3.1611361916954914, "y_average": 3.1706226832243467, "z_average": 3.241007034049678, "xy_average": 3.1658794374599193, "average": 3.190921969656505}, "angle_XMX": {"x": [167.16512966083098, 163.13719304185832, 163.84608389263354, 167.77314648530455], "y": [168.32668111945554, 167.8041006873727, 162.1145035001891, 172.1972284802567], "z": [173.42887887986905, 170.3901841487, 169.817271364765, 170.45619003703086], "x_average": 165.48038827015685, "y_average": 167.61062844681854, "z_average": 171.02313110759124, "xy_average": 166.54550835848767, "average": 168.03804927485552}, "angle_MXM": {"x": [143.54377567076978, 165.775177883149, 156.702621539208, 148.1889529748116], "y": [151.86212912344016, 145.5789751589621, 161.28886414001045, 157.5900764597049], "z": [], "x_average": 153.5526320169846, "y_average": 154.0800112205294, "z_average": NaN, "xy_average": 153.816321618757, "average": 153.816321618757}}