{"n_layer": 1, "d_interlayer": 11.767293422919568, "bond": {"x": [3.2247795594575037, 3.1053732603737836, 3.1619063141487307, 3.1101443769365726, 3.22537280229906, 3.1378788256255286, 3.2865219768826943, 3.0939907668304354], "y": [3.09714854400827, 3.1599020027163096, 3.0720507861799207, 3.2659851982148584, 3.1385547655761497, 3.166463775296021, 3.190919939556119, 3.1678192978004307], "z": [3.300435727611083, 3.1825745411462023, 3.1674967430847447, 3.324289849146551, 3.198943864269081, 3.248033031022852, 3.258144334181447, 3.1599371229582305], "x_average": 3.1682459853192886, "y_average": 3.1573555386685097, "z_average": 3.229981901677524, "xy_average": 3.1628007619938994, "average": 3.185194475221774}, "angle_XMX": {"x": [169.33476183500642, 163.12735896906293, 172.22522390248426, 159.54903683507874], "y": [162.1353527573201, 168.7333388497854, 161.98285914795272, 165.25578776303362], "z": [172.3206940486616, 166.14485914803137, 175.03321387968134, 170.21738831375418], "x_average": 166.05909538540809, "y_average": 164.52683462952297, "z_average": 170.92903884753215, "xy_average": 165.2929650074655, "average": 167.1716562874877}, "angle_MXM": {"x": [160.4542731130154, 147.69288646187283, 148.1163150923259, 163.57339716244238], "y": [164.7863158053093, 147.16318932727617, 140.73627835169054, 169.79335521723638], "z": [], "x_average": 154.95921795741413, "y_average": 155.6197846753781, "z_average": NaN, "xy_average": 155.28950131639613, "average": 155.28950131639613}}