{"n_layer": 1, "d_interlayer": 9.699051042481834, "bond": {"x": [3.1360629231208197, 3.7054597021574827, 3.2939544028607326, 3.264405671222639, 3.2016864757599404, 3.412731447421384, 3.200721247103457, 3.302378592514583], "y": [3.1349031239529532, 3.537914085356204, 3.1666994438023712, 3.364765415518512, 3.2269667775023643, 3.219366820919257, 3.231682930638922, 3.1921267772064383], "z": [3.165487528106576, 3.1839507083317633, 3.1243761364595044, 3.2850675801186773, 3.175518242830523, 3.2676034852271534, 3.4212800502250196, 3.054216918100703], "x_average": 3.3146750577701294, "y_average": 3.2593031718621277, "z_average": 3.2096875811749896, "xy_average": 3.286989114816129, "average": 3.261221936935749}, "angle_XMX": {"x": [168.20505719770642, 168.16335358160487, 171.45005164027683, 178.5036881629292], "y": [170.8796738018073, 164.35406688667206, 163.43889379723865, 167.8386646199125], "z": [155.45867789881214, 172.74377650269682, 160.54516068335155, 174.6367980016833], "x_average": 171.5805376456293, "y_average": 166.6278247764076, "z_average": 165.84610327163597, "xy_average": 169.10418121101844, "average": 168.01815523122426}, "angle_MXM": {"x": [149.5854008622525, 155.27945318555916, 141.1745907201166, 160.97458737056456], "y": [148.61451226110677, 134.42448024743962, 149.26545372101654, 152.87035245852482], "z": [], "x_average": 151.75350803462322, "y_average": 146.29369967202194, "z_average": NaN, "xy_average": 149.02360385332258, "average": 149.02360385332258}}