{"n_layer": 1, "d_interlayer": 10.763312479733408, "bond": {"x": [3.4804102938023807, 3.208486915762109, 3.2877822327503172, 3.263422852801897, 3.3821759404675453, 3.1845763054271417, 3.3657461518091254, 3.144184849841884], "y": [3.3040334840196115, 3.233908008676884, 3.225779189475067, 3.2673767181397553, 3.245382847748747, 3.2074073978505626, 3.1928583371089014, 3.233633275949543], "z": [3.124972473375276, 3.2735658768168774, 3.2613324570944546, 3.193888039715345, 3.25686486966054, 3.180395929628042, 3.23701369751391, 3.204934619109277], "x_average": 3.2895981928328, "y_average": 3.238797407371134, "z_average": 3.216620995364215, "xy_average": 3.264197800101967, "average": 3.248338865189383}, "angle_XMX": {"x": [172.59432143326015, 165.9789562325743, 174.4563939286324, 171.8615243852443], "y": [161.1103845379114, 170.5126992429904, 173.30703979874548, 167.36280904638227], "z": [173.67343950183465, 170.80854738063243, 170.94256836950964, 170.14871196468096], "x_average": 171.2227989949278, "y_average": 168.07323315650737, "z_average": 171.3933168041644, "xy_average": 169.64801607571758, "average": 170.22978298519988}, "angle_MXM": {"x": [144.00739519693238, 165.93618292956134, 153.7268031940984, 149.6159163107747], "y": [138.5633691307555, 164.88598415484563, 159.11812318386077, 151.23791373865504], "z": [], "x_average": 153.3215744078417, "y_average": 153.45134755202923, "z_average": NaN, "xy_average": 153.38646097993546, "average": 153.38646097993546}}