{"n_layer": 1, "d_interlayer": 9.390600704920509, "bond": {"x": [3.194581007614892, 3.1759523704903763, 3.1441804066624353, 3.152355925442024, 3.189243782712492, 3.2137802808463682, 3.14942388700349, 3.197287799592562], "y": [3.128088322008526, 3.235604172158953, 3.1842287893488135, 3.2340705097303677, 3.1743292955739717, 3.222227610704786, 3.159697138060936, 3.264516764568747], "z": [3.2377661997552356, 3.1576313268540694, 3.1972771715464674, 3.20996878293294, 3.2703329972453243, 3.161666206397647, 3.128063278664886, 3.2958481045076056], "x_average": 3.17710068254558, "y_average": 3.200345325269388, "z_average": 3.2073192584880217, "xy_average": 3.1887230039074836, "average": 3.1949217554343297}, "angle_XMX": {"x": [167.76940386762237, 161.7207458899053, 157.34995269331836, 158.5470503676737], "y": [170.85276542572154, 166.18041270802775, 168.77687765532272, 163.6736152488005], "z": [174.91214461721322, 167.1852944821433, 168.7940133906028, 165.58967852389708], "x_average": 161.34678820462995, "y_average": 167.3709177594681, "z_average": 169.1202827534641, "xy_average": 164.35885298204903, "average": 165.94599623918737}, "angle_MXM": {"x": [163.81143304654003, 146.47066676710864, 139.0356708292008, 159.31152502090862], "y": [170.7238627461368, 176.39815179034076, 159.00342766488757, 172.33372887416252], "z": [], "x_average": 152.15732391593951, "y_average": 169.6147927688819, "z_average": NaN, "xy_average": 160.8860583424107, "average": 160.8860583424107}}