{"n_layer": 1, "d_interlayer": 10.476592775506523, "bond": {"x": [3.2108234063794874, 3.110074473204122, 3.2259429196827853, 3.166800856761738, 3.211707515652554, 3.0950429842380025, 3.225186149303454, 3.1288019009025416], "y": [3.128574397620446, 3.083965457426586, 3.095935502388266, 3.1286707252021193, 3.1481134207868937, 3.208675608995466, 3.1726766880139543, 3.2117374106870593], "z": [3.1667351288459726, 3.305835510334555, 3.243072899295884, 3.248973529845109, 3.2564869733311452, 3.2297406466023832, 3.3156389529148744, 3.1594169253094955], "x_average": 3.1717975257655855, "y_average": 3.1472936513900986, "z_average": 3.2407375708099275, "xy_average": 3.159545588577842, "average": 3.1866095826552043}, "angle_XMX": {"x": [173.2693813638034, 166.40651448169126, 172.66679726915774, 167.78600191754245], "y": [161.165826799521, 161.36578779611906, 162.47547820135262, 167.40603445977015], "z": [177.2452272711265, 173.74890055543108, 169.37992884289264, 171.28027327820666], "x_average": 170.0321737580487, "y_average": 163.1032818141907, "z_average": 172.91358248691424, "xy_average": 166.56772778611972, "average": 168.68301268638456}, "angle_MXM": {"x": [161.31104305264793, 146.28716274759438, 162.56620953711845, 171.8460169674362], "y": [172.18612884389918, 149.91491453520183, 135.81622114826695, 163.81847882937504], "z": [], "x_average": 160.50260807619924, "y_average": 155.43393583918575, "z_average": NaN, "xy_average": 157.96827195769248, "average": 157.96827195769248}}