{"n_layer": 1, "d_interlayer": 13.284835942731421, "bond": {"x": [4.168233143510828, 3.179138062031326, 3.3866805735330594, 3.186580524505957, 3.3767969019743607, 3.0914277679744364, 3.7998840517113903, 3.085190052114361], "y": [3.9099753170287066, 3.156388539719561, 3.3758725967430485, 3.069344854936426, 3.412952526687767, 3.3765415009625643, 3.1205639818270177, 3.5029267012576337], "z": [3.106450662280311, 3.158236047626944, 3.3876299764344493, 3.2781573942351008, 3.3519774195434637, 3.2303064906909142, 3.0090710904265285, 3.3835262396640866], "x_average": 3.409241384669465, "y_average": 3.3655707523953406, "z_average": 3.2381694151127247, "xy_average": 3.387406068532403, "average": 3.3376605173925102}, "angle_XMX": {"x": [162.66523628059676, 177.42158256411926, 165.94437045978623, 158.6949607955139], "y": [175.00948969777698, 173.17234313138985, 168.22419524808467, 161.6884521113214], "z": [145.5999305938104, 161.01308328201716, 149.8396246414624, 162.01520797309038], "x_average": 166.18153752500405, "y_average": 169.52362004714325, "z_average": 154.61696162259508, "xy_average": 167.85257878607365, "average": 163.44070639824744}, "angle_MXM": {"x": [123.2244650994814, 152.63570065046406, 152.8675574561153, 139.71867699572243], "y": [139.81192921679448, 141.769525560534, 142.9335084231633, 145.86798140509848], "z": [], "x_average": 142.11160005044582, "y_average": 142.59573615139755, "z_average": NaN, "xy_average": 142.35366810092168, "average": 142.35366810092168}}