{"n_layer": 1, "d_interlayer": 8.81420817076283, "bond": {"x": [3.215365654054616, 3.185588722432445, 3.200840461000416, 3.1791562038816936, 3.2078310379671158, 3.195172729761631, 3.3528905247445646, 3.1909654100619806], "y": [3.180376953978319, 3.1494030971521294, 3.1985503550670136, 3.218556477176894, 3.3428862694335564, 3.176033999969483, 3.3549032117898574, 3.1442724304293392], "z": [3.180524234961998, 3.2424932703316793, 3.118980384117463, 3.2281165934599194, 3.1820277721417365, 3.1473674888108096, 3.2384204105574046, 3.094966458158443], "x_average": 3.215976342988058, "y_average": 3.220622849374574, "z_average": 3.1791120765674314, "xy_average": 3.218299596181316, "average": 3.2052370896433544}, "angle_XMX": {"x": [173.09617600054744, 166.9036755853952, 172.91668482966253, 162.6369681151469], "y": [173.07102658805775, 175.0217101383535, 162.28520896171807, 166.06419039223778], "z": [165.4941595552069, 163.38899770078854, 169.79966480652052, 161.2273643059367], "x_average": 168.88837613268802, "y_average": 169.1105340200918, "z_average": 164.97754659211319, "xy_average": 168.9994550763899, "average": 167.6588189149643}, "angle_MXM": {"x": [161.51385063567275, 153.07328656843535, 164.0825658809486, 172.2466001881479], "y": [166.22144841912663, 157.82466262862357, 151.4344312513187, 156.49675997950126], "z": [], "x_average": 162.72907581830117, "y_average": 157.99432556964254, "z_average": NaN, "xy_average": 160.36170069397184, "average": 160.36170069397184}}