{"n_layer": 1, "d_interlayer": 13.39215545706014, "bond": {"x": [3.243395281329235, 3.1660740181381914, 3.193873597500558, 3.128401235154038, 3.2647330839200452, 3.148518968686407, 3.2103599908464164, 3.1373416628235886], "y": [3.186288561019844, 3.2169354482901236, 3.150831759156248, 3.269817537459485, 3.1497014654848363, 3.147376338942763, 3.120318137921699, 3.1747777588051544], "z": [3.2506870507898378, 3.1583304688990954, 3.2347582028546458, 3.2102589647772772, 3.2118340880690455, 3.2534040291780646, 3.139039500749352, 3.3422699586438087], "x_average": 3.1865872297998097, "y_average": 3.1770058758850195, "z_average": 3.2250727829951407, "xy_average": 3.181796552842415, "average": 3.1962219628933233}, "angle_XMX": {"x": [174.5707078642347, 165.98881747257892, 172.13626248833478, 173.71664573025618], "y": [172.66055194666362, 171.86656888980283, 165.84091995317425, 163.65989783074883], "z": [178.02568618923658, 172.02376869755741, 170.97873639791743, 175.58234231958866], "x_average": 171.60310838885113, "y_average": 168.50698465509737, "z_average": 174.15263340107504, "xy_average": 170.05504652197425, "average": 171.42090881500783}, "angle_MXM": {"x": [152.6800537940409, 165.5630727560371, 146.99212654263965, 148.4402964087777], "y": [145.39839388088598, 156.80950249178835, 175.70577686366482, 152.33768267484098], "z": [], "x_average": 153.41888737537383, "y_average": 157.56283897779502, "z_average": NaN, "xy_average": 155.49086317658444, "average": 155.49086317658444}}