{"n_layer": 1, "d_interlayer": 12.036134516095444, "bond": {"x": [3.319523423243265, 3.2510826580734786, 3.1818144166171565, 3.3537313999838583, 3.536756766503371, 3.123563118259583, 3.174871446689697, 3.6250039076164717], "y": [3.21030857270659, 3.2131726918372405, 3.1521596477705107, 3.4078272866426462, 3.1356671936887475, 3.324632709635111, 3.1748749885020917, 3.5081217585555726], "z": [3.3018600648426104, 3.0976104734569714, 3.1849753642474026, 3.283697215706243, 3.2038516450972874, 3.2740154938603943, 3.120065946228514, 3.220417333121454], "x_average": 3.32079339212336, "y_average": 3.265845606167314, "z_average": 3.2108116920701093, "xy_average": 3.293319499145337, "average": 3.265816896786928}, "angle_XMX": {"x": [159.83631984650114, 163.59547667832132, 169.34423613238238, 169.20121489472993], "y": [167.36889566772177, 164.27966145289895, 171.99965629815435, 168.30064363749418], "z": [175.03271841102173, 161.6737791505425, 166.6051219422782, 158.27818868338682], "x_average": 165.49431188798368, "y_average": 167.98721426406732, "z_average": 165.3974520468073, "xy_average": 166.7407630760255, "average": 166.29299273295277}, "angle_MXM": {"x": [158.32349947738047, 131.7531623565352, 137.04601455185602, 158.45124908883892], "y": [148.11914587453828, 147.8855297686417, 132.87134119482084, 151.23013681658722], "z": [], "x_average": 146.39348136865266, "y_average": 145.02653841364702, "z_average": NaN, "xy_average": 145.71000989114984, "average": 145.71000989114984}}