{"n_layer": 1, "d_interlayer": 13.54556481807869, "bond": {"x": [3.191594718543765, 3.241139357748628, 3.170838608476926, 3.1505294655674785, 3.186988833416828, 3.226757494621101, 3.134804789206028, 3.1803655132200936], "y": [3.181565315586048, 3.1854594162870358, 3.223601804614212, 3.17343100378197, 3.161423600132511, 3.133646110979002, 3.1700741543826414, 3.135321332231971], "z": [3.212361637236646, 3.3947931132462545, 3.2999554965549422, 3.1957994341370357, 3.2869848001156634, 3.2169050981413707, 3.2131709959753474, 3.2361340693003617], "x_average": 3.185377347600106, "y_average": 3.170565342249424, "z_average": 3.257013080588453, "xy_average": 3.177971344924765, "average": 3.2043185901459936}, "angle_XMX": {"x": [174.15497294318416, 167.18396154870968, 174.99897954296932, 168.74781735230897], "y": [173.34838426450054, 169.20810803097402, 172.61078803533164, 168.17378070147046], "z": [168.64042630985207, 171.12915303102812, 171.85455802954, 170.95140658768184], "x_average": 171.27143284679303, "y_average": 170.83526525806917, "z_average": 170.64388598952553, "xy_average": 171.0533490524311, "average": 170.9168613647959}, "angle_MXM": {"x": [148.6647254955489, 144.63832469075686, 138.32503513518185, 158.87334845650886], "y": [151.2876929949063, 135.46646217390227, 143.0802552564837, 154.24538845720275], "z": [], "x_average": 147.6253584444991, "y_average": 146.01994972062374, "z_average": NaN, "xy_average": 146.82265408256143, "average": 146.82265408256143}}