{"n_layer": 1, "d_interlayer": 14.301398783144808, "bond": {"x": [3.233134244567223, 3.1806704158974686, 3.1631643399400833, 3.2208600582874367, 3.220897541480336, 3.1644988130172926, 3.1797991436301807, 3.230650635492125], "y": [3.2646607709917914, 3.144141096862737, 3.206157374975863, 3.169611027859794, 3.1694872269102614, 3.204396202992982, 3.1430269798970873, 3.2635080745418854], "z": [3.124467476293993, 3.257539856669996, 3.1379754709829015, 3.2321275970287164, 3.2330043885242934, 3.138655712342778, 3.2596456956203963, 3.1250142786817956], "x_average": 3.1992093990390185, "y_average": 3.1956235943790503, "z_average": 3.1885538095181087, "xy_average": 3.1974164967090344, "average": 3.1944622676453918}, "angle_XMX": {"x": [167.85997107035033, 171.3801794305738, 171.3469722904927, 167.91552592785388], "y": [167.7335167888518, 175.284772049494, 175.44380567171763, 167.69341935638184], "z": [171.05631505842604, 168.01221433595092, 168.028059988577, 170.96657673950827], "x_average": 169.62566217981768, "y_average": 171.53887846661132, "z_average": 169.51579153061556, "xy_average": 170.5822703232145, "average": 170.22677739234817}, "angle_MXM": {"x": [148.04609135737303, 148.07811536861053, 144.23698885150245, 144.4512542364496], "y": [145.47627673412273, 145.22445126860666, 145.7538789307113, 145.17108488763648], "z": [], "x_average": 146.2031124534839, "y_average": 145.4064229552693, "z_average": NaN, "xy_average": 145.80476770437662, "average": 145.80476770437662}}