{"n_layer": 1, "d_interlayer": 11.3609744263184, "bond": {"x": [3.2481612590381728, 3.1133793581484155, 3.1579908322720707, 3.1691540738232216, 3.1777969130726245, 3.1314048745289114, 3.2436023864417267, 3.1276772839315714], "y": [3.1380442207668704, 3.1780105756880848, 3.0821848186192526, 3.2652458172920773, 3.130692953886149, 3.2440088227314097, 3.169620331149387, 3.186317140020221], "z": [3.135695609394836, 3.2937060565555285, 3.2251858810752387, 3.2355755299811975, 3.240515817728705, 3.139681020384377, 3.2595836855773466, 3.182733574726691], "x_average": 3.171145872657089, "y_average": 3.1742655850191817, "z_average": 3.21408464692799, "xy_average": 3.1727057288381353, "average": 3.1864987015347537}, "angle_XMX": {"x": [169.17773306773034, 164.40725769496368, 174.4543082212982, 161.85038624912448], "y": [161.65423242632713, 162.63005313561507, 167.60031216410363, 168.29035423302597], "z": [169.70173188316218, 167.5927053321413, 172.9976303548179, 170.65453677871056], "x_average": 167.4724213082792, "y_average": 165.04373798976795, "z_average": 170.23665108720797, "xy_average": 166.25807964902356, "average": 167.58427012841835}, "angle_MXM": {"x": [160.05595257728513, 142.54722971255478, 145.78415675114064, 163.00014883830139], "y": [161.99635210768793, 144.99706093421045, 140.68622700043227, 163.11338528913726], "z": [], "x_average": 152.84687196982048, "y_average": 152.69825633286698, "z_average": NaN, "xy_average": 152.77256415134372, "average": 152.77256415134372}}