{"n_layer": 1, "d_interlayer": 14.015943190110955, "bond": {"x": [3.195761450735938, 3.2353390294235913, 3.3012886714582597, 3.0893434736373164, 3.2231925282033353, 3.184432693437106, 3.2302914506691827, 3.1225364514184615], "y": [3.193943449279979, 3.354084405711425, 3.143971927880346, 3.2965853673456085, 3.15547466299987, 3.2487695109750105, 3.1669425498757424, 3.158759439868972], "z": [3.191998825260983, 3.2246964612639046, 3.2602331831826605, 3.2968301875195793, 3.217749060771567, 3.3319458309447327, 3.3105799155808313, 3.119886556212539], "x_average": 3.197773218622899, "y_average": 3.214816414242119, "z_average": 3.2442400025920994, "xy_average": 3.206294816432509, "average": 3.2189432118190395}, "angle_XMX": {"x": [164.67095852330687, 165.51973103488152, 157.31655171021043, 164.0584704098479], "y": [165.40219191168674, 158.8745649160503, 161.8514756651262, 165.33906856425273], "z": [175.27147763298248, 162.80421255820642, 165.34970066059333, 177.52977369459973], "x_average": 162.8914279195617, "y_average": 162.866825264279, "z_average": 170.23879113659547, "xy_average": 162.87912659192034, "average": 165.33234810681205}, "angle_MXM": {"x": [178.53791406679184, 153.13652496287983, 140.85508117086752, 164.02812518821244], "y": [170.09563493437415, 135.47934618269775, 154.56328913557323, 161.0722203151875], "z": [], "x_average": 159.13941134718792, "y_average": 155.30262264195818, "z_average": NaN, "xy_average": 157.22101699457306, "average": 157.22101699457306}}