{"n_layer": 1, "d_interlayer": 12.030091120172733, "bond": {"x": [3.15521240386015, 3.3591197389523857, 3.1176574049697856, 3.2594670991651835, 3.101202578219357, 3.353826771393896, 3.078412613549244, 3.1937228095172876], "y": [3.1570742808029033, 3.157042197547715, 3.1669925960867147, 3.1184090293383155, 3.1036987823342166, 3.1721053659839678, 3.161335718546409, 3.108152333077734], "z": [3.2770673241839945, 3.129220807612576, 3.186085258294425, 3.31085198314913, 3.208519633193131, 3.2853197221878356, 3.2421974663112016, 3.2531264991246323], "x_average": 3.202327677453411, "y_average": 3.143101287964747, "z_average": 3.2365485867571158, "xy_average": 3.172714482709079, "average": 3.193992517391758}, "angle_XMX": {"x": [173.8123743981614, 176.16553441841037, 170.77345247429903, 172.56564071286735], "y": [164.5356605323683, 157.42938321805534, 176.2276146007911, 168.0234431349579], "z": [165.39135676706732, 166.40771733767343, 168.87349797775187, 176.62502417261092], "x_average": 173.32925050093453, "y_average": 166.55402537154316, "z_average": 169.32439906377587, "xy_average": 169.94163793623886, "average": 169.73589164541787}, "angle_MXM": {"x": [162.3993532775922, 174.18011078520368, 147.5875906510098, 175.0747174971057], "y": [161.1523659195325, 159.7022652905576, 169.51630156509887, 159.52651152355196], "z": [], "x_average": 164.81044305272783, "y_average": 162.47436107468525, "z_average": NaN, "xy_average": 163.64240206370653, "average": 163.64240206370653}}