{"n_layer": 1, "d_interlayer": 11.26702333204527, "bond": {"x": [3.166623658666569, 3.3731889393238452, 3.22630449055347, 3.2986668771957786, 3.1342507616676634, 3.303016379424973, 3.211401491900319, 3.2376780969861487], "y": [3.208088753755024, 3.2479469356383817, 3.1659936585133868, 3.220742847096671, 3.2429391967607537, 3.1917672098765055, 3.206698489734245, 3.176369602485751], "z": [3.1815472418606885, 3.212804279867937, 3.2275772374674907, 3.2010610434288655, 3.2172230106802595, 3.159687633251123, 3.1456560221420613, 3.2459938686094962], "x_average": 3.243891336964846, "y_average": 3.2075683367325896, "z_average": 3.1989437921634902, "xy_average": 3.2257298368487177, "average": 3.216801155286975}, "angle_XMX": {"x": [177.36165204625823, 173.74430119109158, 175.05892017601337, 169.81782621930896], "y": [174.3583632114323, 165.34860304317775, 173.5055838513119, 166.0213131644893], "z": [169.33972621508494, 170.6927546451892, 174.15867887888606, 174.50959815998374], "x_average": 173.99567490816804, "y_average": 169.80846581760284, "z_average": 172.17518947478598, "xy_average": 171.9020703628854, "average": 171.99311006685227}, "angle_MXM": {"x": [147.13232051851386, 150.72194443964455, 151.39049177725175, 150.11024731639534], "y": [140.97167207513732, 158.10532342588488, 155.4630871833848, 145.9400995172048], "z": [], "x_average": 149.83875101295138, "y_average": 150.12004555040295, "z_average": NaN, "xy_average": 149.97939828167716, "average": 149.97939828167716}}