{"n_layer": 1, "d_interlayer": 8.503125426467918, "bond": {"x": [3.3795875267381073, 3.178106722990433, 3.2330763815221575, 3.151476585592858, 3.3010299866249113, 3.111217762481184, 3.1900556642243463, 3.0866773881271956], "y": [3.232632218712988, 3.11972508239426, 3.146706123960874, 3.18121009346743, 3.128997404900655, 3.170818115079908, 3.083009089403911, 3.1637298119919848], "z": [3.0359755580181917, 3.5106091098055856, 3.4399238842858746, 3.114011047867238, 3.4185800366882546, 3.117190552876749, 3.182381452736908, 3.3891572038547184], "x_average": 3.203903502287649, "y_average": 3.153353492489001, "z_average": 3.27597860576669, "xy_average": 3.1786284973883254, "average": 3.211078533514447}, "angle_XMX": {"x": [161.78246889254387, 170.05030365249698, 160.9457936664257, 170.03540669287165], "y": [157.97977675046084, 159.18327770262266, 178.90434413826853, 174.5451759589457], "z": [160.62765557871913, 164.57734013682338, 172.45022193968413, 170.69799486109875], "x_average": 165.70349322608453, "y_average": 167.65314363757443, "z_average": 167.08830312908134, "xy_average": 166.6783184318295, "average": 166.8149799975801}, "angle_MXM": {"x": [142.60177844559794, 171.94281576312403, 170.1362118470299, 167.72223987177097], "y": [148.86363750870538, 168.2985380311954, 163.17602710401576, 164.3834419777897], "z": [], "x_average": 163.1007614818807, "y_average": 161.18041115542655, "z_average": NaN, "xy_average": 162.14058631865362, "average": 162.14058631865362}}