{"n_layer": 1, "d_interlayer": 9.43884066484862, "bond": {"x": [3.179096529754336, 3.523805532539583, 3.3725142843637297, 3.218702704241497, 3.1071308587435507, 3.3880864516493103, 3.324069840200547, 3.158996376776934], "y": [3.17524671075523, 3.644676620558579, 3.0992808208714573, 3.4140961467823012, 3.242692492827908, 3.4056050685614423, 3.2267772882529715, 3.221232068116991], "z": [3.1809359563681796, 3.1323524392352673, 3.3267829651419825, 3.1518516941171986, 3.286054388018228, 3.1524705374639437, 3.1544957333429835, 3.3810174369679196], "x_average": 3.2840503222836857, "y_average": 3.30370090209086, "z_average": 3.220745143831963, "xy_average": 3.293875612187273, "average": 3.2694987894021694}, "angle_XMX": {"x": [168.9318179955176, 175.54303910837538, 167.77363048017202, 175.97194459642398], "y": [177.08848302849688, 173.1530201749396, 175.80954676181236, 177.24372927983717], "z": [172.63657088581814, 175.52716083128567, 178.2101111086459, 175.00709847302093], "x_average": 172.05510804512227, "y_average": 175.82369481127148, "z_average": 175.34523532469268, "xy_average": 173.93940142819685, "average": 174.4080127270288}, "angle_MXM": {"x": [156.6325327525155, 145.46352439906065, 137.70427989549552, 153.2689167315563], "y": [143.03652668073644, 147.04194530792543, 151.84303785489817, 152.5890902344258], "z": [], "x_average": 148.267313444657, "y_average": 148.62765001949646, "z_average": NaN, "xy_average": 148.4474817320767, "average": 148.4474817320767}}