{"n_layer": 1, "d_interlayer": 10.163522709569694, "bond": {"x": [3.1784860230045546, 3.29020845988415, 3.2491561178238473, 3.2500963859788685, 3.132415369903383, 3.28278282563798, 3.2458725823069963, 3.1803829431723822], "y": [3.2320952857634984, 3.1831603078055313, 3.2020481398340777, 3.161490010464186, 3.2300573042949523, 3.2498831945337403, 3.217803888559154, 3.202992316674696], "z": [3.2512931137239933, 3.1145043761519027, 3.1925304947519506, 3.2152926550519125, 3.1911590968847072, 3.2135415113421706, 3.1150805527590864, 3.3202783428666516], "x_average": 3.22617508846402, "y_average": 3.2099413059912294, "z_average": 3.2017100179415467, "xy_average": 3.2180581972276245, "average": 3.2126088041322656}, "angle_XMX": {"x": [173.66457647595556, 175.8586964626241, 168.04635066311425, 174.30373868528267], "y": [169.7541366859352, 176.36741918599353, 175.60036016022116, 174.73765600440763], "z": [174.67071986485308, 168.82931716228168, 171.9047328021043, 176.52927422146416], "x_average": 172.96834057174414, "y_average": 174.1148930091394, "z_average": 172.98351101267582, "xy_average": 173.54161679044176, "average": 173.35558153118643}, "angle_MXM": {"x": [144.47919789492275, 148.49364796887107, 152.01238355029628, 143.7651704942417], "y": [152.10472252512483, 150.59047042151929, 149.80087643495145, 143.71578364162605], "z": [], "x_average": 147.18759997708295, "y_average": 149.05296325580542, "z_average": NaN, "xy_average": 148.12028161644417, "average": 148.12028161644417}}