{"n_layer": 1, "d_interlayer": 10.069655344178347, "bond": {"x": [3.253262421768001, 3.167442070365732, 3.5160026959837745, 3.1315877364036315, 3.262420845631625, 3.153531551544924, 3.314590499738796, 3.214080475254245], "y": [3.1670153423719487, 3.1882504747370803, 3.1793154549820843, 3.201906700169555, 3.149259816737953, 3.235077015300795, 3.1861720427348112, 3.341238875593463], "z": [3.2484994893143515, 3.126695130155395, 3.181706202651083, 3.1910505026165317, 3.1995289264624565, 3.1752253653678246, 3.118902989704286, 3.23649973424009], "x_average": 3.251614787086341, "y_average": 3.2060294653284616, "z_average": 3.1847635425640024, "xy_average": 3.2288221262074015, "average": 3.2141359316596017}, "angle_XMX": {"x": [170.0216943958004, 164.74985106011417, 174.1975966855407, 171.3800913312044], "y": [169.98209842997653, 166.426040942097, 173.18499583358374, 164.94742901399843], "z": [173.9014533923179, 170.96428588743714, 172.84967864368897, 168.01875359368475], "x_average": 170.0873083681649, "y_average": 168.6351410549139, "z_average": 171.43354287928221, "xy_average": 169.36122471153942, "average": 170.05199743412035}, "angle_MXM": {"x": [165.04708041366158, 148.0048061485681, 149.9871713824345, 143.6183830032532], "y": [167.83379052433065, 167.79478738710017, 155.5683699141157, 161.5744709631835], "z": [], "x_average": 151.66436023697935, "y_average": 163.1928546971825, "z_average": NaN, "xy_average": 157.42860746708092, "average": 157.42860746708092}}