{"n_layer": 1, "d_interlayer": 7.7544916022059915, "bond": {"x": [3.1993373152333073, 3.52414911076927, 3.6005546309973053, 3.041957797776349, 3.1597068750307056, 4.0718050225595155, 4.52033777436068, 3.129796360485676], "y": [3.0754141123518166, 3.640416331491544, 3.143109260782866, 3.9317283915285293, 3.8466063652899933, 3.069527346352696, 3.899812309991326, 3.07695476286578], "z": [3.243590950320143, 3.1455698714415536, 3.296797382731507, 3.0947363279975666, 3.27028416480719, 3.0967234347069788, 3.0540580632534917, 3.345415983734638], "x_average": 3.5309556109016014, "y_average": 3.460446110081819, "z_average": 3.1933970223741337, "xy_average": 3.49570086049171, "average": 3.394932914452518}, "angle_XMX": {"x": [179.70894967091985, 158.702027410647, 162.59085332814178, 158.4059929428017], "y": [168.0067511303695, 160.58654589742133, 160.9733065538673, 158.1714748907412], "z": [176.8096949482692, 152.39352646165622, 152.70032800373644, 130.57880188656202], "x_average": 164.8519558381276, "y_average": 161.93451961809984, "z_average": 153.12058782505596, "xy_average": 163.39323772811372, "average": 159.96902109376114}, "angle_MXM": {"x": [160.5621319346576, 163.66426937302543, 154.10982238552907, 139.86314226397357], "y": [146.95268360067337, 151.1151352100787, 158.9228175568861, 138.73628366967762], "z": [], "x_average": 154.54984148929643, "y_average": 148.93173000932896, "z_average": NaN, "xy_average": 151.7407857493127, "average": 151.7407857493127}}