{"n_layer": 1, "d_interlayer": 9.85555008490396, "bond": {"x": [3.2350406390839512, 3.125098266731125, 3.1808578209659553, 3.1023653098969333, 3.305850692372198, 3.0848697317900498, 3.1634623649167435, 3.14980382417994], "y": [3.088283635426011, 3.1484140291485443, 3.155709108040855, 3.0987308115129872, 3.1221370095576466, 3.138144533937845, 3.1185172446572555, 3.140647223487218], "z": [3.1737312735373875, 3.2543698350968437, 3.2423202327294645, 3.2245268425276117, 3.2194766289141112, 3.2460952357055946, 3.306840541483235, 3.210302690872353], "x_average": 3.168418581242112, "y_average": 3.126322949471045, "z_average": 3.2347079101083254, "xy_average": 3.1473707653565786, "average": 3.176483146940494}, "angle_XMX": {"x": [174.76211510927004, 173.28689671457246, 170.81968342306646, 171.51131324464055], "y": [162.174432203217, 167.97419150849706, 163.0420091194654, 172.2301140667886], "z": [173.82342128312857, 169.5681192208609, 163.10429383157563, 162.6472766289494], "x_average": 172.5950021228874, "y_average": 166.35518672449203, "z_average": 167.2857777411286, "xy_average": 169.4750944236897, "average": 168.74532219616933}, "angle_MXM": {"x": [156.00581807077984, 164.3093079221638, 159.03146208244806, 164.68574861106535], "y": [164.87077179504746, 167.7578045662131, 156.67629248103862, 175.4078215881126], "z": [], "x_average": 161.00808417161426, "y_average": 166.17817260760296, "z_average": NaN, "xy_average": 163.5931283896086, "average": 163.5931283896086}}