{"n_layer": 1, "d_interlayer": 10.067879151338373, "bond": {"x": [3.1502506644405415, 3.225629997313636, 3.1746672722070937, 3.313844942110787, 3.19149964183426, 3.2104772698814754, 3.152469188072238, 3.4427707643692522], "y": [3.1775608702576053, 3.152818285777289, 3.213602089754901, 3.1481761160697044, 3.319893107342662, 3.142850882234205, 3.3423695533269075, 3.171107545914403], "z": [3.2823317023996035, 3.1722168345766426, 3.2010741241767473, 3.193093924884403, 3.2810085823760393, 3.1577566406372806, 3.0883291261283037, 3.308166155388496], "x_average": 3.2327012175286605, "y_average": 3.20854730633471, "z_average": 3.2104971363209396, "xy_average": 3.220624261931685, "average": 3.21724855339477}, "angle_XMX": {"x": [171.58283126864416, 172.72160569677035, 169.51393849201352, 169.85462769385478], "y": [172.99775448353407, 173.41960298961712, 173.80518080662526, 168.14042261683008], "z": [170.00989788335548, 173.07195870729177, 168.5920928565223, 170.06237679261292], "x_average": 170.9182507878207, "y_average": 172.09074022415163, "z_average": 170.4340815599456, "xy_average": 171.50449550598617, "average": 171.147690857306}, "angle_MXM": {"x": [163.47334741832418, 143.0462361798067, 147.7985077047018, 146.48043869939698], "y": [158.7342265223417, 149.7197446198197, 138.60570187649822, 152.9882179342322], "z": [], "x_average": 150.1996325005574, "y_average": 150.01197273822297, "z_average": NaN, "xy_average": 150.10580261939018, "average": 150.10580261939018}}