{"n_layer": 1, "d_interlayer": 9.862666877407783, "bond": {"x": [3.3735126018926085, 3.244596933537346, 3.1392985662444417, 3.174498324391893, 3.3724357814783907, 3.169424747561604, 3.189806925914464, 3.1014721173354816], "y": [3.280803882028974, 3.1614455707279796, 3.220356840857536, 3.1359075978686866, 3.117555914900799, 3.1958650438307927, 3.1486661105783256, 3.164522169219785], "z": [3.3177111661712644, 3.0825567107735683, 3.2721707163081697, 3.196790866539998, 3.2680356873012424, 3.2029124857232154, 3.0647981962198187, 3.4268763431305773], "x_average": 3.2206307497945286, "y_average": 3.1781403912516097, "z_average": 3.228981521520982, "xy_average": 3.199385570523069, "average": 3.2092508875223733}, "angle_XMX": {"x": [176.88753467322698, 173.7536114551177, 175.44860561379267, 170.67057290457876], "y": [157.32768953949713, 164.98072021507755, 163.20041485602462, 172.7851469887309], "z": [176.12691427538996, 171.4682803647442, 173.42123834051765, 179.3249499447619], "x_average": 174.19008116167902, "y_average": 164.57349289983256, "z_average": 175.08534573135344, "xy_average": 169.3817870307558, "average": 171.28297326428833}, "angle_MXM": {"x": [148.3492271386359, 172.09864998501803, 141.99837863344044, 167.314911785189], "y": [146.98526887308176, 159.12450411305707, 168.95002053447342, 153.56951779708996], "z": [], "x_average": 157.44029188557084, "y_average": 157.15732782942555, "z_average": NaN, "xy_average": 157.2988098574982, "average": 157.2988098574982}}