{"n_layer": 1, "d_interlayer": 10.038839025834854, "bond": {"x": [3.353205178246332, 3.1918077446714843, 3.3258423499497005, 3.128424247336509, 3.328330316095531, 3.130165548357373, 3.256301577458061, 3.184613441120324], "y": [3.211058779297637, 3.25062350408818, 3.2289147184732236, 3.190609075309799, 3.238187618003382, 3.122794383190805, 3.149863751803881, 3.1910202804348824], "z": [3.120104417840049, 3.311928214569451, 3.2323738186570132, 3.2637565591898836, 3.2627751681095267, 3.2579715303643555, 3.3210871071650905, 3.1412254224077674], "x_average": 3.2373363004044147, "y_average": 3.197884013825224, "z_average": 3.2389027797878924, "xy_average": 3.217610157114819, "average": 3.224707698005844}, "angle_XMX": {"x": [174.102568304524, 173.06363988967016, 172.67616130984237, 169.15211027821914], "y": [176.03197418973318, 166.2694903593079, 178.37344159288463, 163.50011660651685], "z": [164.20493373146653, 169.07536167366413, 165.78717277461791, 175.1487785373414], "x_average": 172.24861994556392, "y_average": 171.04375568711063, "z_average": 168.5540616792725, "xy_average": 171.64618781633726, "average": 170.61547910398235}, "angle_MXM": {"x": [141.52806591186132, 150.89093193013636, 151.49216492016046, 149.41754765100075], "y": [151.37408536935413, 136.29537544627672, 141.203306384304, 158.47167664576563], "z": [], "x_average": 148.33217760328972, "y_average": 146.8361109614251, "z_average": NaN, "xy_average": 147.5841442823574, "average": 147.5841442823574}}