{"n_layer": 1, "d_interlayer": 9.961974557562687, "bond": {"x": [3.179999829356762, 3.2880589776306772, 3.1425583101996906, 3.2829195994263665, 3.176023275142638, 3.2581216878099144, 3.168608680837325, 3.211064614279791], "y": [3.2712178680363095, 3.1507074976772187, 3.1837655110986645, 3.1951448009922148, 3.240619919891566, 3.181662733739321, 3.2038306313270914, 3.2017329549930267], "z": [3.1946197686562146, 3.2200305078772984, 3.1987067894777588, 3.2806849951670145, 3.167703503396532, 3.2855462600391467, 3.397412180726797, 3.0802744333518617], "x_average": 3.2134193718353954, "y_average": 3.203585239719427, "z_average": 3.228122304836578, "xy_average": 3.208502305777411, "average": 3.2150423054638004}, "angle_XMX": {"x": [177.76497424811518, 172.06938933516372, 163.62214574589422, 176.13055083490164], "y": [165.44621950279426, 163.1080400384794, 168.6837647672313, 170.37040256183846], "z": [177.00204627019045, 168.91581393220986, 176.73620857409782, 178.58649051797371], "x_average": 172.39676504101868, "y_average": 166.90210671758587, "z_average": 175.310139823618, "xy_average": 169.64943587930227, "average": 171.53633719407415}, "angle_MXM": {"x": [150.86259532944885, 152.0580365299152, 144.15804893390293, 147.2085032462876], "y": [164.13955487598344, 138.9740704121423, 138.69972200040007, 159.3609336637797], "z": [], "x_average": 148.57179600988866, "y_average": 150.29357023807637, "z_average": NaN, "xy_average": 149.4326831239825, "average": 149.4326831239825}}