{"n_layer": 1, "d_interlayer": 13.726224891218374, "bond": {"x": [3.105486323201104, 3.1430066517787827, 3.1736529918770997, 3.13284807528008, 3.1533500099549885, 3.1672905105002753, 3.1651314088727514, 3.2386780260340298], "y": [3.2180584080949037, 3.1138643223822235, 3.3332953514944705, 3.159751729571497, 3.326888225564516, 3.022746298633065, 3.4465520036375983, 3.120970145871901], "z": [3.232001975079703, 3.3598032914839493, 3.225613215105537, 3.2105647529677355, 3.2605225228116836, 3.283435994876307, 3.327669648606314, 3.078966096367126], "x_average": 3.1599304996873894, "y_average": 3.217765810656272, "z_average": 3.247322187162294, "xy_average": 3.18884815517183, "average": 3.208339499168652}, "angle_XMX": {"x": [169.29879701564315, 155.93296395633047, 163.52547352069163, 155.7943811546569], "y": [169.95034009900658, 171.26641369275254, 177.519709891775, 161.40438033523972], "z": [177.1689507735334, 177.1395704863918, 166.67437136728867, 167.15297855928318], "x_average": 161.13790391183053, "y_average": 170.03521100469345, "z_average": 172.03396779662427, "xy_average": 165.586557458262, "average": 167.7356942377161}, "angle_MXM": {"x": [176.84870759323934, 149.18277813518108, 150.34349183683813, 161.5499589252652], "y": [164.18209238330448, 164.72589493422822, 155.72270254105445, 167.3270206196993], "z": [], "x_average": 159.48123412263092, "y_average": 162.98942761957161, "z_average": NaN, "xy_average": 161.23533087110127, "average": 161.23533087110127}}