{"n_layer": 1, "d_interlayer": 10.496452596867861, "bond": {"x": [3.5295050654419122, 3.0980322420849307, 3.280258020241431, 3.177633413527899, 3.266089312174503, 3.157906111285038, 3.366048819422422, 3.114931213212785], "y": [3.2639601303367693, 3.196936614305561, 3.2161732606005073, 3.171435909469466, 3.136653823025647, 3.2416178362982446, 3.193960157515899, 3.1668091456973544], "z": [3.093264357897933, 3.252168734177469, 3.198664131142173, 3.2669017230851165, 3.1804254034145996, 3.259245152124096, 3.3063162139601645, 3.099284893616986], "x_average": 3.2488005246738654, "y_average": 3.198443359656181, "z_average": 3.2070338261773172, "xy_average": 3.2236219421650234, "average": 3.2180925701691208}, "angle_XMX": {"x": [161.4639393532615, 172.97157457348, 169.53771490018264, 171.40014644914913], "y": [155.39425724004678, 169.0470580318324, 170.56361675791382, 168.2226381706115], "z": [171.76920743243227, 170.55280015912982, 168.0634062366894, 176.98726061130287], "x_average": 168.84334381901832, "y_average": 165.8068925501011, "z_average": 171.84316860988858, "xy_average": 167.32511818455973, "average": 168.83113499300268}, "angle_MXM": {"x": [158.11694096515157, 170.12262012251722, 172.8519692676919, 171.32062806663112], "y": [167.28618831930402, 156.17646742103287, 166.57344365156214, 165.20356275685023], "z": [], "x_average": 168.10303960549794, "y_average": 163.80991553718732, "z_average": NaN, "xy_average": 165.95647757134265, "average": 165.95647757134265}}