{"n_layer": 1, "d_interlayer": 14.325792344616982, "bond": {"x": [3.201626628771805, 3.1933942139864757, 3.3082587235691006, 3.1054824954086473, 3.248469369888937, 3.1289147156032593, 3.2317078564742348, 3.0754037108322954], "y": [3.128890095806473, 3.3227838615516587, 3.096255035117472, 3.249138966027031, 3.190615762873958, 3.201347644325065, 3.131014955664599, 3.181925310647774], "z": [3.185597908826825, 3.259432601813065, 3.2736649221125504, 3.249386963924307, 3.2183366634992328, 3.2890367053246377, 3.2886039332099815, 3.138269622664169], "x_average": 3.1866572143168446, "y_average": 3.1877464540017537, "z_average": 3.237791165171846, "xy_average": 3.187201834159299, "average": 3.2040649444968143}, "angle_XMX": {"x": [163.59055875229538, 165.8808810209245, 154.76484658210853, 165.17493517129034], "y": [158.05730547292225, 151.1494775156713, 161.0941550283205, 160.5811182836057], "z": [171.11347002306908, 163.55654646603136, 167.131404564874, 176.30077888899396], "x_average": 162.3528053816547, "y_average": 157.72051407512993, "z_average": 169.52554998574212, "xy_average": 160.0366597283923, "average": 163.1996231475089}, "angle_MXM": {"x": [164.25212534848802, 154.8663528708333, 154.03371652921317, 178.05719079153147], "y": [159.90877150793895, 145.51292414564287, 163.4708396638032, 149.70043681235492], "z": [], "x_average": 162.8023463850165, "y_average": 154.64824303243498, "z_average": NaN, "xy_average": 158.72529470872576, "average": 158.72529470872576}}