{"n_layer": 1, "d_interlayer": 12.593513309253444, "bond": {"x": [3.2353959394051675, 3.174564781034476, 3.146978934259716, 3.3115814021614978, 3.235840811860772, 3.251848326300046, 3.206894484337103, 3.347707727987875], "y": [3.20239480263028, 3.1737929400415217, 3.196509113666821, 3.231546304332456, 3.1393256219754346, 3.3092750719942443, 3.227093510808352, 3.3144450671149484], "z": [3.2778420761443994, 3.129319093127944, 3.17872718299696, 3.294323411266923, 3.2042843572039783, 3.265754228958965, 3.193590731317439, 3.2015436174536593], "x_average": 3.2388515509183318, "y_average": 3.224297804070507, "z_average": 3.2181730873087835, "xy_average": 3.2315746774944194, "average": 3.227107480765874}, "angle_XMX": {"x": [169.53941796116982, 172.17900998335085, 165.35183840773385, 170.36781028684825], "y": [167.17364947757662, 169.68589893337315, 170.17307218735704, 175.1620588579685], "z": [178.74617737948284, 177.3013642387808, 171.21028343961075, 173.4494580224472], "x_average": 169.3595191597757, "y_average": 170.5486698640688, "z_average": 175.17682077008038, "xy_average": 169.95409451192225, "average": 171.69500326464163}, "angle_MXM": {"x": [156.27472301358313, 136.71243156644314, 142.87159636902848, 152.6414631306194], "y": [147.6937905278169, 153.84533063489434, 149.80641486411986, 137.46929018518847], "z": [], "x_average": 147.12505351991854, "y_average": 147.2037065530049, "z_average": NaN, "xy_average": 147.16438003646172, "average": 147.16438003646172}}