{"n_layer": 1, "d_interlayer": 12.432536357223794, "bond": {"x": [3.363807838380468, 3.097282990995828, 3.290410955736824, 3.163289603695758, 3.361200425744831, 3.1113692269081907, 3.3286985746646747, 3.1561204094067343], "y": [3.164077177567794, 3.2390246344350833, 3.157190917472531, 3.1889516729521477, 3.2428473032402803, 3.122761702929298, 3.1866886145837148, 3.1372698035761473], "z": [3.266423947419264, 3.114798794840003, 3.209123068557222, 3.1921674724574025, 3.188913005898487, 3.236697224063973, 3.146863092070539, 3.3397061733919102], "x_average": 3.234022503191664, "y_average": 3.1798514783446246, "z_average": 3.21183659733735, "xy_average": 3.2069369907681438, "average": 3.2085701929578794}, "angle_XMX": {"x": [171.11543272816928, 168.85161598284512, 166.19525504212876, 172.5591206727583], "y": [162.48005781639884, 165.8021552677566, 160.82126591938126, 160.2165956175024], "z": [175.6503806275313, 176.75521964727798, 172.05507562666287, 173.99729244275082], "x_average": 169.68035610647536, "y_average": 162.33001865525978, "z_average": 174.61449208605572, "xy_average": 166.00518738086757, "average": 168.8749556159303}, "angle_MXM": {"x": [153.47970084879898, 158.63149479805935, 158.54987086043596, 148.15231091688628], "y": [145.19203022034006, 165.51831197344947, 170.7498238523655, 144.03799727854917], "z": [], "x_average": 154.70334435604514, "y_average": 156.37454083117603, "z_average": NaN, "xy_average": 155.53894259361059, "average": 155.53894259361059}}