{"n_layer": 1, "d_interlayer": 13.77524882159147, "bond": {"x": [3.1877494158086437, 3.165692500262444, 3.287356825294326, 3.0900365742297797, 3.175578143811261, 3.1343117914401786, 3.23446411976312, 3.084414263866243], "y": [3.1014304629222695, 3.1346432545038163, 3.113864475960867, 3.1328214885983687, 3.130997696072993, 3.1877069101934783, 3.102633727737137, 3.1994014528893038], "z": [3.1779139537190346, 3.3339194631579954, 3.2810580411605903, 3.202464703303923, 3.2471608053022125, 3.243258691442003, 3.2235254305406813, 3.195924500401715], "x_average": 3.1699504543094994, "y_average": 3.137937433609779, "z_average": 3.2381531986285195, "xy_average": 3.1539439439596393, "average": 3.182013695515933}, "angle_XMX": {"x": [165.68784017511112, 169.05658587731577, 158.83468153918662, 169.1672672003124], "y": [161.24936616157157, 151.49909224821982, 166.9236453817257, 158.74538368660313], "z": [171.4096751007663, 168.39815504518322, 169.07331215237585, 173.44600861895094], "x_average": 165.68659369798146, "y_average": 159.60437186953004, "z_average": 170.58178772931907, "xy_average": 162.64548278375577, "average": 165.2909177656102}, "angle_MXM": {"x": [150.06142233042738, 152.65293199640516, 172.7024588075494, 164.16629857668144], "y": [156.47564050001, 156.21919411487193, 167.57010555848152, 141.58765005513763], "z": [], "x_average": 159.89577792776586, "y_average": 155.46314755712527, "z_average": NaN, "xy_average": 157.67946274244554, "average": 157.67946274244554}}