{"n_layer": 1, "d_interlayer": 10.4502355965628, "bond": {"x": [3.139423000356106, 3.7284078373941627, 3.1932308582312925, 3.4178472157458057, 3.16361809949672, 3.407728042720196, 3.187296476211504, 3.6276017255427986], "y": [3.439216222489309, 3.201014301924192, 3.4038875105227535, 3.2324237711568515, 3.4170777212936607, 3.201707522729494, 3.4387486909134357, 3.1752412177941745], "z": [3.3174972427083764, 2.9982338017138845, 3.2036507640909972, 3.1803146305853325, 3.1857650021495942, 3.170855293439612, 3.068250026505851, 3.3176713378615883], "x_average": 3.358144156962323, "y_average": 3.313664619852984, "z_average": 3.180279762381905, "xy_average": 3.3359043884076534, "average": 3.2840295130657373}, "angle_XMX": {"x": [164.67107165718394, 172.59670888669825, 174.55341423171674, 173.7567763894286], "y": [167.80922456409803, 171.69425993743408, 176.7311536465419, 166.04042722028868], "z": [160.83396425855685, 167.67568476392083, 164.8007506140125, 172.0629843450773], "x_average": 171.39449279125688, "y_average": 170.56876634209067, "z_average": 166.34334599539187, "xy_average": 170.98162956667377, "average": 169.43553504291313}, "angle_MXM": {"x": [155.42925727307588, 150.76246381428322, 152.1343937625897, 155.7409712527735], "y": [159.5651950072766, 146.82270212519427, 148.35634716045848, 162.25705957381942], "z": [], "x_average": 153.51677152568058, "y_average": 154.2503259666872, "z_average": NaN, "xy_average": 153.88354874618386, "average": 153.88354874618386}}