{"n_layer": 1, "d_interlayer": 12.08334268262059, "bond": {"x": [3.527614266985581, 3.200733213318901, 3.122898449016479, 3.3450200882537557, 3.2953139971126326, 3.1920096306028825, 3.451862986461064, 3.1491399326647644], "y": [3.3904340396440404, 3.1328704720011076, 3.2100809854456234, 3.201562642711807, 3.456587807505817, 3.1162177117701098, 3.263368389367264, 3.1757719918998992], "z": [3.1504968157348556, 3.236508190604418, 3.2674684442965622, 3.350090412485246, 3.221556741736861, 3.300073897802972, 3.3768445751618628, 3.0696887668813035], "x_average": 3.2855740705520073, "y_average": 3.2433617550432086, "z_average": 3.24659098058801, "xy_average": 3.264467912797608, "average": 3.2585089353944086}, "angle_XMX": {"x": [171.49834953700196, 166.2409263620251, 163.28162378606996, 157.15387439247766], "y": [171.76702986213527, 166.0191046744935, 166.70506432152303, 165.61732622871185], "z": [162.12371163403364, 162.68979062910427, 164.0530215128096, 169.9129834125221], "x_average": 164.54369351939366, "y_average": 167.52713127171592, "z_average": 164.69487679711742, "xy_average": 166.0354123955548, "average": 165.58856719607567}, "angle_MXM": {"x": [134.43253547849312, 160.0496275481265, 157.1199647611271, 140.02084399292326], "y": [139.70673990016684, 157.9573096552047, 146.18070203636688, 150.0787369517858], "z": [], "x_average": 147.9057429451675, "y_average": 148.48087213588104, "z_average": NaN, "xy_average": 148.19330754052427, "average": 148.19330754052427}}