{"n_layer": 1, "d_interlayer": 12.401339192785143, "bond": {"x": [3.169839503844852, 3.2392660313813177, 3.1502781683108996, 3.1982873278631487, 3.1573268282525317, 3.228930313225134, 3.124799415709293, 3.2081441372469643], "y": [3.215792677275713, 3.178666101811015, 3.209175319041298, 3.15923767069406, 3.1699533769828774, 3.1602947480298127, 3.1679674010737267, 3.135713759205839], "z": [3.253819859909467, 3.1892201941516567, 3.239524629599745, 3.2209960094197934, 3.2278356994594546, 3.24780642050017, 3.217299383212895, 3.240985205223133], "x_average": 3.1846089657292675, "y_average": 3.1746001317642927, "z_average": 3.2296859251845396, "xy_average": 3.17960454874678, "average": 3.1962983408927}, "angle_XMX": {"x": [173.43190954707134, 177.60514911264946, 175.88753611034502, 171.04955858699225], "y": [171.93946918655126, 176.0647407782073, 167.6487993316713, 172.66007426852792], "z": [173.70408528719932, 174.46991291068156, 170.02976872213463, 174.0064690043453], "x_average": 174.49353833926452, "y_average": 172.07827089123947, "z_average": 173.05255898109021, "xy_average": 173.28590461525198, "average": 173.20812273719807}, "angle_MXM": {"x": [142.59210284378247, 153.21952795393034, 150.9899867686858, 148.1546133328254], "y": [140.85701240072447, 149.46994886482452, 158.55896197215498, 142.25591609726544], "z": [], "x_average": 148.739057724806, "y_average": 147.78545983374235, "z_average": NaN, "xy_average": 148.2622587792742, "average": 148.2622587792742}}