{"n_layer": 1, "d_interlayer": 14.027133906429883, "bond": {"x": [3.221517466379824, 3.1500540788100193, 3.277260781309792, 3.1819354310566355, 3.2317289847485844, 3.106552288754914, 3.2515819391780254, 3.183260235454721], "y": [3.1677591553030098, 3.14692342302411, 3.1239525761564573, 3.1871138810494486, 3.1567788455554644, 3.255829211568939, 3.15421973292758, 3.2511521632674474], "z": [3.1897487378076113, 3.2232761992523815, 3.2424407597778733, 3.227660322337575, 3.2432227157158513, 3.239969563898921, 3.2453526762660183, 3.1946944603260947], "x_average": 3.200486400711564, "y_average": 3.180466123606557, "z_average": 3.2257956794227907, "xy_average": 3.190476262159061, "average": 3.2022494012469704}, "angle_XMX": {"x": [167.94837370877454, 168.36116414678438, 170.78932847115618, 171.8351222440872], "y": [165.81232848115584, 163.44868637465703, 168.30387882651763, 169.35113739911083], "z": [176.02877364861263, 172.34841788780358, 169.32232183634122, 171.636357615199], "x_average": 169.73349714270057, "y_average": 166.72900777036034, "z_average": 172.33396774698912, "xy_average": 168.23125245653046, "average": 169.59882422001667}, "angle_MXM": {"x": [153.615920225781, 135.57389129419985, 148.63069916653873, 154.20406253694014], "y": [159.3827391498747, 139.37138842115849, 132.61854351191184, 152.6990370204289], "z": [], "x_average": 148.00614330586492, "y_average": 146.0179270258435, "z_average": NaN, "xy_average": 147.01203516585423, "average": 147.01203516585423}}