{"n_layer": 1, "d_interlayer": 10.195534468764606, "bond": {"x": [3.207111933716942, 3.1431575043377156, 3.2114192425813934, 3.1884050729748936, 3.1991420069570147, 3.187029308068529, 3.295743402872352, 3.1730439651249362], "y": [3.1486460985609415, 3.191317104092698, 3.1780703165061297, 3.1913836112724256, 3.187188083321476, 3.1979483920515164, 3.24199433998931, 3.1839361149044696], "z": [3.379660137298842, 3.124444016714775, 3.2114455240133863, 3.2454701981469762, 3.208927121576654, 3.2533368689584443, 3.092911414540374, 3.325721398337314], "x_average": 3.200631554579222, "y_average": 3.190060507587371, "z_average": 3.2302395849483454, "xy_average": 3.1953460310832966, "average": 3.2069772157049794}, "angle_XMX": {"x": [176.45775530860982, 171.09781589426171, 167.94512052690723, 169.25740743910237], "y": [172.47187716823026, 172.60236719118103, 176.47752196330572, 167.17552476293267], "z": [179.42480527804958, 172.41710462526942, 172.4522924380386, 177.95658980197453], "x_average": 171.18952479222028, "y_average": 172.1818227714124, "z_average": 175.56269803583302, "xy_average": 171.68567378181635, "average": 172.97801519982193}, "angle_MXM": {"x": [143.64366822459817, 156.5386086293523, 159.00229086553534, 137.93419425196484], "y": [142.4978995802956, 154.7933642342183, 151.28175835319522, 140.07398722422468], "z": [], "x_average": 149.27969049286267, "y_average": 147.16175234798345, "z_average": NaN, "xy_average": 148.22072142042305, "average": 148.22072142042305}}