{"n_layer": 1, "d_interlayer": 11.477686218126525, "bond": {"x": [3.1082962496602224, 3.277101667520914, 3.128892385909592, 3.207662447736096, 3.154435378040481, 3.1798937631755915, 3.1185401708958502, 3.2777666795895017], "y": [3.170263257618555, 3.1756478513968047, 3.2376086298772195, 3.1362661144195294, 3.2751199472264276, 3.0773425704245643, 3.1952917360614443, 3.1435049802557873], "z": [3.221772567831594, 3.2382338015358627, 3.24885641569678, 3.1412065896420014, 3.230881572550674, 3.238498420042465, 3.1466711215332923, 3.263238259051537], "x_average": 3.181573592816031, "y_average": 3.1763806359100415, "z_average": 3.2161698434855257, "xy_average": 3.178977114363036, "average": 3.1913746907372}, "angle_XMX": {"x": [161.7420438773188, 175.7897620374067, 165.19477119409032, 168.43230249057572], "y": [167.2798117531921, 163.59140988462204, 164.25831620376948, 157.99778496607772], "z": [171.89888786487748, 172.55112801691, 166.89277911261067, 169.51265604624479], "x_average": 167.78971989984788, "y_average": 163.28183070191534, "z_average": 170.21386276016074, "xy_average": 165.5357753008816, "average": 167.09513778730798}, "angle_MXM": {"x": [145.24210792123418, 159.47318317020276, 161.9186681524526, 146.50906380741569], "y": [140.18956596510665, 165.97109418154275, 162.05764496442336, 143.52312495735472], "z": [], "x_average": 153.2857557628263, "y_average": 152.9353575171069, "z_average": NaN, "xy_average": 153.1105566399666, "average": 153.1105566399666}}