{"n_layer": 1, "d_interlayer": 9.355289972308757, "bond": {"x": [3.1674651738568254, 3.093910037242915, 3.182983223418765, 3.203769347726168, 3.1845020801492945, 3.140401863655023, 3.23563170216512, 3.243822501695779], "y": [3.138487612178699, 3.218571006629138, 3.129073233013461, 3.270993462092719, 3.119152546203413, 3.4513382026487602, 3.1453240663042434, 3.33290126341776], "z": [3.2291471377867236, 3.2906980162722803, 3.3179444935463476, 3.2087039481251103, 3.263627093446443, 3.2096530151352543, 3.166657526849142, 3.318639484591748], "x_average": 3.1815607412387363, "y_average": 3.2257301740610242, "z_average": 3.250633839469131, "xy_average": 3.20364545764988, "average": 3.2193082515896307}, "angle_XMX": {"x": [170.0097077141379, 169.40394117454338, 158.6615721673394, 163.40607128739316], "y": [172.3108693888365, 178.6557895161606, 167.90902980408356, 171.6485810648365], "z": [172.11942806236, 174.12574190333382, 166.34018241385655, 170.4630852605885], "x_average": 165.37032308585344, "y_average": 172.63106744347925, "z_average": 170.76210941003472, "xy_average": 169.00069526466638, "average": 169.5878333131225}, "angle_MXM": {"x": [145.02610192259652, 155.37990652002014, 172.6193630483546, 135.95921325400275], "y": [157.19226352944398, 159.1400754011685, 150.48722607937046, 145.89704985116856], "z": [], "x_average": 152.2461461862435, "y_average": 153.1791537152879, "z_average": NaN, "xy_average": 152.7126499507657, "average": 152.7126499507657}}