{"n_layer": 1, "d_interlayer": 9.430445463439646, "bond": {"x": [3.3419117331126986, 3.217173177742179, 3.3080727392235634, 3.235782514882367, 3.160301971020471, 3.200523916163122, 3.2830948888211293, 3.1326067977885512], "y": [3.2334249352254485, 3.310711159193857, 3.0977029599837014, 3.2615679685059096, 3.1999043371693547, 3.334936571173013, 3.2026041670943566, 3.1741232536242565], "z": [3.191806654478636, 3.152136504399651, 3.284354528836045, 3.208007650269375, 3.2658712489245754, 3.2244291337849518, 3.2434951768546703, 3.3107918004406645], "x_average": 3.23493346734426, "y_average": 3.2268719189962374, "z_average": 3.235111587248571, "xy_average": 3.2309026931702487, "average": 3.232305657863023}, "angle_XMX": {"x": [172.62706820563594, 176.31415357424535, 168.73158240787538, 175.949426171793], "y": [171.6536299741447, 171.3200164190056, 175.66327084538563, 175.2667623856532], "z": [175.09028555315135, 174.7539839011218, 176.580292863263, 178.69979860958918], "x_average": 173.40555758988742, "y_average": 173.4759199060473, "z_average": 176.28109023178132, "xy_average": 173.44073874796737, "average": 174.38752257590534}, "angle_MXM": {"x": [164.41032085940265, 150.2933317030339, 147.129727253823, 155.26920685334989], "y": [161.14581623815855, 145.7005834095401, 148.45831302402334, 155.81001729496936], "z": [], "x_average": 154.27564666740238, "y_average": 152.77868249167284, "z_average": NaN, "xy_average": 153.5271645795376, "average": 153.5271645795376}}