{"n_layer": 1, "d_interlayer": 11.265746573228794, "bond": {"x": [3.103169466014576, 3.186230704302223, 3.1401462464359158, 3.159095462605537, 3.1014639498051317, 3.1785550712044843, 3.16139909062712, 3.1896854087480087], "y": [3.1660013956731636, 3.093130513201996, 3.2042153301291125, 3.1535492661950806, 3.2435180232581367, 3.097856304880051, 3.240668234141492, 3.1235229079207882], "z": [3.2949443048574363, 3.181485001484091, 3.1938668158843875, 3.2454725445591555, 3.135075920778076, 3.304731942158871, 3.3006615875667187, 3.1638420674729657], "x_average": 3.1524681749678747, "y_average": 3.1653077469249777, "z_average": 3.2275100230952125, "xy_average": 3.1588879609464255, "average": 3.1817619816626888}, "angle_XMX": {"x": [165.3033742392624, 153.37289358925324, 177.95797920588555, 162.42599113879885], "y": [165.6030743371757, 162.45898926172288, 164.7404282347322, 156.60591743475933], "z": [167.51482337701333, 163.5367535879682, 171.4438049822283, 163.35667992445372], "x_average": 164.7650595433, "y_average": 162.35210231709755, "z_average": 166.4630154679159, "xy_average": 163.5585809301988, "average": 164.52672577610448}, "angle_MXM": {"x": [158.3287244544189, 156.20513376026975, 168.25426887923504, 160.84151571264417], "y": [172.6953501323683, 149.69948904006722, 151.3739903559228, 156.97488191830894], "z": [], "x_average": 160.90741070164196, "y_average": 157.6859278616668, "z_average": NaN, "xy_average": 159.29666928165437, "average": 159.29666928165437}}