{"n_layer": 1, "d_interlayer": 9.92349992216053, "bond": {"x": [3.29115370548286, 3.1447909510179968, 3.4084989425826575, 3.1141330618242944, 3.245978412360632, 3.146463119402499, 3.2379446635954454, 3.1012511397094835], "y": [3.131829176958984, 3.2042691546360627, 3.096248008863881, 3.181403884357388, 3.1467132748758666, 3.1479272486411674, 3.129540967459393, 3.133837689576918], "z": [3.290809443648039, 3.1337734633394607, 3.23225582161104, 3.239569419618214, 3.2549446118967524, 3.2284653596859183, 3.2030128365654167, 3.2906245195295063], "x_average": 3.2112767494969834, "y_average": 3.1464711756712074, "z_average": 3.2341819344867933, "xy_average": 3.1788739625840954, "average": 3.197309953218328}, "angle_XMX": {"x": [171.61540604625728, 162.43433263991201, 161.386856345336, 169.9726761440244], "y": [154.0858332927789, 150.84219056589433, 161.29362398256103, 162.2779612101794], "z": [174.14035387717746, 170.71181542707404, 172.2478769237289, 177.23561830012923], "x_average": 166.35231779388243, "y_average": 157.12490226285342, "z_average": 173.5839161320274, "xy_average": 161.73861002836793, "average": 165.68704539625443}, "angle_MXM": {"x": [162.13840500079687, 153.0613626195671, 164.8350205612345, 178.4739687916112], "y": [154.64052308887273, 146.09974362792235, 163.3679142597046, 143.9201618342653], "z": [], "x_average": 164.6271892433024, "y_average": 152.00708570269126, "z_average": NaN, "xy_average": 158.31713747299685, "average": 158.31713747299685}}