{"n_layer": 1, "d_interlayer": 10.194145081595801, "bond": {"x": [3.170221395621739, 3.2229838208670474, 3.122993794557444, 3.1594954103375215, 3.1638020896018135, 3.2432384728176373, 3.1154409315325573, 3.1581757222903377], "y": [3.1934914874571922, 3.1722903674780567, 3.2219417472878007, 3.178123056537832, 3.15393075383315, 3.1086018582151826, 3.1979931286759227, 3.1053780283341186], "z": [3.3816431553617385, 3.1544185231289226, 3.2116302258687246, 3.276644489788081, 3.243076980876538, 3.252527781575274, 3.1788320355758217, 3.302843355978981], "x_average": 3.1695439547032622, "y_average": 3.166468803477407, "z_average": 3.2502020685192603, "xy_average": 3.1680063790903343, "average": 3.19540494223331}, "angle_XMX": {"x": [172.90304854792336, 166.50811972802785, 171.07851978858457, 173.10647811019354], "y": [167.30617989571584, 171.1913450920089, 173.72987312204734, 169.5664503521317], "z": [170.77744150014158, 170.33903640191556, 171.37727740511937, 170.88647020165024], "x_average": 170.89904154368233, "y_average": 170.44846211547596, "z_average": 170.84505637720667, "xy_average": 170.67375182957915, "average": 170.730853345455}, "angle_MXM": {"x": [151.78280542982287, 143.05472753269981, 136.7191369011905, 162.87337958732658], "y": [155.6525347597773, 135.3370660287776, 143.29299588377614, 159.55906956298443], "z": [], "x_average": 148.60751236275993, "y_average": 148.46041655882885, "z_average": NaN, "xy_average": 148.53396446079438, "average": 148.53396446079438}}