{"n_layer": 1, "d_interlayer": 7.554386245437856, "bond": {"x": [3.401473576640786, 3.178793060386772, 3.271914549866658, 3.187752290006881, 3.248575914612124, 3.167511791085515, 3.2910637264237748, 3.1405396731817254], "y": [3.201053579484808, 3.22607176453905, 3.146826905983249, 3.24701764420877, 3.1975390730494158, 3.2296702580477357, 3.150084932930678, 3.20781552947464], "z": [3.131411742769111, 3.339129661678326, 3.2468725394240368, 3.2919378463553737, 3.2071406759998475, 3.26719384428029, 3.5037756876971, 3.107137170334537], "x_average": 3.2359530727755295, "y_average": 3.2007599609647936, "z_average": 3.2618248960673277, "xy_average": 3.2183565168701618, "average": 3.2328459766025506}, "angle_XMX": {"x": [160.4157216718031, 170.18159193838986, 163.7375141859331, 174.61561136935836], "y": [159.36270405113095, 166.45588554770634, 166.90927360745692, 169.88142512378874], "z": [166.01390899855798, 168.34599674862574, 171.89889581640514, 169.18962363455844], "x_average": 167.23760979137109, "y_average": 165.65232208252075, "z_average": 168.8621062995368, "xy_average": 166.44496593694592, "average": 167.2506793911429}, "angle_MXM": {"x": [149.61413754704193, 167.66047892048056, 170.59928529987457, 153.91027788729937], "y": [146.8462278907317, 174.93118842517356, 166.1760695548126, 150.32705333204183], "z": [], "x_average": 160.44604491367411, "y_average": 159.5701348006899, "z_average": NaN, "xy_average": 160.00808985718203, "average": 160.00808985718203}}