{"n_layer": 1, "d_interlayer": 9.01531888799503, "bond": {"x": [3.130939933072557, 3.252634521467203, 3.200927239845715, 3.2312139418339454, 3.1674186025475697, 3.2351872733021536, 3.210461559319394, 3.360419364380152], "y": [3.2022610199568007, 3.1452731163271506, 3.2654014736675494, 3.1531293721251457, 3.309779072807321, 3.1577868528544886, 3.2870469722985516, 3.186223171866405], "z": [3.309840800195445, 3.187853730970499, 3.1801947648334026, 3.1954035563200587, 3.2581411149499373, 3.161652845040028, 3.1006375410107885, 3.2693572162464593], "x_average": 3.223650304471086, "y_average": 3.2133626314879264, "z_average": 3.2078851961958272, "xy_average": 3.2185064679795063, "average": 3.214966044051613}, "angle_XMX": {"x": [174.22971923404663, 172.49627477123434, 172.19600549318545, 161.94934725274038], "y": [175.2732929392249, 174.5949361911243, 170.70059389296466, 167.05429732583053], "z": [167.55071693665084, 168.19330792100084, 164.24971929140546, 164.170160859023], "x_average": 170.2178366878017, "y_average": 171.90578008728608, "z_average": 166.04097625202002, "xy_average": 171.0618083875439, "average": 169.3881976757026}, "angle_MXM": {"x": [162.02512420334284, 145.50598954620793, 151.64612687733418, 155.24350476441452], "y": [157.36163956582988, 155.4286938676026, 146.40018515570398, 157.8404307780406], "z": [], "x_average": 153.60518634782485, "y_average": 154.25773734179427, "z_average": NaN, "xy_average": 153.93146184480958, "average": 153.93146184480958}}