{"n_layer": 1, "d_interlayer": 9.179934262044505, "bond": {"x": [3.4105029471851807, 3.1469496035898503, 3.20327143844728, 3.163942471524219, 3.298069281811506, 3.1882164063292677, 3.2527638761877515, 3.1091687743893424], "y": [3.130312374301983, 3.287456619048426, 3.1371157799059706, 3.2474125027400382, 3.1334568664242153, 3.220360528596956, 3.1785268280388057, 3.167368919261573], "z": [3.127431248025669, 3.2409300137566834, 3.2379512424440375, 3.1810384936074394, 3.189712358169838, 3.203636908588771, 3.326058896944199, 3.1290105833754773], "x_average": 3.2216105999330495, "y_average": 3.1877513022897457, "z_average": 3.2044712181140143, "xy_average": 3.204680951111398, "average": 3.2046110401122703}, "angle_XMX": {"x": [175.28865537589863, 167.25058762304448, 169.89522539960163, 171.50889295585776], "y": [162.73362170367326, 172.44489636057145, 171.5827758696558, 176.5217372784114], "z": [175.53880470536077, 169.9294699148857, 170.5343544061055, 168.22030922910625], "x_average": 170.9858403386006, "y_average": 170.82075780307798, "z_average": 171.05573456386458, "xy_average": 170.9032990708393, "average": 170.95411090184768}, "angle_MXM": {"x": [146.45599025632058, 166.32363306821995, 151.02959045811386, 154.8329989452247], "y": [144.67306074726406, 164.34938317326805, 157.34725720238998, 153.42114076664203], "z": [], "x_average": 154.66055318196976, "y_average": 154.94771047239104, "z_average": NaN, "xy_average": 154.80413182718038, "average": 154.80413182718038}}