{"n_layer": 1, "d_interlayer": 10.167657430814572, "bond": {"x": [3.4629584254384174, 3.070520530019206, 3.210071357243965, 3.1827941465653575, 3.283850484788956, 3.115200230948857, 3.3146089151872276, 3.1065448692114863], "y": [3.3003149818223525, 3.1386830231241953, 3.268530133167338, 3.1867267923076694, 3.180412105569229, 3.1092222186714356, 3.102766489882916, 3.128132175292826], "z": [3.1833698660126597, 3.193515567665557, 3.20660176317631, 3.2321036858453267, 3.1650153491764397, 3.2733553037717082, 3.3689147405560917, 3.1249180451315417], "x_average": 3.218318619925434, "y_average": 3.1768484899797453, "z_average": 3.218474290166954, "xy_average": 3.1975835549525895, "average": 3.2045471333573783}, "angle_XMX": {"x": [161.94122094022225, 174.22365643562216, 170.31710495172888, 173.6492588149298], "y": [160.69581328215568, 160.2513710357547, 159.21985720279665, 166.1416728941002], "z": [170.6560548463753, 167.93116489191092, 168.48542585194576, 170.31350943418173], "x_average": 170.03281028562577, "y_average": 161.5771786037018, "z_average": 169.34653875610343, "xy_average": 165.80499444466378, "average": 166.98550921514365}, "angle_MXM": {"x": [172.66003011188104, 170.01581733215107, 157.30195685892875, 166.10683912510873], "y": [141.72067990273726, 153.73779383961192, 153.84776352267463, 171.07027044412916], "z": [], "x_average": 166.5211608570174, "y_average": 155.09412692728824, "z_average": NaN, "xy_average": 160.80764389215284, "average": 160.80764389215284}}