{"n_layer": 1, "d_interlayer": 10.28065793271126, "bond": {"x": [3.1696609826207847, 3.213776170826409, 3.3015859772768072, 3.182322489327958, 3.2634310410504925, 3.13759734834263, 3.321383432005476, 3.2457285120004107], "y": [3.2856393868662392, 3.1461816660844013, 3.139666864514342, 3.245606650941176, 3.2557098891425373, 3.2257653915281925, 3.2552350582562863, 3.240788591423689], "z": [3.31814237714352, 3.0893843483428, 3.2356279264330836, 3.3559058607115713, 3.2016360788417795, 3.3509542348014487, 3.2015177475354455, 3.2546353845492164], "x_average": 3.2294357441813712, "y_average": 3.224324187344608, "z_average": 3.2509754947948584, "xy_average": 3.2268799657629894, "average": 3.2349118087736124}, "angle_XMX": {"x": [163.1671136242136, 173.81350244405826, 161.6172662016652, 172.02013176909873], "y": [164.04074726703183, 170.98365718784612, 163.19374434795296, 163.32844921648004], "z": [174.35752255434465, 164.83775253612953, 166.26848272731326, 176.05816351078147], "x_average": 167.65450350975894, "y_average": 165.38664950482774, "z_average": 170.3804803321422, "xy_average": 166.52057650729336, "average": 167.8072111155763}, "angle_MXM": {"x": [151.83960338006085, 143.87851503751352, 153.5719613117472, 141.7761506401535], "y": [149.01460726683746, 147.4142189217173, 130.24593142055062, 163.24024385433293], "z": [], "x_average": 147.76655759236877, "y_average": 147.47875036585958, "z_average": NaN, "xy_average": 147.62265397911418, "average": 147.62265397911418}}