{"n_layer": 1, "d_interlayer": 10.480791006224592, "bond": {"x": [3.5209316228266045, 3.227777501777658, 3.41111190341264, 3.096972180460444, 3.500461851230149, 3.2309472345590544, 3.730129450500286, 3.1415588174294355], "y": [3.2219333717060477, 3.3371503959948954, 3.314549232350927, 3.371543499144366, 3.171951803736039, 3.427792467378795, 3.1567719256650713, 3.45787175176534], "z": [3.0963584306284675, 3.280993328938041, 3.1777014322110175, 3.2144297441272562, 3.1450476126336304, 3.220796629988734, 3.240193466495406, 3.081046898485509], "x_average": 3.357486320274534, "y_average": 3.307445555967685, "z_average": 3.1820709429385077, "xy_average": 3.3324659381211097, "average": 3.282334273060242}, "angle_XMX": {"x": [174.83411926719688, 171.57604100179742, 172.76934143949066, 168.5869102399057], "y": [167.125161201872, 172.31664533565956, 162.71172130807804, 164.03920507622146], "z": [169.85110636110107, 165.95034252873901, 165.9222771144477, 157.83765155505859], "x_average": 171.94160298709767, "y_average": 166.54818323045777, "z_average": 164.8903443898366, "xy_average": 169.24489310877772, "average": 167.79337686913067}, "angle_MXM": {"x": [144.90916517984616, 154.51412641214895, 151.32546740301044, 151.593357375421], "y": [138.2209993836686, 157.46482582608735, 163.88574799230838, 139.49737116313622], "z": [], "x_average": 150.58552909260663, "y_average": 149.76723609130016, "z_average": NaN, "xy_average": 150.1763825919534, "average": 150.1763825919534}}