{"n_layer": 1, "d_interlayer": 10.361725542181796, "bond": {"x": [3.194549293351038, 3.5452990169753247, 3.2331805712596724, 3.3556474618110266, 3.1748777286736067, 3.267260589588183, 3.105012581398754, 3.3538888980794743], "y": [3.223482924743791, 3.30943455934441, 3.2873420774574136, 3.13230617075242, 3.281504575264782, 3.218120741856943, 3.264900889519676, 3.1318645365753883], "z": [3.1463701648768905, 3.188662900259804, 3.258172220144973, 3.1834817218284623, 3.2484516201693836, 3.167259359280021, 3.142307601443678, 3.32296457337928], "x_average": 3.2787145176421353, "y_average": 3.2311195594393527, "z_average": 3.2072087701728114, "xy_average": 3.2549170385407438, "average": 3.2390142824181}, "angle_XMX": {"x": [163.0243761977284, 169.73495582056768, 164.37420217021784, 177.2770680785527], "y": [165.74929521585804, 166.50267229208228, 172.33641496997143, 166.12400323997335], "z": [168.82594366097808, 178.94827800891213, 174.00319390208273, 179.08945711605358], "x_average": 168.60265056676664, "y_average": 167.67809642947128, "z_average": 175.21671817200664, "xy_average": 168.14037349811895, "average": 170.49915505608152}, "angle_MXM": {"x": [168.84499988082533, 166.8649836301209, 154.6677960526878, 177.79053079646903], "y": [167.04053110297505, 158.91522242835944, 162.336087967635, 178.76913755775675], "z": [], "x_average": 167.04207759002577, "y_average": 166.76524476418155, "z_average": NaN, "xy_average": 166.90366117710366, "average": 166.90366117710366}}