{"n_layer": 1, "d_interlayer": 8.792257870308553, "bond": {"x": [3.1496136787882363, 3.414695193353056, 3.202884767948219, 3.285470969430785, 3.185098141942992, 3.2880089501515, 3.140356785710018, 3.3367914474900973], "y": [3.2611149567897173, 3.209660508718561, 3.3406190061087617, 3.1069054125243523, 3.2523834856288567, 3.1899854111947468, 3.2412340007040945, 3.195441951074983], "z": [3.1291266721335087, 3.2239340710577853, 3.19870840664091, 3.1464135490348455, 3.235506732412958, 3.1602982192463918, 3.1566748695900904, 3.2066344438362497], "x_average": 3.250364991851863, "y_average": 3.224668091593009, "z_average": 3.1821621204940924, "xy_average": 3.237516541722436, "average": 3.219065067979655}, "angle_XMX": {"x": [172.5743764187332, 168.85758707465155, 169.69115824622105, 169.57158695701227], "y": [159.5242455627036, 167.30402875517137, 170.5312237762782, 161.40536358012244], "z": [168.40000924672057, 172.9591341645776, 167.69404514831572, 173.55780000967604], "x_average": 170.1736771741545, "y_average": 164.6912154185689, "z_average": 170.65274714232248, "xy_average": 167.43244629636172, "average": 168.50587991168197}, "angle_MXM": {"x": [164.74099938072413, 163.30391728824225, 160.81123665823006, 172.74902068568062], "y": [171.10477836330296, 156.18342474646536, 161.6473709161378, 167.4193310975901], "z": [], "x_average": 165.40129350321928, "y_average": 164.08872628087406, "z_average": NaN, "xy_average": 164.74500989204665, "average": 164.74500989204665}}