{"n_layer": 1, "d_interlayer": 10.858714247963018, "bond": {"x": [3.2015325156148307, 3.1485860435995976, 3.20702750918926, 3.2235686771241094, 3.152625716595448, 3.2027484742387404, 3.2765928957046437, 3.193191595634484], "y": [3.169630603234617, 3.229214992774145, 3.2488797327493675, 3.146426788924781, 3.151045080566984, 3.287982284970239, 3.2062427866304706, 3.2470634520078496], "z": [3.1302560839550573, 3.330846424678898, 3.298045440762493, 3.205091603205006, 3.2696389853612975, 3.2369738689992795, 3.2278512633839287, 3.178140327608176], "x_average": 3.200734178462639, "y_average": 3.2108107152323067, "z_average": 3.234605499744267, "xy_average": 3.205772446847473, "average": 3.215383464479738}, "angle_XMX": {"x": [166.62664740465226, 178.3951770133236, 163.9457506181976, 169.37041416343473], "y": [168.4762264410183, 173.7180267110166, 168.83246727351954, 173.33355243870864], "z": [173.16273875448076, 162.869106339731, 167.7660197075953, 176.45407908498933], "x_average": 169.58449729990204, "y_average": 171.0900682160658, "z_average": 170.06298597169908, "xy_average": 170.3372827579839, "average": 170.24585049588896}, "angle_MXM": {"x": [152.46672875585529, 139.7169870718743, 147.22657066646187, 147.96508447639513], "y": [153.4667423415832, 144.89309065093866, 154.81796009047216, 138.59172889454848], "z": [], "x_average": 146.84384274264664, "y_average": 147.94238049438565, "z_average": NaN, "xy_average": 147.39311161851614, "average": 147.39311161851614}}