{"n_layer": 1, "d_interlayer": 9.767370615495656, "bond": {"x": [3.3100526791484284, 3.223303498122941, 3.118326354537116, 3.2660825811164202, 3.249752388402284, 3.2509006914683036, 3.1758132115470703, 3.232395472219763], "y": [3.3996118246827565, 3.1811015775249727, 3.2972798662389744, 3.143859584020256, 3.191540601403275, 3.2423679948746327, 3.2530223464531485, 3.156354446295862], "z": [3.223509431809874, 3.125626106057121, 3.2300914007141257, 3.21598137511255, 3.2093558373188182, 3.1762579956592902, 3.103658982228869, 3.30046077691183], "x_average": 3.2283283595702907, "y_average": 3.2331422801867347, "z_average": 3.1981177382265598, "xy_average": 3.230735319878513, "average": 3.219862792661195}, "angle_XMX": {"x": [169.785893721302, 172.06693505098886, 168.83363877651846, 166.6416745288192], "y": [170.21579083282796, 178.37769979887898, 177.78887512758575, 172.11323077803158], "z": [175.03929956832525, 169.14270584511328, 171.79384650919334, 178.73258346914136], "x_average": 169.33203551940713, "y_average": 174.62389913433108, "z_average": 173.67710884794332, "xy_average": 171.97796732686908, "average": 172.54434783389385}, "angle_MXM": {"x": [148.34435173550693, 165.69725273508266, 143.09898965095073, 145.1647535417487], "y": [159.07888466072663, 158.15583522889872, 173.95651205211806, 167.75728799463116], "z": [], "x_average": 150.57633691582225, "y_average": 164.73712998409366, "z_average": NaN, "xy_average": 157.65673344995795, "average": 157.65673344995795}}