{"n_layer": 1, "d_interlayer": 7.485902782286085, "bond": {"x": [3.609040351244503, 3.2370790429021428, 3.540232829536657, 3.146393012585078, 3.4515849736050654, 3.1214859461716333, 3.3258584083628033, 3.1865384921992637], "y": [3.1439632537682427, 3.786047107753145, 3.113458957861966, 3.453718141661234, 3.164599302237748, 3.4392961744174246, 3.23673626230102, 3.323250063754977], "z": [3.107106303287311, 3.267506764968823, 3.386733151482719, 3.089424397359826, 3.3894664715404423, 3.190172580187923, 2.969195529846007, 3.4224234037678407], "x_average": 3.3272766320758933, "y_average": 3.3326336579694695, "z_average": 3.2277535753051114, "xy_average": 3.329955145022682, "average": 3.295887955116825}, "angle_XMX": {"x": [172.2288685228783, 172.95642292635628, 169.52655322346973, 162.91310182563765], "y": [161.92554904478467, 160.0559129872581, 169.12910871783686, 163.098083225916], "z": [161.74263168289227, 160.23088441829773, 167.9972460107904, 177.41542279762743], "x_average": 169.4062366245855, "y_average": 163.5521634939489, "z_average": 166.84654622740197, "xy_average": 166.4792000592672, "average": 166.6016487819788}, "angle_MXM": {"x": [153.77300551034912, 149.90463260698138, 135.86133076717005, 155.88318853303682], "y": [162.55912768235942, 125.36277954139285, 147.72185188250359, 152.02867529715908], "z": [], "x_average": 148.85553935438435, "y_average": 146.91810860085374, "z_average": NaN, "xy_average": 147.88682397761903, "average": 147.88682397761903}}