{"n_layer": 1, "d_interlayer": 10.053813747702119, "bond": {"x": [3.2208153580910235, 3.194076432340309, 3.1974712476230303, 3.2456932439422017, 3.1677382362940616, 3.199360816202545, 3.217765051432418, 3.215130397114176], "y": [3.2365640257419326, 3.1607472068873204, 3.202490843430428, 3.1465800028765076, 3.257940008167242, 3.210119186431294, 3.228717192841915, 3.1673231062483103], "z": [3.2525204474477336, 3.1198498962919743, 3.20696636437723, 3.2150963489613744, 3.211934219309546, 3.189526119217042, 3.114177325208047, 3.34413523186573], "x_average": 3.2072563478799707, "y_average": 3.2013101965781185, "z_average": 3.2067757440848346, "xy_average": 3.204283272229045, "average": 3.2051140961809748}, "angle_XMX": {"x": [167.05623676423332, 174.5065725147209, 171.06523625052682, 171.69074846714236], "y": [172.28507054651644, 175.57787827889155, 172.76335096126803, 176.27474360072867], "z": [177.47934128531062, 171.88021647359133, 172.8910540742632, 173.5229841102524], "x_average": 171.07969849915585, "y_average": 174.2252608468512, "z_average": 173.94339898585437, "xy_average": 172.6524796730035, "average": 173.0827861106205}, "angle_MXM": {"x": [154.57646840376768, 147.9485719443712, 153.49053779368623, 152.10614108713406], "y": [156.16871151185293, 155.71680040776252, 148.3701510128134, 153.77579151293898], "z": [], "x_average": 152.03042980723978, "y_average": 153.50786361134197, "z_average": NaN, "xy_average": 152.76914670929088, "average": 152.76914670929088}}