{"n_layer": 1, "d_interlayer": 8.533087623880725, "bond": {"x": [3.179863081119417, 3.291335890652401, 3.1616518670138603, 3.3669242158048314, 3.2374714521473194, 3.3201250615871998, 3.1783366328449305, 3.6279489275436108], "y": [3.261914303427517, 3.2085297996643605, 3.1803444928390383, 3.3197323455296064, 3.1759648917406484, 3.3853342813637153, 3.1948807055817845, 3.438719948127967], "z": [3.529499631892108, 2.9462645783020727, 3.1039126159166806, 3.4520576659869144, 3.0201408436602297, 3.472028616029803, 3.203997683019427, 3.159338816882451], "x_average": 3.295457141089196, "y_average": 3.2706775960343295, "z_average": 3.2359050564612106, "xy_average": 3.2830673685617633, "average": 3.2673465978615788}, "angle_XMX": {"x": [168.78081498754503, 169.37019143827558, 171.93161913562665, 169.961248457142], "y": [165.1446790030915, 178.1047000382423, 171.7955263102276, 173.40973895969668], "z": [176.28215620080417, 162.8719960432185, 169.93888805678844, 173.85458304115636], "x_average": 170.0109685046473, "y_average": 172.11366107781453, "z_average": 170.73690583549188, "xy_average": 171.0623147912309, "average": 170.9538451393179}, "angle_MXM": {"x": [157.52549745709425, 136.96067083187063, 151.5916486570249, 151.02775190279874], "y": [145.28360898790604, 155.59839715384763, 145.2116245161525, 140.18161441931048], "z": [], "x_average": 149.27639221219715, "y_average": 146.56881126930415, "z_average": NaN, "xy_average": 147.92260174075065, "average": 147.92260174075065}}