{"n_layer": 1, "d_interlayer": 8.487019781418963, "bond": {"x": [3.2303135387841175, 3.170405573144047, 3.182066659827807, 3.1790851997771483, 3.1963702358553916, 3.2018553900631095, 3.2121978991301505, 3.1607211673521127], "y": [3.2294351743986582, 3.176985082840762, 3.2036397061073196, 3.204314999322102, 3.1963501805131407, 3.1625859136434453, 3.2042189539578567, 3.1476469190284235], "z": [3.2008309604930063, 3.2525039415032406, 3.2623024742653812, 3.1814730134106157, 3.2856529762801214, 3.1565046204067557, 3.1459226466360417, 3.283444678067698], "x_average": 3.1916269579917356, "y_average": 3.1906471162264634, "z_average": 3.2210794138828573, "xy_average": 3.1911370371090997, "average": 3.201117829367019}, "angle_XMX": {"x": [175.22326755853055, 174.72789719403653, 175.70489468173602, 172.793007719628], "y": [176.11346466582845, 174.05766557672123, 178.1811708939505, 168.08990815761044], "z": [176.11344143334583, 170.2710853075271, 170.35377118388124, 171.65013236564715], "x_average": 174.61226678848277, "y_average": 174.11055232352766, "z_average": 172.09710757260035, "xy_average": 174.3614095560052, "average": 173.60664222820358}, "angle_MXM": {"x": [145.1121647327918, 155.60223797387454, 151.88912335842954, 146.22755287679487], "y": [151.06117288604372, 144.02776088889746, 147.54557959080662, 155.47649677848062], "z": [], "x_average": 149.70776973547268, "y_average": 149.5277525360571, "z_average": NaN, "xy_average": 149.6177611357649, "average": 149.6177611357649}}