{"n_layer": 1, "d_interlayer": 8.023083284888868, "bond": {"x": [3.1840359114531314, 3.172521240059082, 3.1611334730689173, 3.152963658927398, 3.1858939071326042, 3.1667789783536757, 3.152813898074524, 3.1512501200177487], "y": [3.190226153827687, 3.1898206761333245, 3.173561630589994, 3.1948028082565862, 3.168282108577445, 3.162651883588469, 3.1536129485998727, 3.1854061838348575], "z": [3.1170686107905263, 3.3140017648789724, 3.2181523231546776, 3.219578376671614, 3.237359067989599, 3.1959057158142015, 3.296961962402179, 3.128974203548311], "x_average": 3.165923898385885, "y_average": 3.1772955491760295, "z_average": 3.2160002531562597, "xy_average": 3.171609723780957, "average": 3.186406566906058}, "angle_XMX": {"x": [178.0406647277767, 174.70643493213674, 176.36374056643604, 179.4732712542142], "y": [177.18458475796385, 173.84243903804372, 176.62529437219558, 172.52594726307498], "z": [175.05850061042995, 172.93401854059675, 174.76261444040014, 179.05967928610477], "x_average": 177.1460278701409, "y_average": 175.04456635781955, "z_average": 175.45370321938293, "xy_average": 176.09529711398022, "average": 175.88143248244776}, "angle_MXM": {"x": [154.978055875024, 162.7071906187913, 156.63976369585308, 157.72350190505145], "y": [155.45048915042474, 158.68348731334345, 163.21576396686817, 158.97995033440873], "z": [], "x_average": 158.01212802367994, "y_average": 159.08242269126129, "z_average": NaN, "xy_average": 158.54727535747062, "average": 158.54727535747062}}