{"n_layer": 1, "d_interlayer": 8.172009745851486, "bond": {"x": [3.2552131126534998, 3.19784265440563, 3.185985069209926, 3.1451124450308194, 3.229716669188756, 3.20323153458589, 3.214930615312628, 3.1334856211907725], "y": [3.181712205300205, 3.182725360824381, 3.1889266213639393, 3.217858899645094, 3.13513435983374, 3.1971843154478035, 3.148936349415745, 3.199802454114782], "z": [3.262934652934435, 3.2474464637359057, 3.2755777509501556, 3.2222992536892856, 3.1909812335148446, 3.3381440234008264, 3.2783624275878918, 3.2149083454694205], "x_average": 3.1956897151972403, "y_average": 3.1815350707432115, "z_average": 3.253831768910346, "xy_average": 3.188612392970226, "average": 3.2103521849502656}, "angle_XMX": {"x": [175.9061415669326, 176.0955138691828, 178.35312703312547, 178.16216523325173], "y": [176.73073501716996, 173.4592123299726, 178.36261510710764, 175.29472952052444], "z": [165.13690671506103, 166.67761103216245, 168.0013081695975, 168.70342810967864], "x_average": 177.12923692562316, "y_average": 175.96182299369366, "z_average": 167.1298135066249, "xy_average": 176.5455299596584, "average": 173.40695780864723}, "angle_MXM": {"x": [144.6176304804907, 154.14843821010035, 147.61069053444177, 151.91907831593463], "y": [143.00811842811711, 151.10534747777902, 152.8650601579757, 146.7361455941358], "z": [], "x_average": 149.57395938524186, "y_average": 148.42866791450191, "z_average": NaN, "xy_average": 149.00131364987186, "average": 149.00131364987186}}