{"n_layer": 1, "d_interlayer": 8.70256938091659, "bond": {"x": [3.5412358460206463, 3.1594307587954784, 3.419796227733505, 3.1993103271669603, 3.343713562460681, 3.182950104684786, 3.55192963668248, 3.1543739122450845], "y": [3.2112759928887415, 3.3382669906953786, 3.182842294950893, 3.388236862062946, 3.219893060065112, 3.403719752448976, 3.208685955442775, 3.393432287224414], "z": [3.112501017512577, 3.2251647675753183, 3.1634248286089717, 3.2697786268688867, 3.182473788933632, 3.221412554305821, 3.288061971148983, 3.112024855834602], "x_average": 3.3190925469737027, "y_average": 3.2932941494724046, "z_average": 3.196855301348599, "xy_average": 3.3061933482230534, "average": 3.269747332598236}, "angle_XMX": {"x": [168.41366432045967, 173.46366050482442, 166.88832555474434, 175.1310425556085], "y": [164.83550900642203, 169.65494933894, 171.1048956453224, 163.56676419299134], "z": [163.3441059038189, 164.92404932861902, 170.34001288398267, 173.61575093959777], "x_average": 170.97417323390923, "y_average": 167.29052954591896, "z_average": 168.0559797640046, "xy_average": 169.1323513899141, "average": 168.77356084794425}, "angle_MXM": {"x": [150.5159098736253, 157.44263519027737, 165.95587224473869, 148.82215816022054], "y": [148.7240971564282, 168.87543871917748, 168.08254581673933, 143.09763433423433], "z": [], "x_average": 155.68414386721545, "y_average": 157.19492900664483, "z_average": NaN, "xy_average": 156.43953643693015, "average": 156.43953643693015}}