{"n_layer": 1, "d_interlayer": 10.246257618920142, "bond": {"x": [3.1602254942747794, 3.1555522387321844, 3.145774768569154, 3.218232413381366, 3.1346846556004255, 3.2187572455681863, 3.173305704069809, 3.2335456577819075], "y": [3.1402383703305587, 3.172955013878545, 3.1880519223106103, 3.1527183361146194, 3.1217443737552664, 3.1877878404453392, 3.1848459044878084, 3.1621403839669666], "z": [3.4554980099405004, 3.1008031476630507, 3.2190116910694484, 3.252250234541708, 3.2210098663311113, 3.2647191246013283, 3.079341774500537, 3.368804200304626], "x_average": 3.1800097722472263, "y_average": 3.1638102681612144, "z_average": 3.2451797561190387, "xy_average": 3.1719100202042205, "average": 3.19633326550916}, "angle_XMX": {"x": [176.1570379535864, 169.57452274587166, 172.430261220577, 175.10065733683732], "y": [172.86443515295454, 169.55863901097734, 170.47770663333696, 170.3806815905101], "z": [178.5335949357606, 174.39019238807643, 173.2324970405619, 176.47256670363925], "x_average": 173.3156198142181, "y_average": 170.82036559694475, "z_average": 175.65721276700955, "xy_average": 172.06799270558145, "average": 173.26439939272416}, "angle_MXM": {"x": [150.6669717123555, 149.32474593756046, 159.75124160346627, 153.1617724373695], "y": [161.08523290654614, 144.76565724231526, 145.6314737430938, 159.12173729171408], "z": [], "x_average": 153.22618292268794, "y_average": 152.65102529591732, "z_average": NaN, "xy_average": 152.93860410930262, "average": 152.93860410930262}}