{"n_layer": 1, "d_interlayer": 7.989583585553974, "bond": {"x": [3.1385159693481097, 3.2051900835416203, 3.140875185104942, 3.1681438458858837, 3.1642688292178205, 3.174534302618484, 3.1326376775771396, 3.1676898663366435], "y": [3.2313360046831803, 3.172697335584375, 3.2102113133635095, 3.163576008983957, 3.1785873060592, 3.1211900281543454, 3.174929815648612, 3.0984063913975106], "z": [3.3420219942078715, 3.1750201782672267, 3.2756010962175544, 3.2811339298994886, 3.2525322916961814, 3.2950647176892525, 3.2566274244815925, 3.343027611538244], "x_average": 3.1614819699538304, "y_average": 3.1688667754843363, "z_average": 3.2776286554996763, "xy_average": 3.165174372719083, "average": 3.202659133645947}, "angle_XMX": {"x": [174.84220823038586, 171.1464064573522, 174.85399961232307, 177.6498789110942], "y": [177.9166427931098, 175.44897935256398, 173.65085364972435, 171.68316720797307], "z": [168.57029363136326, 169.69249198322026, 169.5199949860142, 172.58058065314762], "x_average": 174.62312330278883, "y_average": 174.6749107508428, "z_average": 170.09084031343636, "xy_average": 174.6490170268158, "average": 173.12962478902264}, "angle_MXM": {"x": [147.3496344661024, 156.4342616553324, 152.24973623753365, 149.02789294688816], "y": [149.63410645897685, 144.1185295657016, 153.78977308953424, 153.99470084395864], "z": [], "x_average": 151.26538132646417, "y_average": 150.38427748954282, "z_average": NaN, "xy_average": 150.8248294080035, "average": 150.8248294080035}}