{"n_layer": 1, "d_interlayer": 11.972188723545369, "bond": {"x": [3.258338099919975, 3.2186573634026794, 3.1920848724408875, 3.2861570945804486, 3.270605948508099, 3.15576382535184, 3.1535615478507433, 3.3226049758266973], "y": [3.2259127832752523, 3.1791229488320907, 3.204715653403108, 3.1582324998552576, 3.238839029968771, 3.1847416137965343, 3.1866109746895397, 3.213314799307632], "z": [3.129058615998733, 3.2792268064390377, 3.196654588613568, 3.234415282995483, 3.2471027978968867, 3.2023652338407484, 3.2751948149753938, 3.1103966061498847], "x_average": 3.2322217159851716, "y_average": 3.1989362878910232, "z_average": 3.209301843363717, "xy_average": 3.2155790019380976, "average": 3.2134866157466373}, "angle_XMX": {"x": [173.50415395445552, 176.5858266507639, 168.26115166948478, 172.0325466062064], "y": [167.24526791732774, 176.0025280230653, 174.05253306188737, 172.55065103620765], "z": [170.66097978189137, 167.16825870639326, 169.05237515928178, 174.20574848940566], "x_average": 172.59591972022767, "y_average": 172.46274500962204, "z_average": 170.27184053424304, "xy_average": 172.52933236492484, "average": 171.7768350880309}, "angle_MXM": {"x": [158.5824477415555, 146.2117586178087, 143.75003115531484, 151.071554496199], "y": [150.71723475055788, 147.9414957580152, 142.42020016980248, 153.0840270033626], "z": [], "x_average": 149.90394800271952, "y_average": 148.54073942043453, "z_average": NaN, "xy_average": 149.22234371157703, "average": 149.22234371157703}}