{"n_layer": 1, "d_interlayer": 9.887362044010462, "bond": {"x": [3.197869171306428, 3.1055531711411466, 3.1837846380112076, 3.1437280284038565, 3.2369654387166253, 3.099685571520977, 3.176267679163546, 3.1277571625090355], "y": [3.1107543768496364, 3.1278506809268736, 3.130818888625561, 3.1237368850012497, 3.0995864967358324, 3.1739335273602953, 3.11849308176393, 3.15718375932883], "z": [3.259453733120639, 3.199673354194669, 3.2232264092321237, 3.2584865391121856, 3.2377478236188733, 3.2418767366985195, 3.1981687012803452, 3.266045753013135], "x_average": 3.158951357596603, "y_average": 3.1302947120740257, "z_average": 3.2355848812838115, "xy_average": 3.1446230348353144, "average": 3.1749436503181467}, "angle_XMX": {"x": [174.5223279730515, 162.63859017356253, 168.056232858983, 168.62244937740158], "y": [160.65742992343, 162.61466087174796, 158.893699953399, 163.3376719315415], "z": [179.22482221246818, 173.9721655066213, 171.70457837527718, 174.17553910125096], "x_average": 168.45990009574965, "y_average": 161.3758656700296, "z_average": 174.7692762989044, "xy_average": 164.91788288288961, "average": 168.20168068822787}, "angle_MXM": {"x": [168.63655405952716, 159.06147643067453, 160.10918295520798, 172.2832437886329], "y": [152.219843907821, 169.11150641263822, 147.63373292101625, 172.03575307695155], "z": [], "x_average": 165.02261430851064, "y_average": 160.25020907960675, "z_average": NaN, "xy_average": 162.6364116940587, "average": 162.6364116940587}}