{"n_layer": 1, "d_interlayer": 12.043984050191046, "bond": {"x": [3.2342648281185213, 3.482169893781111, 3.2325778829638794, 3.2602560235523046, 3.175193466543342, 3.2994959071979846, 3.1592893643394473, 3.3193565419603774], "y": [3.41809108891746, 3.2247920609430696, 3.3220255614729473, 3.1679510562639006, 3.221446702965677, 3.3249234519652715, 3.3490128641838766, 3.1443883203758856], "z": [3.1391469842446726, 3.183975883163746, 3.335124769939695, 3.2026677723273758, 3.321926472810395, 3.2353810377864716, 3.052439864570382, 3.365662459663975], "x_average": 3.270325488557121, "y_average": 3.271578888386011, "z_average": 3.229540655563339, "xy_average": 3.2709521884715658, "average": 3.2571483441688236}, "angle_XMX": {"x": [170.36479418696015, 166.66227443824192, 171.58179158523322, 165.3095358964065], "y": [173.79841464828814, 170.89505190796146, 176.513925413029, 164.22859101560405], "z": [172.89272992602082, 164.01961261224656, 158.66696828523405, 173.1435296463804], "x_average": 168.47959902671045, "y_average": 171.35899574622067, "z_average": 167.18071011747043, "xy_average": 169.91929738646556, "average": 169.0064349634672}, "angle_MXM": {"x": [143.27350969039128, 151.31687705256013, 143.04085657961255, 148.70255987338942], "y": [151.36369605243175, 139.57798599826862, 148.68247892071435, 147.76047948280382], "z": [], "x_average": 146.58345079898834, "y_average": 146.84616011355462, "z_average": NaN, "xy_average": 146.71480545627148, "average": 146.71480545627148}}