{"n_layer": 1, "d_interlayer": 10.696487256238543, "bond": {"x": [3.1943410648592816, 3.194271527322647, 3.1648308175346958, 3.2152904372548288, 3.2088301188862993, 3.1755832883339172, 3.1835888348721095, 3.208826422435584], "y": [3.181123174211265, 3.1778645908213576, 3.169469113315695, 3.1732347830403183, 3.148610624453515, 3.182634874837747, 3.15688884253761, 3.196473128747194], "z": [3.1557731647404643, 3.2953562196846273, 3.230704865522447, 3.2329135005586003, 3.234081561868782, 3.228032798373471, 3.292496503783425, 3.1571678818228524], "x_average": 3.1931953139374203, "y_average": 3.1732873914955877, "z_average": 3.2283158120443334, "xy_average": 3.1832413527165038, "average": 3.1982661724924473}, "angle_XMX": {"x": [170.57077581750704, 176.9884282617464, 174.40950883177365, 169.82717620742886], "y": [168.0838208014146, 167.5572767650795, 167.67056922785366, 166.07736014258913], "z": [169.48122659444533, 169.17920336191892, 169.38359523806457, 170.5412996767676], "x_average": 172.948972279614, "y_average": 167.3472567342342, "z_average": 169.64633121779912, "xy_average": 170.14811450692412, "average": 169.98085341054912}, "angle_MXM": {"x": [149.7746124759414, 145.6926310241357, 143.7708724921556, 147.64086259263533], "y": [145.0199124733021, 146.6674949665827, 147.1630937714386, 146.34568774097272], "z": [], "x_average": 146.719744646217, "y_average": 146.29904723807402, "z_average": NaN, "xy_average": 146.50939594214552, "average": 146.50939594214552}}