{"n_layer": 1, "d_interlayer": 7.07651358434319, "bond": {"x": [3.204833480755193, 3.2103041630572653, 3.11247893976149, 3.3082861260854717, 3.1776957157696084, 3.26992641284822, 3.1431348495191203, 3.367835130299681], "y": [3.2342222107479084, 3.1141318997907597, 3.274029128050263, 3.1431250503264883, 3.207559047683209, 3.209941194658365, 3.2176632849864673, 3.2427682408773233], "z": [3.205374414727872, 3.260355600964811, 3.1559135759024803, 3.30526204542021, 3.2119821018040575, 3.2248657127547116, 3.3450608108670736, 3.1125425950939722], "x_average": 3.224311852262006, "y_average": 3.205430007140098, "z_average": 3.2276696071918987, "xy_average": 3.214870929701052, "average": 3.219137155531334}, "angle_XMX": {"x": [168.77745981345478, 165.6463323844453, 175.24668519815162, 162.4632259064637], "y": [169.12357601667233, 161.86644589177655, 163.33885263457273, 162.39534735649713], "z": [172.3575357738181, 168.15604654360635, 172.23695849913923, 169.1233501768984], "x_average": 168.03342582562885, "y_average": 164.18105547487968, "z_average": 170.4684727483655, "xy_average": 166.10724065025425, "average": 167.56098468295804}, "angle_MXM": {"x": [146.70380090092533, 162.17072626736694, 161.88137109144765, 142.39614851855995], "y": [143.37408758379897, 163.98369460916746, 169.43156932667995, 135.22762970560245], "z": [], "x_average": 153.28801169457498, "y_average": 153.0042453063122, "z_average": NaN, "xy_average": 153.14612850044358, "average": 153.14612850044358}}