{"n_layer": 1, "d_interlayer": 10.136758254397991, "bond": {"x": [3.4919735465129516, 3.062586992504903, 3.037901972867095, 3.5394287916286404, 4.085720453424214, 3.1705423746990475, 3.1455781749249985, 4.037955958277542], "y": [3.470804435994055, 3.0621579682496884, 4.172172765811029, 3.1653441011618186, 3.475448963987256, 3.0551831465380164, 4.033443372745829, 3.1569501018993935], "z": [3.502097140835029, 2.948400903627725, 2.989499031521194, 3.5490051014387145, 3.0011390863608653, 3.5512569173835824, 3.4330263879727294, 3.0348432094792313], "x_average": 3.4464610331049244, "y_average": 3.4489381070483858, "z_average": 3.2511584723273836, "xy_average": 3.4476995700766544, "average": 3.382185870826898}, "angle_XMX": {"x": [162.33407504022827, 161.27775617500416, 152.3095180462031, 164.51320724122544], "y": [164.0351172286684, 151.53450863422796, 165.30518493069903, 167.01211078433923], "z": [173.92254740311398, 155.75697883804864, 157.50412427075574, 158.252817688807], "x_average": 160.10863912566523, "y_average": 161.97173039448367, "z_average": 161.35911705018134, "xy_average": 161.04018476007445, "average": 161.1464955234434}, "angle_MXM": {"x": [138.52734826779522, 156.60449576046744, 149.14016827364568, 126.10556650962742], "y": [143.69292255876113, 144.12117317964677, 140.02053268763993, 142.7559899190501], "z": [], "x_average": 142.59439470288396, "y_average": 142.64765458627448, "z_average": NaN, "xy_average": 142.62102464457922, "average": 142.62102464457922}}