{"n_layer": 1, "d_interlayer": 9.57779146732321, "bond": {"x": [3.213901090217571, 3.2037622862007296, 3.1421427170821286, 3.2458434397893123, 3.2313040534948514, 3.2251871061562225, 3.1570226020261036, 3.379281079560003], "y": [3.2229211299852865, 3.1642557296692773, 3.3439559588717813, 3.1318057392174707, 3.202755276287777, 3.2318393158448635, 3.2221094423103316, 3.2761763346667676], "z": [3.258490020187931, 3.1789775834280474, 3.2833842372877324, 3.224929753649054, 3.1799928499936416, 3.2676391541378753, 3.253948377797438, 3.1612543625224054], "x_average": 3.2248055468158654, "y_average": 3.2244773658566945, "z_average": 3.2260770423755156, "xy_average": 3.2246414563362795, "average": 3.225119985016025}, "angle_XMX": {"x": [169.22459187395313, 171.1816533811664, 174.36637475622393, 173.39909167709047], "y": [164.21870850770995, 172.61544328819966, 166.42069330445568, 169.65587558963202], "z": [170.7237553703402, 161.5668546109016, 171.35939673000468, 174.177488234923], "x_average": 172.04292792210848, "y_average": 168.22768017249933, "z_average": 169.45687373654238, "xy_average": 170.13530404730392, "average": 169.9091606103834}, "angle_MXM": {"x": [149.67376741800447, 156.1120295726831, 152.5936990334001, 142.2166935483611], "y": [146.1192802658137, 155.93510510839346, 161.49089297118508, 138.1499941809602], "z": [], "x_average": 150.1490473931122, "y_average": 150.42381813158812, "z_average": NaN, "xy_average": 150.28643276235016, "average": 150.28643276235016}}