{"n_layer": 1, "d_interlayer": 5.2101623692355385, "bond": {"x": [3.373742348684804, 3.1795857022550247, 3.2049616521008657, 3.2147927417378557, 3.2932762710142707, 3.1459547161876866, 3.3051100351446046, 3.125782370439363], "y": [3.2181880025528473, 3.2359768187813134, 3.1441131745133273, 3.2859449342553, 3.1657330923432636, 3.270677714072892, 3.156938790896801, 3.1961746875861827], "z": [3.174471779773034, 3.256630252150397, 3.222386379669013, 3.291745689127893, 3.113809229511716, 3.3906062156288557, 3.520046926119447, 3.0793648843939105], "x_average": 3.2304007296955595, "y_average": 3.2092184018752405, "z_average": 3.2561326695467834, "xy_average": 3.2198095657854005, "average": 3.231917267039195}, "angle_XMX": {"x": [167.62317045941032, 174.96091358045317, 163.91427963751832, 172.13227048376515], "y": [166.94284685005934, 168.33401059321432, 175.04380152040642, 169.1565758098074], "z": [164.87608060064562, 165.2670148115016, 174.37629351474763, 165.81203389117917], "x_average": 169.65765854028675, "y_average": 169.86930869337186, "z_average": 167.58285570451852, "xy_average": 169.7634836168293, "average": 169.03660764605903}, "angle_MXM": {"x": [152.37124126502445, 173.40302636957875, 175.5909547792121, 166.32906000339327], "y": [153.61046546414514, 176.75119295580623, 175.42534412596083, 163.4036286258209], "z": [], "x_average": 166.92357060430214, "y_average": 167.29765779293325, "z_average": NaN, "xy_average": 167.11061419861772, "average": 167.11061419861772}}