{"n_layer": 1, "d_interlayer": 8.36852565515066, "bond": {"x": [3.185278324220129, 3.143506632025921, 3.173184305269913, 3.1953929243418173, 3.1553691863867974, 3.1739390421644904, 3.2008633641879114, 3.1950519416453727], "y": [3.143206043168653, 3.2215165107533235, 3.1115307489942077, 3.328559054221312, 3.1456902149222, 3.2900192844796248, 3.159251812459432, 3.336237897090161], "z": [3.1623192909024667, 3.358974785214418, 3.28305016059563, 3.2218210907199807, 3.27935894171434, 3.2170883297311086, 3.25386276568211, 3.159098846204225], "x_average": 3.177823215030294, "y_average": 3.2170014457611145, "z_average": 3.241946776345535, "xy_average": 3.197412330395704, "average": 3.2122571457123144}, "angle_XMX": {"x": [165.4880991460504, 162.47861756853126, 164.2947953374772, 163.1118740188044], "y": [170.88013640869056, 164.09926051473897, 174.84975248296058, 175.5862977803059], "z": [177.30904591610147, 173.2411024320245, 172.1767225951507, 176.9798115586463], "x_average": 163.84334651771582, "y_average": 171.353861796674, "z_average": 174.92667062548077, "xy_average": 167.5986041571949, "average": 170.04129297995686}, "angle_MXM": {"x": [159.32345553806505, 129.5175947227942, 134.7414406879086, 160.92055236862893], "y": [155.5131841830747, 150.83752691971387, 147.65583752504244, 146.92099168750238], "z": [], "x_average": 146.1257608293492, "y_average": 150.23188507883336, "z_average": NaN, "xy_average": 148.17882295409126, "average": 148.17882295409126}}