{"n_layer": 1, "d_interlayer": 7.92394579865433, "bond": {"x": [3.258488054698073, 3.1555213316495005, 3.2799152437651338, 3.1602437485822503, 3.229319291247376, 3.166851290005145, 3.267234775785938, 3.159268382681732], "y": [3.161796855854374, 3.1790787352404473, 3.167985223455853, 3.1670995320711826, 3.155208191836943, 3.179558458552326, 3.156416185102757, 3.1854535432366773], "z": [3.23310203994868, 3.2856444271650496, 3.244818891161641, 3.2692998858411673, 3.1937087379323934, 3.3047796408521677, 3.3478909956809835, 3.1611724854450407], "x_average": 3.2096052648018936, "y_average": 3.16907459066882, "z_average": 3.25505213800339, "xy_average": 3.1893399277353565, "average": 3.211243997824701}, "angle_XMX": {"x": [178.33873900288222, 174.03479571659335, 172.14025762765937, 177.27092137090713], "y": [172.20399174674048, 165.08529858365785, 175.5807100645285, 164.00971315174405], "z": [167.47472954123626, 169.97325728316156, 173.795259818882, 172.35370637060393], "x_average": 175.44617842951052, "y_average": 169.21992838666773, "z_average": 170.89923825347094, "xy_average": 172.3330534080891, "average": 171.85511502321637}, "angle_MXM": {"x": [147.9777201750495, 154.2482095154558, 157.05341915129839, 146.44987272407724], "y": [136.4621427199863, 159.05958543344295, 157.8813566888998, 137.50474753087502], "z": [], "x_average": 151.43230539147024, "y_average": 147.72695809330102, "z_average": NaN, "xy_average": 149.57963174238563, "average": 149.57963174238563}}