{"n_layer": 1, "d_interlayer": 9.02639805609266, "bond": {"x": [3.1828616980606577, 3.3521995854984294, 3.2509861178813364, 3.223511658726361, 3.2887407872236962, 3.185450577220964, 3.236268214798929, 3.300381121283991], "y": [3.1702667142427576, 3.291235199236534, 3.167016719551388, 3.304596447648046, 3.161781714031946, 3.257410980270302, 3.137399147423366, 3.313790494962442], "z": [3.1651672226546377, 3.1762264107659592, 3.255598436462324, 3.188356457617033, 3.337402210233422, 3.1425183245611708, 3.1644360103853484, 3.2746938029398733], "x_average": 3.2525499700867955, "y_average": 3.2254371771708477, "z_average": 3.213049859452471, "xy_average": 3.2389935736288216, "average": 3.230345668903371}, "angle_XMX": {"x": [158.31122528040828, 168.6594988858513, 174.06016070014272, 167.53913395714125], "y": [166.80605108797428, 170.15422197492364, 167.42378154217536, 170.8198385584006], "z": [169.84279864357495, 168.81180305492333, 166.12978901399833, 170.7888712224174], "x_average": 167.14250470588587, "y_average": 168.80097329086846, "z_average": 168.8933154837285, "xy_average": 167.9717389983772, "average": 168.27893116016097}, "angle_MXM": {"x": [159.3109000832679, 139.07587984292707, 139.784380059556, 158.3726243810754], "y": [148.60112204835787, 142.13679147829208, 139.88866554574955, 154.4875581821382], "z": [], "x_average": 149.13594609170661, "y_average": 146.27853431363442, "z_average": NaN, "xy_average": 147.7072402026705, "average": 147.7072402026705}}