{"n_layer": 1, "d_interlayer": 7.220310601782996, "bond": {"x": [3.2009041877039595, 3.2296337567111713, 3.2877434450397502, 3.130241984272968, 3.2341285367385884, 3.214507153225236, 3.3949919931554975, 3.1389318414863587], "y": [3.1307279816254, 3.2503170424536942, 3.1496718518830886, 3.3339104918780476, 3.234925050649736, 3.2109132164562273, 3.2745268386983644, 3.2075834730606805], "z": [3.25043186881828, 3.1931533331159643, 3.2801935327475156, 3.151856113020736, 3.2322046885192757, 3.1962218545636363, 3.123915726205954, 3.3156236665368533], "x_average": 3.228885362291691, "y_average": 3.224071993338155, "z_average": 3.217950097941027, "xy_average": 3.226478677814923, "average": 3.2236358178569575}, "angle_XMX": {"x": [168.86515474121177, 165.51518545362512, 174.30258809435657, 163.75652851477798], "y": [168.20290996669755, 161.84246172375614, 166.50676199614642, 163.20199690930855], "z": [169.43268862996953, 164.63884847013972, 169.2601685564104, 168.0875276395115], "x_average": 168.10986420099286, "y_average": 164.93853264897717, "z_average": 167.8548083240078, "xy_average": 166.524198424985, "average": 166.9677350579926}, "angle_MXM": {"x": [159.0695722473521, 139.40792381393933, 143.91785204707995, 159.8871199608012], "y": [161.29551200969323, 140.24856172117413, 134.666098739706, 164.79775276299893], "z": [], "x_average": 150.57061701729316, "y_average": 150.25198130839306, "z_average": NaN, "xy_average": 150.4112991628431, "average": 150.4112991628431}}