{"n_layer": 1, "d_interlayer": 6.04652931203899, "bond": {"x": [3.5432872753999156, 3.1340938191015093, 3.360079902575222, 3.031998394866784, 4.0990539981147185, 3.186818575071146, 4.249729802043178, 3.3125020800323766], "y": [3.1157208491667197, 3.3764398414727355, 3.340859397835229, 3.9523698720154736, 3.042862110218131, 3.4870645329284575, 3.1729537041314244, 4.393631089567653], "z": [3.326536289254237, 3.3377779947147506, 3.1626327447220555, 3.28728932415064, 3.260657934871931, 3.2554783638543197, 3.1124509476052937, 2.979938899024932], "x_average": 3.489695480900606, "y_average": 3.485237674666978, "z_average": 3.2153453122747697, "xy_average": 3.487466577783792, "average": 3.3967594892807846}, "angle_XMX": {"x": [178.32576577556515, 174.09229311811148, 176.041817150049, 172.46946006311686], "y": [178.3582583824377, 171.11828592667425, 170.49000115989264, 164.24309638320975], "z": [162.73921038131547, 144.17022817465914, 165.88364562420207, 122.44503535308984], "x_average": 175.23233402671065, "y_average": 171.05241046305358, "z_average": 148.80952988331663, "xy_average": 173.1423722448821, "average": 165.03142479102692}, "angle_MXM": {"x": [152.65074248421604, 159.5600848274332, 157.0277632139342, 150.48558520743023], "y": [152.3018909963395, 161.85693924782015, 135.8749857683505, 160.00753432836106], "z": [], "x_average": 154.93104393325342, "y_average": 152.5103375852178, "z_average": NaN, "xy_average": 153.7206907592356, "average": 153.7206907592356}}