{"n_layer": 1, "d_interlayer": 7.997260137836516, "bond": {"x": [3.134788763731395, 3.275215382820552, 3.1372015078323567, 3.2277647282207713, 3.14334662503936, 3.2250777317677892, 3.1023400785822144, 3.248989083065757], "y": [3.120316509306797, 3.14161654405944, 3.147373002179508, 3.1461449869743774, 3.1537017706775914, 3.106209608086487, 3.1810874413631307, 3.1114729717788703], "z": [3.1453805021513306, 3.376309340439519, 3.2680138318335055, 3.20569920434984, 3.2336198451062566, 3.2492461554785237, 3.3070804670791354, 3.16212345048863], "x_average": 3.1868404876325247, "y_average": 3.138490354303275, "z_average": 3.2434340996158424, "xy_average": 3.1626654209678997, "average": 3.1895883138505474}, "angle_XMX": {"x": [173.59352595245105, 171.65305718216428, 173.13943888734553, 176.54206088998126], "y": [170.80140998264977, 163.48289682669645, 176.0754605643782, 163.12255550537225], "z": [166.64275808576832, 170.2158015697378, 172.24628486385765, 173.04592884527506], "x_average": 173.7320207279855, "y_average": 168.37058071977418, "z_average": 170.53769334115972, "xy_average": 171.05130072387985, "average": 170.88009826297312}, "angle_MXM": {"x": [162.42889258437074, 157.86038338762228, 152.30868346487242, 163.71641928210997], "y": [170.2162490322739, 145.26243544942818, 147.11900649289572, 167.64419462515505], "z": [], "x_average": 159.07859467974384, "y_average": 157.56047139993822, "z_average": NaN, "xy_average": 158.31953303984102, "average": 158.31953303984102}}