{"n_layer": 1, "d_interlayer": 8.093307392653543, "bond": {"x": [3.2148228248794672, 3.2175711898218795, 3.2787591048749625, 3.183850780869685, 3.28958448066509, 3.252511505437751, 3.406489420915263, 3.235888514580142], "y": [3.2244087005482607, 3.192690308174558, 3.285864313425318, 3.2242618632594318, 3.2971468416514247, 3.1632775856876054, 3.359035593353316, 3.235352051384608], "z": [3.2846897135473565, 3.1160714941101886, 3.132934481863295, 3.3119610551111602, 3.1231725589525925, 3.323115410352586, 3.2849011473708303, 3.0908611360890217], "x_average": 3.25993472775553, "y_average": 3.247754657185565, "z_average": 3.208463374674629, "xy_average": 3.253844692470548, "average": 3.238717586538575}, "angle_XMX": {"x": [173.46008885119375, 175.00941826151904, 170.07634378235915, 172.80129731135995], "y": [170.04135269507609, 173.73597602269777, 171.29344636832894, 174.6783849174326], "z": [177.7050511660689, 175.9593925208467, 174.8168513185682, 173.25025718695073], "x_average": 172.83678705160796, "y_average": 172.43729000088385, "z_average": 175.43288804810865, "xy_average": 172.63703852624593, "average": 173.56898836686685}, "angle_MXM": {"x": [146.86478743843028, 152.46391775190307, 155.81863116448233, 140.67150544815323], "y": [153.49051217544653, 147.70755630139325, 139.42546032904073, 152.99304054655772], "z": [], "x_average": 148.95471045074223, "y_average": 148.40414233810958, "z_average": NaN, "xy_average": 148.6794263944259, "average": 148.6794263944259}}