{"n_layer": 1, "d_interlayer": 7.41775722857555, "bond": {"x": [3.1900007762000713, 3.6520663582529336, 3.3621766131828856, 3.312547797968575, 3.0873438805419107, 3.356402493847494, 3.2633057269921086, 3.2351008508216097], "y": [3.2083973013629676, 3.529629792583619, 3.1119242443540425, 3.3351811249485186, 3.2769392324670275, 3.3770707299487013, 3.2536482746438438, 3.1995652084681097], "z": [3.1045712967579875, 3.231924008371455, 3.3600197733325436, 3.187413876591451, 3.338684626590085, 3.167322820978496, 3.178429214793193, 3.4060923220158736], "x_average": 3.3073680622259487, "y_average": 3.286544488597104, "z_average": 3.246807242428886, "xy_average": 3.2969562754115262, "average": 3.2802399310839796}, "angle_XMX": {"x": [177.87059645648495, 177.90443878416775, 176.2297210262967, 177.01719784286752], "y": [173.80852861496004, 172.63198607229737, 177.1421296682186, 175.33304423058294], "z": [170.56248693009837, 171.84816312772347, 172.41571849537308, 173.30301119329079], "x_average": 177.25548852745422, "y_average": 174.72892214651472, "z_average": 172.03234493662143, "xy_average": 175.99220533698448, "average": 174.6722518701968}, "angle_MXM": {"x": [150.96940692217302, 150.07241248125155, 145.30402671855447, 153.31651134917652], "y": [143.4304113715001, 154.3014184513727, 153.42180042136997, 148.36594200186366], "z": [], "x_average": 149.9155893677889, "y_average": 149.87989306152662, "z_average": NaN, "xy_average": 149.89774121465774, "average": 149.89774121465774}}