{"n_layer": 1, "d_interlayer": 4.101177833321607, "bond": {"x": [3.2944096165538643, 3.1853332638424465, 3.3092033896329798, 3.2155085401063572, 3.223383141887654, 3.211493368939471, 3.3435043330981546, 3.1581212361445177], "y": [3.2011727252386653, 3.1382697720924293, 3.1670024598644693, 3.1789969634292734, 3.1960363563160543, 3.268000002767387, 3.2510087803771235, 3.20927479168397], "z": [3.15620419788142, 3.3587538769431666, 3.2837529499132785, 3.2478597498772097, 3.219741483210182, 3.301550886043512, 3.4543831278663815, 3.1340603569074603], "x_average": 3.2426196112756807, "y_average": 3.2012202314711713, "z_average": 3.2695383285803263, "xy_average": 3.221919921373426, "average": 3.2377927237757262}, "angle_XMX": {"x": [175.4986817763288, 174.00399796220407, 178.83085143341646, 174.19701253087973], "y": [172.75042899117068, 176.13342877441218, 178.0320561006974, 173.97146930892868], "z": [167.89876470995944, 170.363805364823, 168.97303846418407, 169.71046443743725], "x_average": 175.63263592570726, "y_average": 175.22184579380226, "z_average": 169.23651824410095, "xy_average": 175.42724085975476, "average": 173.36366665453681}, "angle_MXM": {"x": [148.1588698792625, 151.05324172902306, 151.381771962825, 142.235621960768], "y": [155.8136907897338, 149.22844987599203, 146.03620205415723, 143.62678705705977], "z": [], "x_average": 148.20737638296964, "y_average": 148.6762824442357, "z_average": NaN, "xy_average": 148.44182941360268, "average": 148.44182941360268}}