{"n_layer": 1, "d_interlayer": 4.169250571685993, "bond": {"x": [3.1931956563790593, 3.1749122153147007, 3.22147128798616, 3.205610535932662, 3.1936246214457444, 3.192618615272887, 3.23738241565724, 3.2112933234389125], "y": [3.149955065283783, 3.195808707221603, 3.1649204584110486, 3.186713615952872, 3.1910848795876237, 3.2020085850996076, 3.1936236022364612, 3.2146961793732016], "z": [3.198294454551736, 3.3515162110925565, 3.2331733344691815, 3.3255254360173483, 3.1937030375866033, 3.3707141607145057, 3.5146568390663786, 3.08988145079768], "x_average": 3.2037635839284206, "y_average": 3.187351386645775, "z_average": 3.284683115536999, "xy_average": 3.195557485287098, "average": 3.225266028703732}, "angle_XMX": {"x": [176.1978908361351, 174.82411868659847, 173.66487636647904, 175.7391223105713], "y": [173.98607612413514, 177.95028815967024, 176.55094111016496, 174.72744254795077], "z": [175.10416542862077, 174.40648840961765, 173.8421548835831, 172.62405934685887], "x_average": 175.10650204994596, "y_average": 175.80368698548025, "z_average": 173.99421701717012, "xy_average": 175.45509451771312, "average": 174.96813535086542}, "angle_MXM": {"x": [142.1435165983057, 148.14182260657554, 152.2696686545839, 139.1689680014194], "y": [142.5747181154739, 149.62525092109126, 147.11802242683913, 139.1863200472126], "z": [], "x_average": 145.43099396522115, "y_average": 144.6260778776542, "z_average": NaN, "xy_average": 145.02853592143765, "average": 145.02853592143765}}