{"n_layer": 1, "d_interlayer": 8.491296587616192, "bond": {"x": [3.149361370941142, 3.2659531601880887, 3.198790345604755, 3.239623843291433, 3.2210035133405945, 3.166838985047973, 3.198568112094961, 3.318184855931438], "y": [3.1949799011930455, 3.203048472069609, 3.1237832315517586, 3.278898126247389, 3.1859020459047804, 3.1864650409091824, 3.1736623284776266, 3.259546206506564], "z": [3.338225058648349, 3.0959820854912765, 3.195828626257927, 3.333644971808494, 3.234831444687207, 3.316087800768705, 3.19494378627062, 3.2315559448950575], "x_average": 3.219790523305048, "y_average": 3.2007856691074945, "z_average": 3.2426374648534546, "xy_average": 3.2102880962062716, "average": 3.2210712190886657}, "angle_XMX": {"x": [164.84421772964924, 170.87130713192238, 175.50413730192207, 177.07327566844418], "y": [167.02114361239128, 176.17672516022813, 176.141811399857, 179.61257901579765], "z": [171.58349936320292, 165.7280450646806, 164.77759634101432, 171.71283736737274], "x_average": 172.07323445798448, "y_average": 174.73806479706852, "z_average": 168.45049453406764, "xy_average": 173.4056496275265, "average": 171.7539312630402}, "angle_MXM": {"x": [156.93161701155546, 140.42740490030266, 144.0108163099836, 150.32262720438052], "y": [142.24870988666234, 152.68848150725617, 144.92029179769153, 148.35170183801824], "z": [], "x_average": 147.92311635655557, "y_average": 147.05229625740708, "z_average": NaN, "xy_average": 147.48770630698132, "average": 147.48770630698132}}