{"n_layer": 1, "d_interlayer": 4.343206141908205, "bond": {"x": [3.2212787081487746, 3.266584362167703, 3.180442054968678, 3.2527311515960107, 3.1804038586327965, 3.341173723362014, 3.19611872314027, 3.239114874921401], "y": [3.1812663831383827, 3.2057491253318946, 3.176411772833231, 3.220593173123406, 3.1736929389962145, 3.2030894468404436, 3.226001920452448, 3.1815960700426276], "z": [3.4434597439466965, 3.123737101452502, 3.219137931982762, 3.2486842522500163, 3.249437191101773, 3.2077227642775505, 3.1382432168004333, 3.2829381748422706], "x_average": 3.234730932117206, "y_average": 3.196050103844831, "z_average": 3.2391700470817506, "xy_average": 3.2153905179810183, "average": 3.223317027681263}, "angle_XMX": {"x": [174.8700002219251, 166.832793216166, 170.74594175999266, 175.2259964289097], "y": [166.52783577515007, 162.2305916306726, 169.86270541918802, 161.30418292267947], "z": [171.00120530332262, 177.22465235142445, 174.36714956567812, 174.62769386809634], "x_average": 171.91868290674836, "y_average": 164.98132893692255, "z_average": 174.30517527213038, "xy_average": 168.45000592183544, "average": 170.40172903860045}, "angle_MXM": {"x": [153.30684029917896, 144.13259393836537, 139.22132561863054, 158.55331398286205], "y": [158.8549390095574, 129.31169636049253, 129.62777889131536, 158.31166000982935], "z": [], "x_average": 148.80351845975923, "y_average": 144.02651856779866, "z_average": NaN, "xy_average": 146.41501851377893, "average": 146.41501851377893}}