{"n_layer": 1, "d_interlayer": 8.277794043047253, "bond": {"x": [3.194442770751365, 3.23580041334595, 3.1438764619247936, 3.239757776775666, 3.1695332510939327, 3.2836563220963444, 3.1550282464739325, 3.237069560448774], "y": [3.2838534633720387, 3.1502199191175646, 3.2158230797573375, 3.1516429103321935, 3.169948714081956, 3.1514623232909096, 3.1370677592817504, 3.158137010643888], "z": [3.3952005665197604, 3.077653933008047, 3.209006465922185, 3.278328108274378, 3.2459220607668153, 3.1897118139374454, 3.1185844469573407, 3.3587542837540374], "x_average": 3.207395600363845, "y_average": 3.1772693974847046, "z_average": 3.2341452098925014, "xy_average": 3.1923324989242747, "average": 3.206270069247017}, "angle_XMX": {"x": [167.7322206307914, 176.85276674645692, 167.34364772268887, 171.88492463728014], "y": [169.21673199241076, 163.0223520647221, 165.98557059106577, 166.21797889204623], "z": [166.69290837627483, 169.881261154538, 172.9027628892022, 176.47149945653894], "x_average": 170.95338993430434, "y_average": 166.1106583850612, "z_average": 171.4871079691385, "xy_average": 168.53202415968278, "average": 169.517052096168}, "angle_MXM": {"x": [143.06464512662342, 160.53106037642755, 165.96270189344173, 153.91868034567162], "y": [140.2151171741522, 161.04719663489803, 169.4026789630232, 146.86233052551518], "z": [], "x_average": 155.8692719355411, "y_average": 154.38183082439716, "z_average": NaN, "xy_average": 155.1255513799691, "average": 155.1255513799691}}