{"n_layer": 1, "d_interlayer": 8.16449147685113, "bond": {"x": [3.2246011504190197, 3.2142061763649323, 3.1797312097000905, 3.107229961952527, 3.1561196065823833, 3.266286918761807, 3.1410809503797594, 3.1154589285542476], "y": [3.2314493417078602, 3.193474077919229, 3.2672854308450683, 3.166501894430164, 3.1547539872064267, 3.1976363685697162, 3.21449757100225, 3.123023550697083], "z": [3.0908416839322785, 3.4023457352080833, 3.230623106979694, 3.2342076070442385, 3.29336340985507, 3.207232856141064, 3.2775923814706722, 3.255273791779913], "x_average": 3.1755893628393457, "y_average": 3.1935777777972247, "z_average": 3.2489350715513767, "xy_average": 3.184583570318285, "average": 3.206034070729315}, "angle_XMX": {"x": [163.2993409308535, 165.21023170945563, 169.5291167842335, 169.10542847101243], "y": [167.0600658665221, 173.65381368588615, 172.3467349392188, 173.34726969470773], "z": [174.18329191021485, 175.7719004691391, 175.0888907991329, 174.1197348732581], "x_average": 166.78602947388876, "y_average": 171.60197104658369, "z_average": 174.79095451293625, "xy_average": 169.19400026023624, "average": 171.05965167780292}, "angle_MXM": {"x": [155.13213894027086, 143.73198253031634, 131.5234274220452, 159.85757913707806], "y": [160.4474643243423, 141.87786052755004, 163.58372036510406, 149.93762656738429], "z": [], "x_average": 147.56128200742762, "y_average": 153.96166794609516, "z_average": NaN, "xy_average": 150.7614749767614, "average": 150.7614749767614}}