{"n_layer": 1, "d_interlayer": 8.405839095319571, "bond": {"x": [3.076415688088709, 3.697344148199385, 3.159945914848575, 3.375218277122688, 3.1890684969012546, 3.292107414041159, 3.149788679162643, 3.5569269731663944], "y": [3.1874745054264912, 3.2172280159032045, 3.1633080403286353, 3.269727172896776, 3.3082132304726493, 3.1444309653057987, 3.2321754392784396, 3.258729542901265], "z": [3.326799559944456, 3.118300801980169, 3.2850263885677857, 3.2297866815440157, 3.441757249661916, 3.1862762661070927, 3.1964142603298606, 3.214160785326496], "x_average": 3.3121019489413515, "y_average": 3.2226608640641574, "z_average": 3.249815249182724, "xy_average": 3.2673814065027544, "average": 3.2615260207294106}, "angle_XMX": {"x": [159.87533375035252, 170.3836545006836, 167.565740087357, 168.3169849640668], "y": [160.8617166216715, 174.37135938231808, 167.04602919336142, 168.343436857072], "z": [157.7111042096632, 164.7443937567665, 158.36070232918067, 170.14357124646764], "x_average": 166.535428325615, "y_average": 167.65563551360574, "z_average": 162.7399428855195, "xy_average": 167.09553191961038, "average": 165.64366890824678}, "angle_MXM": {"x": [171.93053969790546, 153.3660774749749, 154.2050879215723, 166.5207542205896], "y": [155.95990976818968, 174.1846137255471, 149.42647954829957, 165.77766562155017], "z": [], "x_average": 161.50561482876054, "y_average": 161.33716716589663, "z_average": NaN, "xy_average": 161.42139099732861, "average": 161.42139099732861}}