{"n_layer": 1, "d_interlayer": 8.706484672255481, "bond": {"x": [3.143831792348686, 3.4648039582825514, 3.084488627599531, 3.709752017344761, 3.1038087646981265, 3.4800553188632715, 3.151057298083636, 3.5284119872849704], "y": [3.1504205137427688, 3.3763295238471276, 3.168793850289987, 3.2957290702017077, 3.25116605272095, 3.187366008810292, 3.1879210115483403, 3.314831326005005], "z": [3.3577135129559115, 3.0001276312913334, 3.282375822475983, 3.251599643019552, 3.2865311060878386, 3.2621055580857248, 3.15893657903992, 3.21906086158617], "x_average": 3.3332762205631914, "y_average": 3.2415696696457723, "z_average": 3.227306339317804, "xy_average": 3.287422945104482, "average": 3.267384076508923}, "angle_XMX": {"x": [165.10220430506448, 156.3783227803948, 166.4902289438524, 168.46073823293597], "y": [150.27334118343194, 149.97042340541856, 155.1763938864287, 164.45757680991], "z": [174.13055173797144, 158.42063166988308, 162.32689815746224, 157.81595112654333], "x_average": 164.1078735655619, "y_average": 154.9694338212973, "z_average": 163.173508172965, "xy_average": 159.53865369342958, "average": 160.7502718532747}, "angle_MXM": {"x": [157.1795853792854, 151.8282870527385, 160.2289082431962, 141.61993692634695], "y": [142.25872400016442, 154.62709006431376, 171.86812709131596, 136.56798365082744], "z": [], "x_average": 152.71417940039174, "y_average": 151.3304812016554, "z_average": NaN, "xy_average": 152.02233030102357, "average": 152.02233030102357}}