{"n_layer": 1, "d_interlayer": 6.026088065387496, "bond": {"x": [3.1324867740418303, 3.246162015125961, 3.188014891170928, 3.1881504078313334, 3.187947540889109, 3.1881869679559616, 3.132400613631186, 3.2461865588725334], "y": [3.1815962802995603, 3.185297873955179, 3.2366756046855567, 3.130335649790554, 3.236665543892606, 3.1302865383552234, 3.1816371858936887, 3.185307542580994], "z": [3.144586393703475, 3.1775793742391087, 3.151478072115022, 3.172064678662847, 3.17197937662534, 3.1515448906376875, 3.1776177772829044, 3.1444148874474793], "x_average": 3.188691971189855, "y_average": 3.18347527743167, "z_average": 3.161408181339233, "xy_average": 3.186083624310763, "average": 3.1778584766535865}, "angle_XMX": {"x": [176.6225946406257, 174.70034280973576, 174.70602361897153, 176.62982771932778], "y": [174.3853806890794, 176.91896891103147, 176.91835257568653, 174.38313591173312], "z": [174.61803600542757, 175.32211986993613, 175.324957285972, 174.61956654736386], "x_average": 175.6646971971652, "y_average": 175.65145952188263, "z_average": 174.97116992717488, "xy_average": 175.65807835952393, "average": 175.42910888207425}, "angle_MXM": {"x": [172.36419015442732, 165.85425366342102, 165.85354224474017, 172.37270015897317], "y": [174.07104627779594, 165.5257511562874, 165.5257351566242, 174.07454268606497], "z": [], "x_average": 169.11117155539043, "y_average": 169.79926881919312, "z_average": NaN, "xy_average": 169.45522018729176, "average": 169.45522018729176}}