{"n_layer": 1, "d_interlayer": 6.720004414930834, "bond": {"x": [3.6653079239929247, 3.1206364083918046, 3.4763570755641284, 3.1648165069115395, 3.4233762153777056, 3.132698380899682, 3.5155800068284337, 3.106398534455644], "y": [3.26829111412703, 3.163440390491191, 3.162124700931766, 3.221899795197102, 3.224914499373062, 3.1987142650035203, 3.1837454950258297, 3.201178349662426], "z": [3.150642008527113, 3.323610557530171, 3.1381488411513643, 3.3432239621608395, 3.197801772242202, 3.29247187291363, 3.4648387807212355, 3.015611461880907], "x_average": 3.3256463815527324, "y_average": 3.203038576226491, "z_average": 3.240793657140933, "xy_average": 3.2643424788896116, "average": 3.2564928716400523}, "angle_XMX": {"x": [163.94662840548992, 173.89266474398192, 163.39678956251876, 169.89615780195584], "y": [161.64446311094795, 158.40840244434833, 170.83824024896393, 162.93564897298816], "z": [169.02833493044926, 169.8952633253915, 173.04951507709833, 176.31642800719146], "x_average": 167.7830601284866, "y_average": 163.4566886943121, "z_average": 172.07238533503264, "xy_average": 165.61987441139934, "average": 167.77071138594377}, "angle_MXM": {"x": [143.0024907259413, 151.68696830136525, 154.28546306412994, 152.37795257267803], "y": [172.62636778686377, 135.0105529817975, 143.6102915974444, 156.5831799861956], "z": [], "x_average": 150.33821866602864, "y_average": 151.95759808807531, "z_average": NaN, "xy_average": 151.14790837705198, "average": 151.14790837705198}}