{"n_layer": 1, "d_interlayer": 7.888318726504879, "bond": {"x": [3.1417542728045658, 3.386606111948096, 3.1765170472320157, 3.2851656489205263, 3.168791035762099, 3.3351640510946843, 3.1516906784607075, 3.382633284784621], "y": [3.296165710113049, 3.1696075902099623, 3.346701926692393, 3.1478373126463826, 3.319259072741192, 3.151248931917523, 3.2653102677445225, 3.175656781607829], "z": [3.2318503346937253, 3.2190768827100467, 3.2283970254631327, 3.1971499364941858, 3.2023272524757234, 3.2295385579982727, 3.193778975322216, 3.220040346077608], "x_average": 3.2535402663759143, "y_average": 3.233973449209107, "z_average": 3.215269913904364, "xy_average": 3.2437568577925107, "average": 3.234261209829795}, "angle_XMX": {"x": [173.92601397031632, 169.29473390491168, 171.82140161251758, 169.52043944720128], "y": [168.83793366938036, 175.27889985007843, 172.2133032107755, 167.61776410813968], "z": [168.4182555907551, 166.72526120614245, 165.4526754439264, 162.13109925078444], "x_average": 171.1406472337367, "y_average": 170.98697520959348, "z_average": 165.6818228729021, "xy_average": 171.0638112216651, "average": 169.26981510541077}, "angle_MXM": {"x": [155.71925147309258, 144.57343508444947, 142.9343554127341, 158.7826365241783], "y": [156.34517150635943, 141.36775750534773, 144.30118544901882, 157.44056499765182], "z": [], "x_average": 150.50241962361363, "y_average": 149.86366986459444, "z_average": NaN, "xy_average": 150.18304474410402, "average": 150.18304474410402}}