{"n_layer": 1, "d_interlayer": 7.320727345364533, "bond": {"x": [3.137468092231426, 3.203586432817962, 3.2083234756349457, 3.1660347914548956, 3.1907700199140585, 3.156300075895348, 3.1627938581759616, 3.2294347093466764], "y": [3.151514338414156, 3.2151676711451955, 3.217357993732394, 3.1578022463966997, 3.199113654978734, 3.1568550131920796, 3.152490835912797, 3.2069579481946127], "z": [3.2039328881376394, 3.2089830712548086, 3.208871828823086, 3.224789538598699, 3.2033028432627644, 3.2386725971672097, 3.279708166098496, 3.190030782947397], "x_average": 3.1818389319339095, "y_average": 3.1821574627458338, "z_average": 3.219786464536263, "xy_average": 3.181998197339871, "average": 3.194594286405335}, "angle_XMX": {"x": [175.47965742686978, 178.53337165275474, 176.2967532888446, 175.39851658133287], "y": [179.85382486601878, 176.71790684841744, 175.30547587752852, 174.4753267213596], "z": [178.41974305334534, 179.3672760099367, 178.45531926037165, 178.49805796440415], "x_average": 176.42707473745048, "y_average": 176.58813357833108, "z_average": 178.68509907201445, "xy_average": 176.5076041578908, "average": 177.23343579593202}, "angle_MXM": {"x": [154.7843449158358, 147.0737591433251, 150.2069611371887, 152.53597755293225], "y": [152.24426682275956, 149.15606171476784, 151.75006975841478, 151.46045886441684], "z": [], "x_average": 151.15026068732044, "y_average": 151.15271429008976, "z_average": NaN, "xy_average": 151.1514874887051, "average": 151.1514874887051}}