{"n_layer": 1, "d_interlayer": 7.233781477435686, "bond": {"x": [3.3230621021828335, 3.1469921211816065, 3.1744472574552396, 3.1693038224427923, 3.2543051131495098, 3.1818522186240057, 3.2109903922620107, 3.135884151138301], "y": [3.1702476974309732, 3.258411436456179, 3.1647376913035012, 3.2965555417554566, 3.139929882190042, 3.2098243542062463, 3.152958987979459, 3.1656036168706754], "z": [3.29232832962641, 3.1467746443806073, 3.202789644741642, 3.2499108902809244, 3.2376720599311253, 3.1917642555925996, 3.139053347711076, 3.3094161461814577], "x_average": 3.1996046473045374, "y_average": 3.194783651024067, "z_average": 3.22121366480573, "xy_average": 3.197194149164302, "average": 3.205200654378111}, "angle_XMX": {"x": [173.47967820182333, 172.7306507548945, 172.30755789574357, 172.0103305732347], "y": [172.88465693349366, 172.6771528688317, 177.05244186054279, 174.0814489001874], "z": [167.96481808707696, 165.4402693251341, 169.1701928217963, 168.0322699569108], "x_average": 172.63205435642402, "y_average": 174.17392514076388, "z_average": 167.65188754772953, "xy_average": 173.40298974859394, "average": 171.48595568163913}, "angle_MXM": {"x": [148.14748373939963, 169.23867688873267, 156.1762961711586, 156.08610717905466], "y": [145.87970439140082, 158.36332981333132, 162.6124130393456, 160.25433552438088], "z": [], "x_average": 157.4121409945864, "y_average": 156.77744569211464, "z_average": NaN, "xy_average": 157.09479334335052, "average": 157.09479334335052}}