{"n_layer": 1, "d_interlayer": 7.582108571676799, "bond": {"x": [3.303677841588415, 3.1376854831872825, 3.1912327472864224, 3.2083499293779365, 3.1909715344040808, 3.219384512643013, 3.2901979978178217, 3.1450573843395064], "y": [3.2148061972182305, 3.1959177078184484, 3.150523504137776, 3.278151452557425, 3.1331626952066656, 3.2672093031989213, 3.187924594621973, 3.2054545570080224], "z": [3.182215536290841, 3.197714552548408, 3.1341115984840626, 3.2307549222516108, 3.157627268446005, 3.1788541570258335, 3.2440328164544745, 3.110105598322076], "x_average": 3.2108196788305596, "y_average": 3.2041437514709328, "z_average": 3.179427056227914, "xy_average": 3.207481715150746, "average": 3.1981301621764686}, "angle_XMX": {"x": [168.84355311377544, 163.8920632567343, 165.53683854535706, 163.86429663462434], "y": [163.72602576077503, 162.74710529894742, 170.69907148489955, 161.09784948417007], "z": [173.45379782293261, 170.69217574716947, 175.96122624091308, 170.56045927847146], "x_average": 165.5341878876228, "y_average": 164.56751300719802, "z_average": 172.66691477237168, "xy_average": 165.05085044741043, "average": 167.5895385557308}, "angle_MXM": {"x": [148.72566806101705, 175.7269026839701, 173.95638931835458, 153.51569092734584], "y": [145.65162310543298, 175.93419566657124, 172.70247935941114, 151.66003964015854], "z": [], "x_average": 162.9811627476719, "y_average": 161.4870844428935, "z_average": NaN, "xy_average": 162.2341235952827, "average": 162.2341235952827}}