{"n_layer": 1, "d_interlayer": 4.998040320092505, "bond": {"x": [3.1774585147450574, 3.1781316759451212, 3.1948278818241396, 3.198025988043187, 3.1756398697629837, 3.176231942850058, 3.1934213836349112, 3.194928240843029], "y": [3.177487437795993, 3.1784146079916424, 3.1750016502320135, 3.176340063486764, 3.1857170336643508, 3.188165749789303, 3.1813262569901073, 3.1838810514364324], "z": [3.207360009025975, 3.2066894060765767, 3.2026178019605163, 3.202724807342303, 3.2053177266361987, 3.2049299090372423, 3.196312982667742, 3.1952935448017765], "x_average": 3.1860831872060613, "y_average": 3.1807917314233256, "z_average": 3.2026557734435412, "xy_average": 3.1834374593146935, "average": 3.1898435640243092}, "angle_XMX": {"x": [179.87734188616872, 179.79858604467051, 179.77785485524765, 179.664686195869], "y": [179.92503267763257, 179.94326737475797, 179.96108702810818, 179.81334489870528], "z": [179.93028869721817, 179.94559846508145, 179.87554929461564, 179.875920530243], "x_average": 179.77961724548896, "y_average": 179.910682994801, "z_average": 179.90683924678956, "xy_average": 179.84515012014498, "average": 179.86571316235984}, "angle_MXM": {"x": [155.7433564517929, 152.48565938664663, 155.41103973573223, 152.89499288326243], "y": [151.1815339608512, 151.28639311764522, 150.18556283320896, 150.0893577235379], "z": [], "x_average": 154.13376211435855, "y_average": 150.68571190881082, "z_average": NaN, "xy_average": 152.4097370115847, "average": 152.4097370115847}}