{"n_layer": 1, "d_interlayer": 7.547510585737985, "bond": {"x": [3.2077418976340955, 3.223623577071207, 3.2107969281716073, 3.1661257061414005, 3.15634374036913, 3.212717157637579, 3.2352882391062936, 3.1507797583171593], "y": [3.2479075941319366, 3.169746175328859, 3.222195716547371, 3.1682249857998235, 3.1904212409392443, 3.216558800508162, 3.1863649346283056, 3.171927300861495], "z": [3.2483736828283947, 3.1810022966259863, 3.17988598556354, 3.277304238090491, 3.1884006890369756, 3.2713456753336887, 3.2668147475791947, 3.199429640199493], "x_average": 3.195427125556059, "y_average": 3.1966683435931493, "z_average": 3.22656961940722, "xy_average": 3.1960477345746043, "average": 3.2062216961854766}, "angle_XMX": {"x": [173.07652393253815, 174.72774405355005, 171.6989959722724, 171.97446460331167], "y": [177.3904740971409, 177.1604332562936, 176.65956265361675, 173.7121392708609], "z": [167.73961200820875, 169.34490333628722, 171.06945859085516, 170.87233077366048], "x_average": 172.8694321404181, "y_average": 176.23065231947803, "z_average": 169.7565761772529, "xy_average": 174.55004222994805, "average": 172.95222021238303}, "angle_MXM": {"x": [158.25563749507046, 150.9425963868046, 148.38745656448228, 159.27763788572307], "y": [154.28963459395544, 150.23283924674843, 151.71708746758785, 156.73387377243068], "z": [], "x_average": 154.2158320830201, "y_average": 153.2433587701806, "z_average": NaN, "xy_average": 153.72959542660033, "average": 153.72959542660033}}