{"n_layer": 1, "d_interlayer": 7.436786275327059, "bond": {"x": [3.12463714884877, 3.2114190759627723, 3.1486314204500245, 3.2272058014792964, 3.1467855567144167, 3.183316936564018, 3.1397680065048146, 3.2729001393103205], "y": [3.1508948996265964, 3.12557104952864, 3.1720717091717177, 3.1229445075156166, 3.2154658996578704, 3.1587887572776006, 3.199756985685915, 3.155938701520153], "z": [3.158189962567569, 3.2986725865918394, 3.252192693861975, 3.196243134445853, 3.206361884105367, 3.2591291950544528, 3.2935258193412307, 3.161963373896994], "x_average": 3.1818330107293042, "y_average": 3.1626790637480138, "z_average": 3.22828483123316, "xy_average": 3.172256037238659, "average": 3.190932301903493}, "angle_XMX": {"x": [172.63081427955117, 175.7102753873134, 174.41152458602704, 176.70956324653835], "y": [172.63350452986592, 177.044475686208, 171.11666061507768, 173.46809181871106], "z": [168.28684226637398, 169.10011814586883, 167.33955672404207, 166.80440638537956], "x_average": 174.86554437485748, "y_average": 173.56568316246566, "z_average": 167.88273088041612, "xy_average": 174.21561376866157, "average": 172.1046528059131}, "angle_MXM": {"x": [165.26728981950555, 152.6210041779152, 156.06204718052447, 156.41422068769643], "y": [162.701358919189, 155.2997485142051, 145.5195172541909, 159.94298169066457], "z": [], "x_average": 157.59114046641042, "y_average": 155.8659015945624, "z_average": NaN, "xy_average": 156.7285210304864, "average": 156.7285210304864}}