{"n_layer": 1, "d_interlayer": 7.683693066830153, "bond": {"x": [3.2658252127272793, 3.106877070111233, 3.188214094343104, 3.1559707514897104, 3.178709984269932, 3.145411133079124, 3.2158264559780667, 3.14599217094216], "y": [3.17417712783189, 3.150271566768559, 3.134255674341562, 3.1887974525314675, 3.0956196100413687, 3.222821784538839, 3.136620187814192, 3.1383301888693227], "z": [3.2642338628596694, 3.181378991545977, 3.1802251760442153, 3.235867769049491, 3.247711179399073, 3.202958049410161, 3.1862400073014676, 3.2049411173759523], "x_average": 3.175353359117576, "y_average": 3.15511169909215, "z_average": 3.212944519123251, "xy_average": 3.1652325291048635, "average": 3.1811365257776587}, "angle_XMX": {"x": [167.0306501618824, 173.4535961343918, 168.41245829009603, 166.02225708348308], "y": [164.64171464337366, 166.6256036201029, 163.57772571271713, 166.22062507692698], "z": [171.8525055762971, 175.74151226079965, 167.89846269846197, 175.56277353423516], "x_average": 168.72974041746332, "y_average": 165.26641726328018, "z_average": 172.76381351744848, "xy_average": 166.99807884037176, "average": 168.91999039939734}, "angle_MXM": {"x": [166.5069199975742, 144.7867986590163, 142.68509374454, 162.55832659435126], "y": [166.56340144510304, 138.3085927887568, 142.52537559867704, 165.1386248116662], "z": [], "x_average": 154.13428474887044, "y_average": 153.13399866105078, "z_average": NaN, "xy_average": 153.6341417049606, "average": 153.6341417049606}}