{"n_layer": 1, "d_interlayer": 5.420769447067746, "bond": {"x": [3.5645199983562406, 3.1299726914729975, 3.241553154623167, 3.3503717948763865, 3.313360603802969, 3.202332673596144, 3.3411589069482894, 3.275914881053536], "y": [3.1987497287872273, 3.2788164320522633, 3.156124054305859, 3.411590960365374, 3.1738394783419417, 3.388332805601104, 3.216031400202357, 3.312657028675948], "z": [3.162681588406928, 3.2430051360916208, 3.201141279885063, 3.1912145950008437, 3.1608063826936506, 3.263981439174195, 3.280318986615795, 3.1346777167020425], "x_average": 3.3023980880912163, "y_average": 3.267017736041509, "z_average": 3.204728390571267, "xy_average": 3.284707912066363, "average": 3.258048071567998}, "angle_XMX": {"x": [166.783686807778, 169.5393445594901, 167.20496631779494, 172.3129896564634], "y": [162.7714364212144, 170.3199756293628, 174.7859920399195, 167.0661407780754], "z": [162.32305721062073, 166.42658294152608, 167.44939884326143, 171.94523653332814], "x_average": 168.9602468353816, "y_average": 168.73588621714305, "z_average": 167.0360688821841, "xy_average": 168.84806652626233, "average": 168.24406731156958}, "angle_MXM": {"x": [143.863619083688, 157.6660727806059, 159.4487185293537, 142.3994872256363], "y": [141.70926447660682, 160.09122332702756, 156.77152527708645, 139.02172123102537], "z": [], "x_average": 150.84447440482097, "y_average": 149.39843357793654, "z_average": NaN, "xy_average": 150.12145399137876, "average": 150.12145399137876}}