{"n_layer": 1, "d_interlayer": 6.241256652349156, "bond": {"x": [3.1339202988250996, 3.3309256634817115, 3.135929763070072, 3.4017170669064547, 3.1202512164549545, 3.452194512622912, 3.209888631851471, 3.400652372657186], "y": [3.1754130035013874, 3.280595694798845, 3.236041850262963, 3.2555676169164216, 3.444955011591433, 3.070689245447933, 3.6478641799583045, 3.0975960299397056], "z": [3.0416381171729867, 3.3677021822487885, 3.324658883873218, 3.1536072558619863, 3.340346036783581, 3.145719149074693, 3.2202645548235918, 3.106478827806651], "x_average": 3.273184940733733, "y_average": 3.276090329052124, "z_average": 3.212551875955687, "xy_average": 3.2746376348929287, "average": 3.253942381913848}, "angle_XMX": {"x": [160.22352397886308, 166.57640781098095, 164.36856937600658, 174.43755696553538], "y": [159.2148248232634, 157.08344906698966, 149.75151452448628, 150.32790025227027], "z": [173.54608235332395, 165.55953533403783, 169.7436483123167, 172.9301917678476], "x_average": 166.4015145328465, "y_average": 154.09442216675242, "z_average": 170.44486444188152, "xy_average": 160.24796834979944, "average": 163.64693371382683}, "angle_MXM": {"x": [148.7980303439465, 159.1311095656811, 170.4389002973917, 143.49711811573138], "y": [154.07662640590056, 152.9934858387082, 149.0418498034631, 135.21481182531187], "z": [], "x_average": 155.46628958068766, "y_average": 147.83169346834592, "z_average": NaN, "xy_average": 151.6489915245168, "average": 151.6489915245168}}