{"n_layer": 1, "d_interlayer": 5.45026914123889, "bond": {"x": [3.2722016819674833, 3.242815616771171, 3.2398894439132886, 3.2316598112496906, 3.1781178964115018, 3.1596512122147953, 3.1827723851236605, 3.173957908178511], "y": [3.289036576877105, 3.230665387210529, 3.18511786615122, 3.1520119654757077, 3.2390598914707196, 3.233863101724241, 3.1804715188322707, 3.1761817950391755], "z": [3.2109208432862477, 3.2276087823211936, 3.2723820954353884, 3.268878421902867, 3.2720319556609105, 3.2687291490182044, 3.286045679029066, 3.2855756034753387], "x_average": 3.2101332444787625, "y_average": 3.210801012847621, "z_average": 3.261521566266152, "xy_average": 3.2104671286631916, "average": 3.2274852745308453}, "angle_XMX": {"x": [178.46934689363738, 178.9268976094327, 179.03359710783002, 179.30781310348794], "y": [178.9788869996421, 179.17135423986733, 179.64635689534134, 179.22550253242352], "z": [178.84236152951544, 179.24891644902175, 179.7247784915265, 179.71073204096348], "x_average": 178.93441367859702, "y_average": 179.2555251668186, "z_average": 179.3816971277568, "xy_average": 179.0949694227078, "average": 179.1905453243908}, "angle_MXM": {"x": [145.485159201469, 147.95869634442616, 147.59155777560153, 146.57980564360702], "y": [147.2389273767781, 145.84478991992168, 146.97766176745205, 147.7329984942498], "z": [], "x_average": 146.90380474127593, "y_average": 146.9485943896004, "z_average": NaN, "xy_average": 146.92619956543817, "average": 146.92619956543817}}