{"n_layer": 1, "d_interlayer": 5.845163839581032, "bond": {"x": [3.184670938081359, 3.3531263478305045, 3.3086318518420885, 3.176471146155199, 3.1624341988114355, 3.3275332276500675, 3.214620853852811, 3.2368427600236016], "y": [3.162318671683148, 3.598518777051642, 3.1352241529876905, 3.388425180303143, 3.2302773557884166, 3.3272533931921537, 3.2120419102677773, 3.2393723568495245], "z": [3.103668929196741, 3.248598817699246, 3.1675311775978354, 3.3127118974172194, 3.0922926314476147, 3.341660370603605, 3.3970035445910036, 3.0505169569200605], "x_average": 3.2455414155308837, "y_average": 3.286678974765437, "z_average": 3.214248040684166, "xy_average": 3.26611019514816, "average": 3.248822810326829}, "angle_XMX": {"x": [168.4719062574498, 174.85782527995548, 169.3283285764541, 168.34259116860096], "y": [170.57753170037017, 172.77362772612003, 174.9152392671803, 174.82103695331585], "z": [173.41450696488303, 169.83740476692998, 177.4144294488153, 178.12669657063358], "x_average": 170.2501628206151, "y_average": 173.27185891174656, "z_average": 174.6982594378155, "xy_average": 171.76101086618084, "average": 172.7400937233924}, "angle_MXM": {"x": [159.40110958629347, 145.73825798599964, 141.89726597690296, 161.8436421104097], "y": [152.4289542124772, 146.89928933156165, 159.3319879751408, 162.02214636550303], "z": [], "x_average": 152.22006891490145, "y_average": 155.17059447117066, "z_average": NaN, "xy_average": 153.69533169303605, "average": 153.69533169303605}}