{"n_layer": 1, "d_interlayer": 5.918015146714388, "bond": {"x": [3.1653190246713034, 3.3338757693771783, 3.2048564910281, 3.227666942992526, 3.2228777418196706, 3.2135962129798443, 3.164132968306625, 3.2985020122201005], "y": [3.225292784867553, 3.1953778759862863, 3.2851109539594003, 3.1502424314687705, 3.2773646341566742, 3.1677285409539926, 3.166769648912879, 3.219458548270956], "z": [3.2697638866164285, 3.1647103504678347, 3.2318104124841622, 3.2378483848037685, 3.2411296668459504, 3.2480264505139993, 3.2124441517066775, 3.304524336131536], "x_average": 3.2288533954244185, "y_average": 3.210918177322064, "z_average": 3.2387822049462947, "xy_average": 3.2198857863732413, "average": 3.226184592564259}, "angle_XMX": {"x": [175.28640338427778, 176.3376359241514, 177.45574802951663, 179.31976143752766], "y": [170.12503896052044, 172.79076156124574, 173.7501871109579, 175.70605252125588], "z": [174.01393987052526, 167.3498809361939, 166.3621113681932, 163.05005823274695], "x_average": 177.09988719386837, "y_average": 173.09301003849498, "z_average": 167.69399760191482, "xy_average": 175.09644861618168, "average": 172.62896494475936}, "angle_MXM": {"x": [172.6696717168944, 173.58500370283338, 166.6713255112966, 175.28359429628378], "y": [178.5532759672502, 173.141980618682, 176.49925629244117, 178.05937132117282], "z": [], "x_average": 172.05239880682706, "y_average": 176.56347104988652, "z_average": NaN, "xy_average": 174.30793492835681, "average": 174.30793492835681}}