{"n_layer": 1, "d_interlayer": 6.044280268605097, "bond": {"x": [3.2714721428119646, 3.2176571092001964, 3.162237192769816, 3.439831358757254, 3.3104883803858844, 3.267756530701154, 3.201512439412314, 3.5213641148586126], "y": [3.2725477634161297, 3.192925077539167, 3.299011018325637, 3.2463326370154153, 3.2622812195767628, 3.3035698815637806, 3.3171704493957423, 3.3487029934212655], "z": [3.417703530350232, 2.964420601007398, 3.0139848535026226, 3.3831834954466133, 3.009598623275297, 3.3750889404849094, 3.23430771630153, 3.1259780846890353], "x_average": 3.2990399086121496, "y_average": 3.2803176300317376, "z_average": 3.1905332306322047, "xy_average": 3.2896787693219434, "average": 3.256630256425364}, "angle_XMX": {"x": [168.96850475061092, 171.41121375419047, 173.54631318394226, 173.3084664989427], "y": [168.93760686368526, 171.63090327541693, 172.13407574814272, 171.79849313757177], "z": [177.88968884653434, 172.6794176650628, 177.64499549536595, 174.0850542919379], "x_average": 171.8086245469216, "y_average": 171.12526975620415, "z_average": 175.57478907472526, "xy_average": 171.46694715156286, "average": 172.836227792617}, "angle_MXM": {"x": [152.6988856220912, 143.3171565062047, 153.18021108995353, 144.2818499941445], "y": [149.3425498542164, 154.47946669289206, 146.3170840699617, 141.54987537195473], "z": [], "x_average": 148.3695258030985, "y_average": 147.9222439972562, "z_average": NaN, "xy_average": 148.14588490017735, "average": 148.14588490017735}}