{"n_layer": 1, "d_interlayer": 6.120168310958958, "bond": {"x": [3.158939149644137, 3.462241645700603, 3.173133303254766, 3.3234623345483087, 3.1610303243619873, 3.344763458551778, 3.1286947033324592, 3.265071158199466], "y": [3.164081149853434, 3.2104001696633806, 3.1938901953545145, 3.164490818561968, 3.177564663313151, 3.1308702211949067, 3.170367983853708, 3.14339057191536], "z": [3.1672784657869855, 3.210626407561961, 3.248463296411258, 3.2084671803075078, 3.212275404461178, 3.2452742455918746, 3.182339387928127, 3.2743262550298557], "x_average": 3.252167009699188, "y_average": 3.1693819717138028, "z_average": 3.2186313303848433, "xy_average": 3.2107744907064957, "average": 3.2133934372659447}, "angle_XMX": {"x": [167.89714605595114, 176.58718965111842, 161.00799997731616, 178.77974663376887], "y": [165.1008098717449, 151.64866976114752, 178.69318919304925, 159.5582833295529], "z": [165.62164391631254, 166.11745411141337, 167.02684225687153, 169.95505063217615], "x_average": 171.06802057953865, "y_average": 163.75023803887365, "z_average": 167.1802477291934, "xy_average": 167.40912930920615, "average": 167.3328354492019}, "angle_MXM": {"x": [164.13907850780694, 171.71143184788264, 155.12939864917075, 174.77947635803477], "y": [171.68850268597717, 150.57963143383898, 157.6786738123547, 169.8426657981237], "z": [], "x_average": 166.4398463407238, "y_average": 162.44736843257365, "z_average": NaN, "xy_average": 164.44360738664872, "average": 164.44360738664872}}