{"n_layer": 1, "d_interlayer": 5.8765198202709445, "bond": {"x": [3.1016852055323176, 3.1886951971042756, 3.1453980567315236, 3.2213083149135215, 3.166156867529043, 3.161501933026335, 3.1600250832478367, 3.2609389955415646], "y": [3.1475323291469053, 3.120240371991057, 3.185081125087841, 3.1273609132548295, 3.1991656233663806, 3.1332799435023975, 3.181152724231947, 3.202114095601503], "z": [3.230645643631536, 3.2160798823214396, 3.1816902578963533, 3.2338032304244813, 3.2294553766268965, 3.21161480103004, 3.2248764492757496, 3.1730264879420056], "x_average": 3.175713706703302, "y_average": 3.1619908907728576, "z_average": 3.212649016143563, "xy_average": 3.16885229873808, "average": 3.183451204539908}, "angle_XMX": {"x": [175.93306273442687, 169.93671922409573, 172.71918571059174, 171.35541079201298], "y": [178.53015736323246, 173.25984985034034, 174.9598209871618, 162.89886727543305], "z": [170.09567889987622, 176.54962272351415, 172.47068280794, 177.75154348154223], "x_average": 172.48609461528184, "y_average": 172.41217386904194, "z_average": 174.21688197821817, "xy_average": 172.44913424216188, "average": 173.03838348751398}, "angle_MXM": {"x": [173.28195532287114, 149.77396828469068, 162.1410182759554, 167.9965985910192], "y": [168.18659933168553, 162.65635169815394, 150.84298526309215, 170.439284290352], "z": [], "x_average": 163.2983851186341, "y_average": 163.0313051458209, "z_average": NaN, "xy_average": 163.1648451322275, "average": 163.1648451322275}}