{"n_layer": 1, "d_interlayer": 5.986953800782031, "bond": {"x": [3.1822967727066604, 3.1439396191892497, 3.193788840457039, 3.171343032088258, 3.174827366482854, 3.1607023456147934, 3.2106611740497644, 3.1791071144938594], "y": [3.129584785010545, 3.156441145025621, 3.1486036761344196, 3.1626596060442775, 3.191874737093122, 3.1766544301244988, 3.1951000578455067, 3.1927640575665923], "z": [3.303085950711904, 3.2220515715362947, 3.2507866899477067, 3.250749796814749, 3.2072530058703164, 3.2966093694526712, 3.2093708216752233, 3.2589059487769703], "x_average": 3.1770832831353095, "y_average": 3.169210311855573, "z_average": 3.2498516443482295, "xy_average": 3.1731467974954413, "average": 3.198715079779704}, "angle_XMX": {"x": [178.16261763894028, 179.33326837206457, 175.2475882442498, 176.5083642897498], "y": [177.0873668916801, 176.0125651055954, 173.5399541587907, 176.56036875594606], "z": [172.8054964353591, 168.74685219681754, 174.50641609149912, 167.5566639383504], "x_average": 177.3129596362511, "y_average": 175.80006372800307, "z_average": 170.90385716550654, "xy_average": 176.55651168212708, "average": 174.67229350992025}, "angle_MXM": {"x": [151.5307947820822, 150.24562521562848, 154.06049456317135, 148.58202933389987], "y": [154.06074326418383, 152.11866596451304, 150.85759751054186, 144.86323513096912], "z": [], "x_average": 151.10473597369548, "y_average": 150.47506046755194, "z_average": NaN, "xy_average": 150.7898982206237, "average": 150.7898982206237}}