{"n_layer": 1, "d_interlayer": 6.06840429103217, "bond": {"x": [3.2899706732835323, 3.1975203705341824, 3.4025796574382356, 3.163667333940699, 3.356975628390666, 3.235670185075519, 3.562501709653422, 3.1869689185437817], "y": [3.2228060142242163, 3.24271106864982, 3.314642048873763, 3.2293569687215595, 3.3958279632384336, 3.182955044476989, 3.43107338972028, 3.231252189193761], "z": [2.964507064878377, 3.461125593848365, 3.4228494319102882, 3.0239494284562243, 3.414078626349088, 3.003924895488683, 3.1318237536282623, 3.216411753597315], "x_average": 3.2994818096075047, "y_average": 3.2813280858873526, "z_average": 3.2048338185195755, "xy_average": 3.2904049477474286, "average": 3.2618812380048112}, "angle_XMX": {"x": [170.8744930352555, 169.15788070623094, 170.0940714494262, 170.01249390759978], "y": [168.5206416404634, 174.28324787635893, 168.87414819732405, 171.31235516249623], "z": [177.04662499288406, 171.48113306441212, 172.848098007872, 173.38774867053345], "x_average": 170.03473477462813, "y_average": 170.74759821916066, "z_average": 173.6909011839254, "xy_average": 170.39116649689436, "average": 171.49107805923802}, "angle_MXM": {"x": [149.6721282313811, 151.26952405504628, 157.66351593605359, 139.09658893732848], "y": [157.2159237396351, 147.4071875337542, 138.66347622332145, 150.42712222874462], "z": [], "x_average": 149.42543928995235, "y_average": 148.42842743136384, "z_average": NaN, "xy_average": 148.9269333606581, "average": 148.9269333606581}}