{"n_layer": 1, "d_interlayer": 13.525888194935536, "bond": {"x": [3.1032372833797477, 3.1989382006415363, 3.130579343268195, 3.142805015461897, 3.1357145841057616, 3.1516666153109014, 3.1351595353141346, 3.1647341662247372], "y": [3.156245830389929, 3.0959603149502017, 3.1993465693001264, 3.1228988838416507, 3.183935323300215, 3.091077558057228, 3.155907498845274, 3.1615532143725398], "z": [3.2564549329645804, 3.185068852244772, 3.2310738420787506, 3.2277648618418806, 3.237524656691876, 3.225771299944108, 3.1497533247303484, 3.29676509339955], "x_average": 3.1453543429633637, "y_average": 3.1458656491321455, "z_average": 3.226272107986983, "xy_average": 3.145609996047755, "average": 3.1724973666941643}, "angle_XMX": {"x": [174.28522128887758, 161.74132949565208, 176.71379481886862, 165.70332321003693], "y": [169.5387667483634, 168.915048134796, 169.43936490092509, 164.58650179683676], "z": [178.06527680048674, 170.31493622398608, 173.6191507844154, 174.34743495418283], "x_average": 169.6109172033588, "y_average": 168.1199203952303, "z_average": 174.08669969076777, "xy_average": 168.86541879929456, "average": 170.60584576311894}, "angle_MXM": {"x": [160.8046737143296, 158.79773382214017, 158.66020665891602, 162.41057474979402], "y": [173.40070131982424, 163.4919145994637, 171.7650698056307, 162.05762128399397], "z": [], "x_average": 160.16829723629496, "y_average": 167.67882675222816, "z_average": NaN, "xy_average": 163.92356199426155, "average": 163.92356199426155}}