{"n_layer": 1, "d_interlayer": 13.412933512420725, "bond": {"x": [3.2887309296950606, 3.1520691899176305, 3.3160193697419507, 3.111806236968849, 3.318108248172648, 3.096193072421755, 3.212920661243589, 3.0995929427613933], "y": [3.1218526876301755, 3.308907897996697, 3.081628566071716, 3.2483405281777498, 3.1330749515781595, 3.141898842658727, 3.1525988783509358, 3.0979784114054874], "z": [3.187491065859394, 3.139549142431094, 3.210019823387917, 3.274638526552557, 3.2536172922048134, 3.214162048766123, 3.2066249065096546, 3.2870892197880033], "x_average": 3.1994300813653593, "y_average": 3.160785095483706, "z_average": 3.2216490031874443, "xy_average": 3.1801075884245327, "average": 3.1939547266788364}, "angle_XMX": {"x": [170.67352429861566, 167.47856664703798, 166.23069782498155, 168.96505155374032], "y": [156.03317395641236, 154.3220591048994, 162.5030279018516, 163.2325394197992], "z": [174.48552186441293, 166.93245870965075, 169.43287911891568, 175.01715605571624], "x_average": 168.33696008109388, "y_average": 159.02270009574065, "z_average": 171.4670039371739, "xy_average": 163.67983008841725, "average": 166.27555470466947}, "angle_MXM": {"x": [169.9399843619147, 159.6630779499523, 151.7480809551366, 172.8391329597547], "y": [156.5686619107967, 142.35794604767162, 154.01170477256133, 159.72297790721362], "z": [], "x_average": 163.54756905668958, "y_average": 153.16532265956081, "z_average": NaN, "xy_average": 158.3564458581252, "average": 158.3564458581252}}