{"n_layer": 1, "d_interlayer": 13.39292971439339, "bond": {"x": [3.1429223439417435, 3.224341619765572, 3.127000656815972, 3.2661001061068573, 3.1398551640682006, 3.2888877474321, 3.168791936604895, 3.306376593780635], "y": [3.1892629720738186, 3.1313522244544547, 3.1604480226168996, 3.1687520894607246, 3.1683858537794074, 3.172125219180061, 3.1728869224915046, 3.1683826256918968], "z": [3.152847581971389, 3.3393034778062143, 3.2023084222117015, 3.234984980019136, 3.216361177728609, 3.2504457374901325, 3.292382153418868, 3.099023739612103], "x_average": 3.208034521064497, "y_average": 3.1664494912185956, "z_average": 3.223457158782269, "xy_average": 3.1872420061415463, "average": 3.1993137236884546}, "angle_XMX": {"x": [174.87647296773983, 177.69388317798715, 176.33194838417563, 171.68851381329168], "y": [165.6161556883125, 176.2014268123349, 157.68658504256717, 174.4474172011249], "z": [178.24971243947448, 169.19040655735893, 171.00808667931497, 165.57763591224844], "x_average": 175.14770458579858, "y_average": 168.48789618608487, "z_average": 171.0064603970992, "xy_average": 171.81780038594172, "average": 171.54735372299422}, "angle_MXM": {"x": [149.73142679224145, 151.08262078034141, 153.10619754926864, 147.52899532687178], "y": [155.31401584395138, 138.3241744301631, 136.9252248633898, 157.08330283591482], "z": [], "x_average": 150.3623101121808, "y_average": 146.91167949335477, "z_average": NaN, "xy_average": 148.6369948027678, "average": 148.6369948027678}}