{"n_layer": 1, "d_interlayer": 13.385708711736925, "bond": {"x": [3.414184393172672, 3.1830682458809263, 3.283748140763629, 3.1976455307287113, 3.259015194386135, 3.23964409297816, 3.316455387311258, 3.181793791123449], "y": [3.329068411297587, 3.1662731854853274, 3.207020695951248, 3.2307521529488006, 3.3587744843945964, 3.1317098279422955, 3.2586239906949936, 3.1791735737126205], "z": [3.3410716660044395, 3.100316001332236, 3.226682852405907, 3.2173931657392862, 3.2897578563529484, 3.149696433845382, 3.070721391014127, 3.40926172612281], "x_average": 3.2594443470431176, "y_average": 3.232674540303434, "z_average": 3.225612636602142, "xy_average": 3.2460594436732757, "average": 3.2392438413162314}, "angle_XMX": {"x": [166.65448667374247, 177.63093179120236, 169.23451658496066, 169.5411827618453], "y": [171.36641901275567, 172.0852252062988, 176.72611935025915, 170.49571080825015], "z": [172.85806267014135, 164.72464030768373, 164.28909622467393, 170.2797996709637], "x_average": 170.7652794529377, "y_average": 172.66836859439093, "z_average": 168.03789971836568, "xy_average": 171.71682402366432, "average": 170.49051592189812}, "angle_MXM": {"x": [132.70879218962054, 150.45278040047342, 152.43253121171261, 139.84044033381298], "y": [142.56392676388805, 144.41345735874307, 140.43293417474234, 147.0612438449756], "z": [], "x_average": 143.85863603390487, "y_average": 143.61789053558726, "z_average": NaN, "xy_average": 143.73826328474607, "average": 143.73826328474607}}