{"n_layer": 1, "d_interlayer": 6.126001066352073, "bond": {"x": [3.320966452033122, 3.2154221144729322, 3.2311309466667524, 3.224907822129258, 3.2230121821353506, 3.2585226711143034, 3.3279278793652143, 3.167982739880087], "y": [3.250222047082892, 3.179728434668797, 3.2152621996144473, 3.2591237048457633, 3.1600543884668495, 3.29603995901916, 3.2143517889027184, 3.226956389995721], "z": [3.3232672425719345, 3.2196373787826613, 3.2377199381838375, 3.263265091907687, 3.188545573565537, 3.3381280076809103, 3.260615169956249, 3.209380712973945], "x_average": 3.246234100974627, "y_average": 3.2252173640745436, "z_average": 3.2550698894528454, "xy_average": 3.2357257325245854, "average": 3.2421737848340055}, "angle_XMX": {"x": [176.36218957979935, 170.44720892365817, 170.9198961584038, 177.66812205851252], "y": [170.03616277659748, 172.33712681324462, 175.6872079679754, 166.65817811285618], "z": [165.13856719865294, 167.80841757268084, 168.77875024006397, 169.91139481388672], "x_average": 173.84935418009346, "y_average": 171.1796689176684, "z_average": 167.9092824563211, "xy_average": 172.51451154888093, "average": 170.97943518469432}, "angle_MXM": {"x": [142.61344968942026, 156.9936021147039, 155.13201884537418, 145.16581153704016], "y": [139.20398504753814, 156.6933833795015, 157.27236127063733, 139.7839241894379], "z": [], "x_average": 149.97622054663464, "y_average": 148.23841347177873, "z_average": NaN, "xy_average": 149.10731700920667, "average": 149.10731700920667}}