{"n_layer": 1, "d_interlayer": 6.318452581153922, "bond": {"x": [3.1895882220828873, 3.503499264506896, 3.259717179362245, 3.2895307166665066, 3.1805261699606935, 3.4798920735750354, 3.2521832181156065, 3.268574553921073], "y": [3.250342663856976, 3.419362738222018, 3.2821786986155366, 3.3519653703045402, 3.2775594361718436, 3.1936328512874383, 3.349883301722654, 3.159019696095736], "z": [3.1659056506667667, 3.1346873817561063, 3.240284275694503, 3.1713758924120126, 3.162309236408901, 3.167520263835606, 3.1039080914431354, 3.272370008828775], "x_average": 3.302938924773868, "y_average": 3.2854930945345933, "z_average": 3.177295100130726, "xy_average": 3.294216009654231, "average": 3.255242373146395}, "angle_XMX": {"x": [169.83072568832057, 165.8200416398969, 170.62713300843075, 168.93632815388796], "y": [169.0615128674242, 160.8405015202939, 178.5921983963235, 162.27462907067857], "z": [165.1956124351793, 164.86282413207476, 170.188798939735, 172.25402105344136], "x_average": 168.80355712263406, "y_average": 167.69221046368006, "z_average": 168.1253141401076, "xy_average": 168.24788379315706, "average": 168.20702724214058}, "angle_MXM": {"x": [158.64648954033305, 153.35078191996223, 142.6120561626115, 175.332720012745], "y": [163.66264716998018, 136.2247828208691, 154.88097237624484, 167.04623830737688], "z": [], "x_average": 157.48551190891294, "y_average": 155.45366016861777, "z_average": NaN, "xy_average": 156.46958603876536, "average": 156.46958603876536}}