{"n_layer": 1, "d_interlayer": 12.862392127213345, "bond": {"x": [3.283459154368069, 3.207693523360107, 3.4245553873567074, 3.1136862819743047, 3.3209583063258936, 3.1192379644691735, 3.244692267089833, 3.164305471222593], "y": [3.2257383827355492, 3.2676167867825434, 3.160546374248457, 3.2823134820518103, 3.1232483658486836, 3.223336557218519, 3.1725553197327474, 3.1818041404580244], "z": [3.21459237182746, 3.245067943438673, 3.220994340178877, 3.271100855783504, 3.2689478158704697, 3.3301950027025344, 3.329299406445416, 3.0947182233696386], "x_average": 3.234823544520835, "y_average": 3.2046449261345415, "z_average": 3.2468644949520717, "xy_average": 3.2197342353276888, "average": 3.228777655202483}, "angle_XMX": {"x": [175.65667499296862, 162.67656355111728, 166.0661255733844, 161.87035940942866], "y": [161.42326897725675, 154.7892644660107, 164.33298312438214, 163.67644922301125], "z": [169.54706672030218, 158.29168884101207, 169.5442950152041, 176.15611128417592], "x_average": 166.56743088172476, "y_average": 161.05549144766522, "z_average": 168.38479046517358, "xy_average": 163.811461164695, "average": 165.33590426485452}, "angle_MXM": {"x": [166.82500659358166, 156.82539316533283, 149.87313637854862, 160.49133530700726], "y": [176.2643635944527, 132.6569488114136, 154.26396182946934, 155.8328191210283], "z": [], "x_average": 158.5037178611176, "y_average": 154.75452333909098, "z_average": NaN, "xy_average": 156.62912060010427, "average": 156.62912060010427}}