{"n_layer": 1, "d_interlayer": 3.6970222117533744, "bond": {"x": [3.2114688671897182, 3.3145793427146817, 3.1655604935252466, 3.3018767333403347, 3.1777912049052004, 3.305562474377186, 3.203937401088314, 3.30608491166032], "y": [3.288429779680746, 3.1788809888988516, 3.240825620446905, 3.2294624556936613, 3.282828214058067, 3.1700721921783015, 3.239556023603883, 3.1656848307342074], "z": [3.1725968677551526, 3.2495089752813673, 3.1742402303077184, 3.1465228991952308, 3.2176125515445024, 3.210689322436395, 3.179922185691712, 3.161755995163821], "x_average": 3.248357678600125, "y_average": 3.224467513161828, "z_average": 3.1891061284219875, "xy_average": 3.2364125958809766, "average": 3.220643773394647}, "angle_XMX": {"x": [175.46226758504258, 177.51968920738884, 176.08127611948964, 178.5907013108009], "y": [171.9355164528689, 168.9617286102338, 172.3568479915041, 169.5069726894366], "z": [177.13623553823115, 177.30571736265463, 176.65918347611358, 178.5140877456183], "x_average": 176.9134835556805, "y_average": 170.69026643601083, "z_average": 177.40380603065444, "xy_average": 173.80187499584568, "average": 175.00251867411524}, "angle_MXM": {"x": [133.77938547503547, 136.4622294672899, 135.74600577832402, 133.93338084214815], "y": [133.8900018203113, 137.90843136908168, 147.46528754409508, 129.54416067270648], "z": [], "x_average": 134.98025039069938, "y_average": 137.20197035154865, "z_average": NaN, "xy_average": 136.09111037112402, "average": 136.09111037112402}}