{"n_layer": 1, "d_interlayer": 3.970011471093647, "bond": {"x": [3.292909527460471, 3.1581458455682205, 3.18854328963758, 3.206696467577138, 3.26189527528277, 3.1458766081024696, 3.201762048450585, 3.1760033307810698], "y": [3.1839741143031595, 3.2446624784440554, 3.137076435075633, 3.218338467818913, 3.194071362247209, 3.187771022939385, 3.1646689541494886, 3.1920162898608297], "z": [3.1418347261650568, 3.392080836269298, 3.2677319679851875, 3.2519741076279773, 3.22986878601131, 3.280132528114535, 3.3986676436630474, 3.109277011221754], "x_average": 3.203979049107538, "y_average": 3.1903223906048344, "z_average": 3.2589459508822705, "xy_average": 3.197150719856186, "average": 3.2177491301982144}, "angle_XMX": {"x": [171.85935912305177, 170.42504281583436, 172.01102707279293, 173.76456020454177], "y": [169.7243522830121, 173.85570152065867, 171.51601046423133, 171.48071895768211], "z": [177.17466352158584, 172.24290815112585, 177.27574787542903, 170.7525425850974], "x_average": 172.0149973040552, "y_average": 171.64419580639608, "z_average": 174.3614655333095, "xy_average": 171.82959655522563, "average": 172.6735528812536}, "angle_MXM": {"x": [138.32036302104115, 152.66177804798278, 150.07469447019852, 140.57438346377518], "y": [137.2620810576823, 150.67071942292588, 150.9797970237048, 139.55051206070797], "z": [], "x_average": 145.4078047507494, "y_average": 144.61577739125525, "z_average": NaN, "xy_average": 145.01179107100234, "average": 145.01179107100234}}