{"n_layer": 1, "d_interlayer": 4.099182114009006, "bond": {"x": [3.277419055883785, 3.195372997370315, 3.246156512753426, 3.164266792915881, 3.2945656146171167, 3.2019657235909773, 3.263491174869405, 3.1833930416578156], "y": [3.215960546698041, 3.207942009472478, 3.2551914128656274, 3.214194211625705, 3.14695368851166, 3.1654947945045784, 3.1729066107098616, 3.1891835324852305], "z": [3.205625111025702, 3.201434833533844, 3.2202257220754067, 3.2342065457222406, 3.227091789315818, 3.225057246795992, 3.203603346311255, 3.2274647010259874], "x_average": 3.2283288642073398, "y_average": 3.1959783508591477, "z_average": 3.2180886619757807, "xy_average": 3.212153607533244, "average": 3.2141319590140895}, "angle_XMX": {"x": [177.35700249411687, 177.7432093206611, 178.20131806248338, 175.3205812072048], "y": [173.07383411291028, 172.43702957864426, 169.76567212953512, 171.02559249733162], "z": [178.12024407529108, 177.63846523671447, 177.50469472491832, 176.7855434070013], "x_average": 177.15552777111654, "y_average": 171.5755320796053, "z_average": 177.5122368609813, "xy_average": 174.36552992536093, "average": 175.41443223723437}, "angle_MXM": {"x": [145.20002776962306, 145.55712617256066, 141.8222497700222, 148.0982412453093], "y": [133.23916827980497, 147.58621249268495, 155.92479972074835, 137.64169564038215], "z": [], "x_average": 145.1694112393788, "y_average": 143.5979690334051, "z_average": NaN, "xy_average": 144.38369013639195, "average": 144.38369013639195}}