{"n_layer": 1, "d_interlayer": 14.04178420442146, "bond": {"x": [3.1711470938580453, 3.2321413235748846, 3.1782831381164116, 3.2040089718572435, 3.1678366710197396, 3.1909334922649633, 3.1558851046044603, 3.2096923206862273], "y": [3.178584722306705, 3.1785727767883722, 3.222232434199356, 3.1353664282076568, 3.2042213214045234, 3.1868924999409924, 3.2045509162844104, 3.1724333864437155], "z": [3.3371770789051016, 3.1566430399959455, 3.232643510183882, 3.1842492944196112, 3.23844850630796, 3.1678553781124834, 3.085637674502811, 3.284294776605426], "x_average": 3.188741014497747, "y_average": 3.1853568106969665, "z_average": 3.2108686573791525, "xy_average": 3.1870489125973567, "average": 3.1949888275246217}, "angle_XMX": {"x": [171.04417247908694, 167.53349906322393, 168.12317291770117, 172.92808026331056], "y": [159.9596522026476, 174.26098038677893, 166.75454745642313, 175.8831882849696], "z": [170.93643893732727, 171.50734036558617, 174.4473515303857, 175.9491862237589], "x_average": 169.90723118083065, "y_average": 169.2145920827048, "z_average": 173.2100792642645, "xy_average": 169.56091163176774, "average": 170.77730084259997}, "angle_MXM": {"x": [157.08151581655383, 138.14854883110948, 136.71209520966067, 156.27279331190036], "y": [154.01086306331476, 141.9623816273289, 137.52762000729015, 153.11110928274172], "z": [], "x_average": 147.0537382923061, "y_average": 146.6529934951689, "z_average": NaN, "xy_average": 146.85336589373748, "average": 146.85336589373748}}