{"n_layer": 1, "d_interlayer": 14.024685187476793, "bond": {"x": [3.2146696837150452, 3.2710866517054185, 3.269856988637355, 3.169651855858216, 3.1890704134355854, 3.2552866756302694, 3.2828911788609236, 3.1870696174986053], "y": [3.141653850832133, 3.363128734089915, 3.1813047273603083, 3.2536255610836213, 3.2417747954630287, 3.208086826284606, 3.296566761900767, 3.164480434074051], "z": [3.1002441528373987, 3.2207925460590308, 3.135461866035693, 3.2469720178472636, 3.2414061199147084, 3.148634813234521, 3.2951728791859467, 3.108200624677005], "x_average": 3.229947883167677, "y_average": 3.2313277113860535, "z_average": 3.1871106274739462, "xy_average": 3.2306377972768656, "average": 3.216128740675893}, "angle_XMX": {"x": [165.51595116959777, 174.21435739126176, 167.82606398087586, 169.04534872566583], "y": [165.92527131450328, 175.28864682184312, 177.68633202649704, 171.5016072329624], "z": [171.82467775574622, 165.43113251243176, 169.23982977934338, 169.76018891637344], "x_average": 169.1504303168503, "y_average": 172.60046434895145, "z_average": 169.0639572409737, "xy_average": 170.87544733290088, "average": 170.27161730225848}, "angle_MXM": {"x": [140.95596194952086, 146.33057290578807, 153.9622298422272, 146.39097808079114], "y": [147.97160195744624, 147.26510015240453, 147.2380110593079, 147.83055473339013], "z": [], "x_average": 146.9099356945818, "y_average": 147.57631697563718, "z_average": NaN, "xy_average": 147.24312633510948, "average": 147.24312633510948}}