{"n_layer": 1, "d_interlayer": 14.333334487605383, "bond": {"x": [3.1576423730762997, 3.19327052366728, 3.3576073768985615, 3.216193127242578, 3.2059074442540263, 3.192777565539133, 3.2438781421816176, 3.33446774049456], "y": [3.2028623839917363, 3.1580795363781995, 3.201975586167083, 3.206227677297854, 3.1679603174979794, 3.33772763530869, 3.2061335067048, 3.4474690788847586], "z": [3.103302046574281, 3.3543340983191543, 3.185825807070896, 3.2257416921722797, 3.180655472338829, 3.270498229642655, 3.215529855790106, 3.1037321662645936], "x_average": 3.237718036669257, "y_average": 3.2410544652788875, "z_average": 3.2049524210215994, "xy_average": 3.2393862509740723, "average": 3.227908307656581}, "angle_XMX": {"x": [172.47650033883355, 166.44396889689955, 170.53186837450153, 167.61266306719918], "y": [172.5764382116908, 174.65138331346603, 170.2548074384029, 171.11674370617504], "z": [175.0730918407436, 165.57066415674205, 167.78297698971753, 177.88622813239803], "x_average": 169.26625016935844, "y_average": 172.14984316743372, "z_average": 171.5782402799003, "xy_average": 170.70804666839607, "average": 170.9981112055642}, "angle_MXM": {"x": [165.9540111464203, 141.56091293306298, 153.49108019071284, 149.9299403656751], "y": [158.1639701661372, 156.9630028304704, 142.21068218279723, 148.99748912122604], "z": [], "x_average": 152.7339861589678, "y_average": 151.58378607515772, "z_average": NaN, "xy_average": 152.15888611706276, "average": 152.15888611706276}}