{"n_layer": 1, "d_interlayer": 13.449944990029419, "bond": {"x": [3.328926471959491, 3.200587437679835, 3.368101458945705, 3.1073104864731853, 3.237215644542353, 3.3132720313998876, 3.7964309240527148, 3.176778498558946], "y": [3.174211429563363, 3.245941430224704, 3.446990815028985, 3.2056935781299876, 3.397017574133294, 3.1030667397371587, 3.6597166276264352, 3.1613067824473178], "z": [3.1229818465437926, 3.357189331322126, 3.239124875373259, 3.260221270076123, 3.289669734414851, 3.2115992513329217, 3.1602013952224803, 3.100848124054949], "x_average": 3.3160778692015147, "y_average": 3.2992431221114056, "z_average": 3.2177294785425627, "xy_average": 3.30766049565646, "average": 3.2776834899518277}, "angle_XMX": {"x": [166.07153738356706, 161.4875392976444, 173.1360624303407, 159.3694981215533], "y": [173.02400994333487, 167.494422634397, 169.7367927329201, 167.3636661566211], "z": [169.84118869633446, 158.1339305509511, 164.79927200202096, 151.03472604937843], "x_average": 165.01615930827637, "y_average": 169.40472286681828, "z_average": 160.95227932467122, "xy_average": 167.21044108754734, "average": 165.12438716658863}, "angle_MXM": {"x": [144.0687685951199, 161.25712159171178, 158.7969276833977, 127.9157268626345], "y": [151.66448213501903, 155.34624460247474, 152.7389502699642, 140.3381586162316], "z": [], "x_average": 148.00963618321597, "y_average": 150.0219589059224, "z_average": NaN, "xy_average": 149.01579754456918, "average": 149.01579754456918}}