{"n_layer": 1, "d_interlayer": 13.251940632698561, "bond": {"x": [3.4458421032125797, 3.155029843409978, 3.2190859115802715, 3.195792011150959, 3.28455041026163, 3.1837090168395776, 3.289923497461897, 3.1575326718622594], "y": [3.23842358877444, 3.2786142022093165, 3.1602037845959488, 3.3017141543215, 3.3852016065382617, 3.135720866284638, 3.250320648391311, 3.1894720381909085], "z": [3.201095561173144, 3.1850319876409388, 3.2643141117188477, 3.2161827608004026, 3.2874563190062003, 3.1836946258998045, 3.1039292326256502, 3.389035682094496], "x_average": 3.2414331832223944, "y_average": 3.2424588611632905, "z_average": 3.2288425351199352, "xy_average": 3.2419460221928422, "average": 3.23757819316854}, "angle_XMX": {"x": [169.42471733398352, 172.95675667401167, 169.31265235258522, 168.38300672278203], "y": [172.55777467551587, 174.44010288597826, 171.77184182872477, 168.98663017810551], "z": [175.34466545115748, 165.78156907077525, 160.76328652559965, 169.7996433409747], "x_average": 170.01928327084062, "y_average": 171.93908739208112, "z_average": 167.92229109712676, "xy_average": 170.97918533146085, "average": 169.96022058668282}, "angle_MXM": {"x": [137.50147478905154, 150.53054349784875, 147.4124800371885, 144.91522336120494], "y": [144.7066230100066, 148.42799980076458, 142.8718945809573, 151.75539781874411], "z": [], "x_average": 145.08993042132346, "y_average": 146.94047880261814, "z_average": NaN, "xy_average": 146.01520461197077, "average": 146.01520461197077}}