{"n_layer": 1, "d_interlayer": 13.420379207057684, "bond": {"x": [3.1887745108324848, 3.163848477862621, 3.1722548251807625, 3.1408234923473928, 3.1982329404276926, 3.18390036842233, 3.2109058705392197, 3.1331800789186284], "y": [3.151593918712772, 3.203439489152318, 3.176071659329098, 3.2214575207061333, 3.1365753989778447, 3.1994759804213024, 3.1513262606183514, 3.2264734599204363], "z": [3.3376315915768333, 3.1661944157804083, 3.2142106963819073, 3.202370934571496, 3.205814847106972, 3.213270323555916, 3.0926234438779687, 3.2585452023228245], "x_average": 3.1739900705663917, "y_average": 3.183301710979782, "z_average": 3.211332681896791, "xy_average": 3.178645890773087, "average": 3.189541487814321}, "angle_XMX": {"x": [172.24551098325148, 167.86682658981906, 175.24177082963564, 172.43695940998742], "y": [172.12856632907858, 175.80420378976982, 175.0850284214187, 174.69561984748827], "z": [177.7158990633636, 173.0119351018604, 173.59246592187066, 174.55794343364803], "x_average": 171.9477669531734, "y_average": 174.42835459693885, "z_average": 174.71956088018567, "xy_average": 173.18806077505613, "average": 173.69856081009934}, "angle_MXM": {"x": [140.06190853290138, 157.02262199961552, 151.89914134974924, 141.09741756357096], "y": [144.00147907738224, 150.21970412353107, 152.76115326869706, 143.71895919280755], "z": [], "x_average": 147.52027236145926, "y_average": 147.67532391560448, "z_average": NaN, "xy_average": 147.59779813853186, "average": 147.59779813853186}}