{"n_layer": 1, "d_interlayer": 12.696631799437984, "bond": {"x": [3.476790899411509, 3.1139281109849484, 3.3448722098374617, 3.1364766192653826, 3.414841727568972, 3.193814505368018, 3.742088074825386, 3.2117390383403177], "y": [3.2484940064645174, 3.2718302191883857, 3.445499490034921, 3.267185308642517, 3.124463331993192, 3.320965751284183, 3.233325982895852, 3.3893841092880512], "z": [3.0473471808125456, 3.4509404730204642, 3.387906703638878, 3.144439046868321, 3.341191565912916, 3.2371196937970583, 3.071372226353387, 3.2632956040714216], "x_average": 3.3293188982002495, "y_average": 3.2876435249739524, "z_average": 3.242951561809374, "xy_average": 3.308481211587101, "average": 3.2866379949945252}, "angle_XMX": {"x": [169.15801362582897, 169.9222180213617, 173.18678316206356, 175.932716760026], "y": [165.9993588528532, 174.34925778548472, 176.36021468154277, 173.12482101890174], "z": [171.20106268952438, 153.73123021627916, 168.28662833416115, 158.56414722898967], "x_average": 172.04993289232004, "y_average": 172.45841308469562, "z_average": 162.94576711723857, "xy_average": 172.25417298850783, "average": 169.15137103141808}, "angle_MXM": {"x": [147.527213586469, 146.04597749120157, 149.1918948619875, 138.29826520925957], "y": [146.18959769303646, 139.65259456584846, 143.53261706372723, 150.63358447875882], "z": [], "x_average": 145.26583778722943, "y_average": 145.00209845034274, "z_average": NaN, "xy_average": 145.13396811878607, "average": 145.13396811878607}}