{"n_layer": 1, "d_interlayer": 12.982712965433072, "bond": {"x": [3.083620551293458, 3.1433563016801287, 3.0925665233619375, 3.197688437475273, 3.1162706950515844, 3.148641462503497, 3.1234628507317486, 3.2197073027724827], "y": [3.1547873026647704, 3.072359724726143, 3.1289486376696445, 3.1597831118868505, 3.157275046320696, 3.1531311235088912, 3.174829974198519, 3.169847950123139], "z": [3.269969065077152, 3.276837211823733, 3.3009368826371674, 3.1903644369795208, 3.2695143073751347, 3.2193914553190828, 3.1462734210776495, 3.196184873867024], "x_average": 3.1406642656087636, "y_average": 3.1463703588873315, "z_average": 3.233683956769558, "xy_average": 3.143517312248048, "average": 3.173572860421885}, "angle_XMX": {"x": [177.00868086403403, 168.64036110216105, 176.7395049706585, 167.50333540378927], "y": [177.25906971441208, 168.79885581972792, 169.66800640573166, 169.4057404084054], "z": [173.11033464550476, 167.87650112018042, 172.0124226799363, 170.0363889301828], "x_average": 172.4729705851607, "y_average": 171.28291808706928, "z_average": 170.75891184395107, "xy_average": 171.87794433611498, "average": 171.50493350539367}, "angle_MXM": {"x": [166.25891098388664, 169.93338630414485, 172.12238680101953, 154.38667536626184], "y": [162.0552711202731, 174.52986967310778, 161.35876944378796, 156.37168689231095], "z": [], "x_average": 165.67533986382819, "y_average": 163.57889928236995, "z_average": NaN, "xy_average": 164.6271195730991, "average": 164.6271195730991}}