{"n_layer": 1, "d_interlayer": 13.738233259056724, "bond": {"x": [3.1669458138006044, 3.3003783035795813, 3.1602697589791746, 3.1662599241153173, 3.16410464937999, 3.2888363440710786, 3.1620865932335147, 3.1686943424934793], "y": [3.2527244227394094, 3.197105808791912, 3.2154844748615425, 3.2301584864484725, 3.214257892816536, 3.1123041183900018, 3.1695426544001424, 3.158063567487836], "z": [3.2816429578475423, 3.1142462608123824, 3.1978109785407245, 3.227862726498333, 3.1993041779027425, 3.2331031230338927, 3.151233402383926, 3.3114830309836147], "x_average": 3.1971969662065924, "y_average": 3.1937051782419816, "z_average": 3.214585832250395, "xy_average": 3.1954510722242873, "average": 3.2018293255663237}, "angle_XMX": {"x": [174.17886836191147, 169.44115501460536, 167.33595395827228, 172.37084923151014], "y": [171.8114605245407, 166.63368728307242, 177.0957322635798, 162.9029089068002], "z": [177.95523394663178, 171.4691769078861, 173.4971727808865, 174.4390096257829], "x_average": 170.8317066415748, "y_average": 169.6109472444983, "z_average": 174.34014831529683, "xy_average": 170.22132694303656, "average": 171.59426740045663}, "angle_MXM": {"x": [153.969297216098, 145.9070669858799, 136.15483359537615, 160.84429778500507], "y": [155.45494138631557, 134.10711750691476, 143.61836910439294, 161.66602343099566], "z": [], "x_average": 149.21887389558978, "y_average": 148.71161285715473, "z_average": NaN, "xy_average": 148.96524337637226, "average": 148.96524337637226}}