{"n_layer": 1, "d_interlayer": 13.57436881823967, "bond": {"x": [3.2807940942114193, 3.1360614763038313, 3.3049685569580207, 3.1070420169679283, 3.2468271599478227, 3.139274601629482, 3.2773102385303794, 3.12788557992005], "y": [3.1320425011395, 3.188988356635905, 3.194906356946484, 3.145596697300959, 3.1369857417665314, 3.275203018678159, 3.164076737007923, 3.2173076632802777], "z": [3.134444768023204, 3.378593916986688, 3.258570434465716, 3.2079232783305263, 3.2457052945652887, 3.20677977616816, 3.2125032655231447, 3.17667198776155], "x_average": 3.202520465558617, "y_average": 3.181888384094467, "z_average": 3.227649090228035, "xy_average": 3.192204424826542, "average": 3.2040193132937063}, "angle_XMX": {"x": [174.92818200394026, 171.72228609518803, 162.95521073679643, 170.3031444537544], "y": [161.8375419589919, 159.6634592146029, 168.0851309480234, 164.9580476487588], "z": [176.8150948787911, 170.25824337603441, 169.83308800274486, 178.35158348323446], "x_average": 169.97720582241976, "y_average": 163.63604494259425, "z_average": 173.8145024352012, "xy_average": 166.806625382507, "average": 169.14258440007174}, "angle_MXM": {"x": [141.60454523260384, 145.33708896811294, 160.42681319625746, 154.29188598198672], "y": [141.2647908833295, 179.17266859804758, 160.8035591339444, 140.03141341072674], "z": [], "x_average": 150.41508334474022, "y_average": 155.31810800651206, "z_average": NaN, "xy_average": 152.86659567562614, "average": 152.86659567562614}}