{"n_layer": 1, "d_interlayer": 13.238936082110207, "bond": {"x": [3.5290458761549823, 3.1390245598518995, 3.284118784620113, 3.1889647471061227, 3.3024653275848737, 3.1533034657747576, 3.3182234691854373, 3.150051209497964], "y": [3.213459370052223, 3.234987186176688, 3.1404210486547104, 3.266597095819914, 3.339575598371347, 3.1843745104641568, 3.2413058897917675, 3.211166827489839], "z": [3.212148238165116, 3.172854128314219, 3.2221766170870354, 3.227581628278622, 3.171024625178539, 3.2913614506488433, 3.385627393217353, 3.092145574979075], "x_average": 3.2581496799720187, "y_average": 3.2289859408525805, "z_average": 3.2218649569836, "xy_average": 3.2435678104122996, "average": 3.236333525936067}, "angle_XMX": {"x": [168.52283279873805, 174.76646907292047, 174.27690814546298, 172.2050458798526], "y": [170.37189870975874, 174.69140179655318, 171.40558031602873, 169.24376110275236], "z": [173.24882280297717, 168.08406971902525, 158.19100517200718, 170.24440055216732], "x_average": 172.4428139742435, "y_average": 171.42816048127327, "z_average": 167.44207456154425, "xy_average": 171.9354872277584, "average": 170.43768300568698}, "angle_MXM": {"x": [144.5848856852916, 150.56677628641896, 146.25758795427873, 150.07601943635], "y": [157.84105745438137, 144.82515387536623, 140.42744819202633, 154.03904934061734], "z": [], "x_average": 147.87131734058482, "y_average": 149.28317721559782, "z_average": NaN, "xy_average": 148.5772472780913, "average": 148.5772472780913}}