{"n_layer": 1, "d_interlayer": 13.20163365744521, "bond": {"x": [3.2159541361166344, 3.2748985809187796, 3.133330214216585, 3.236375702470834, 3.2081096060489926, 3.2894917363393, 3.15111165090198, 3.215032866584723], "y": [3.316997515705318, 3.1374677007642546, 3.2224040838365284, 3.1960351293429135, 3.248189062086184, 3.196817560180276, 3.223481231109504, 3.2094056878932653], "z": [3.1047021391960747, 3.3613906104613993, 3.2698284612067736, 3.2157549992584724, 3.2596688778862184, 3.209880011936425, 3.343369241755584, 3.1032646402486233], "x_average": 3.2155380616997284, "y_average": 3.2188497463647803, "z_average": 3.2334823727436963, "xy_average": 3.217193904032255, "average": 3.222623393602735}, "angle_XMX": {"x": [179.7026658372631, 171.34068003111767, 164.22027652178846, 172.51914053510708], "y": [166.36650340874075, 168.0428348794561, 171.76105791277894, 175.6669177622718], "z": [178.3164966204234, 167.7960811571629, 173.32464655344262, 175.75005669173441], "x_average": 171.9456907313191, "y_average": 170.4593284908119, "z_average": 173.79682025569082, "xy_average": 171.2025096110655, "average": 172.06727982594057}, "angle_MXM": {"x": [144.1361083599875, 156.2908760440352, 142.21064584833388, 145.0185820272405], "y": [164.26011043340793, 141.5135746821696, 145.35045913201293, 156.47850549901815], "z": [], "x_average": 146.9140530698993, "y_average": 151.90066243665217, "z_average": NaN, "xy_average": 149.40735775327573, "average": 149.40735775327573}}