{"n_layer": 1, "d_interlayer": 3.572265975946861, "bond": {"x": [3.250338430972254, 3.206962645911626, 3.274461019864703, 3.2026283631315864, 3.261143928897574, 3.1863655231635355, 3.280685624359945, 3.219304141152029], "y": [3.1650758258369383, 3.2393058802338923, 3.192863425685715, 3.3381832601367605, 3.1973132622289397, 3.20757691705062, 3.1887161628940777, 3.2549088422413996], "z": [3.2401349570193005, 3.218860345800746, 3.1889579122416967, 3.1861087856753083, 3.1664805887276044, 3.162847024948711, 3.191052398106566, 3.1933705551709632], "x_average": 3.2352362096816565, "y_average": 3.222992947038543, "z_average": 3.193476570961362, "xy_average": 3.2291145783601, "average": 3.217235242560521}, "angle_XMX": {"x": [177.28342131680913, 178.6953787029747, 178.1771373116798, 179.5910519939104], "y": [176.17937518778328, 176.01153875241576, 173.39246028095718, 173.00532514002668], "z": [177.85946693438845, 178.56120396229076, 178.21433703861646, 178.63163735708187], "x_average": 178.4367473313435, "y_average": 174.64717484029572, "z_average": 178.3166613230944, "xy_average": 176.5419610858196, "average": 177.13352783157782}, "angle_MXM": {"x": [137.83850886492212, 134.29377623428746, 133.49820547670234, 133.869149223154], "y": [142.02025368614662, 134.93984916931842, 140.8468927760025, 139.9713147679069], "z": [], "x_average": 134.8749099497665, "y_average": 139.44457759984363, "z_average": NaN, "xy_average": 137.15974377480507, "average": 137.15974377480507}}