{"n_layer": 1, "d_interlayer": 3.940348139388413, "bond": {"x": [3.2385455539497143, 3.1969328000189954, 3.246360756653689, 3.123021902313777, 3.2429221416280667, 3.212361350893943, 3.2508206260247636, 3.099934305020437], "y": [3.1980004196809078, 3.198062223569079, 3.2089133830770935, 3.201952437479688, 3.096089269086127, 3.182046712599931, 3.129544842340084, 3.2067696679585516], "z": [3.0842391061752177, 3.4159803210524053, 3.361211256651645, 3.1903199438063656, 3.265084071473658, 3.2397368748638145, 3.300621176119822, 3.244234118912432], "x_average": 3.201362429562923, "y_average": 3.1776723694739326, "z_average": 3.2626783586319204, "xy_average": 3.1895173995184276, "average": 3.2139043858895917}, "angle_XMX": {"x": [177.0118204636691, 172.64137030475115, 174.50412420170835, 174.70130599374144], "y": [173.65270558278337, 171.87098103942748, 174.64759697523155, 168.52000580732712], "z": [170.55626705648973, 176.08476900925103, 173.06675829600886, 177.12768550846656], "x_average": 174.71465524096752, "y_average": 172.1728223511924, "z_average": 174.20886996755405, "xy_average": 173.44373879607997, "average": 173.69878251990465}, "angle_MXM": {"x": [139.13837990173187, 152.6813442223768, 146.34553729831495, 143.28913230771815], "y": [134.0033367752063, 147.44648679213466, 154.17245539006106, 138.65339414641664], "z": [], "x_average": 145.36359843253547, "y_average": 143.56891827595467, "z_average": NaN, "xy_average": 144.46625835424504, "average": 144.46625835424504}}