{"n_layer": 1, "d_interlayer": 3.648323679036544, "bond": {"x": [3.1982465286087405, 3.1863603392394597, 3.200606866158165, 3.1651731002494987, 3.222706370094369, 3.2230489564688223, 3.2090906040839715, 3.1783015328806217], "y": [3.2352461294615003, 3.1956559047195063, 3.2642441019711703, 3.2196472849310545, 3.2474293288563527, 3.2030058437198208, 3.2545590832776727, 3.2053632844912836], "z": [3.1899479508915283, 3.1947037705936996, 3.1913681153330984, 3.190103992595567, 3.1805835920211947, 3.186935435285131, 3.1902423341973667, 3.186999137489749], "x_average": 3.197941787222956, "y_average": 3.2281438701785454, "z_average": 3.188860541050917, "xy_average": 3.2130428287007504, "average": 3.2049820661508064}, "angle_XMX": {"x": [177.30349160515152, 177.15784399955388, 176.58439063376903, 176.89249779131737], "y": [178.64289453429288, 179.2446303666573, 177.97550242822308, 177.36036554531924], "z": [178.2432635045013, 178.67242108626556, 178.03910228929496, 178.08974008966118], "x_average": 176.98455600744794, "y_average": 178.30584821862314, "z_average": 178.26113174243076, "xy_average": 177.64520211303554, "average": 177.85051198950063}, "angle_MXM": {"x": [146.92696521992963, 152.60357966671458, 149.77625420143312, 149.224067896476], "y": [157.2364006374386, 156.90937419193915, 155.64049144055477, 159.01778562911068], "z": [], "x_average": 149.63271674613833, "y_average": 157.2010129747608, "z_average": NaN, "xy_average": 153.41686486044955, "average": 153.41686486044955}}