{"n_layer": 1, "d_interlayer": 4.030214129823637, "bond": {"x": [3.181239489645496, 3.166979704337036, 3.262320650416596, 3.2268058146952248, 3.1724983928142434, 3.167504959417835, 3.2473245130423516, 3.2196569180661876], "y": [3.1573448272050078, 3.169989077532947, 3.1553259664450333, 3.168805174909434, 3.234956993638621, 3.237557287937793, 3.2222808770496565, 3.227729940225981], "z": [3.1959297821329726, 3.196181427555102, 3.194161706111508, 3.194009931099888, 3.2212503806734816, 3.216445861271514, 3.206520343544305, 3.2036185773657166], "x_average": 3.2055413053043713, "y_average": 3.1967487681180593, "z_average": 3.203514751219311, "xy_average": 3.2011450367112153, "average": 3.201934941547247}, "angle_XMX": {"x": [179.5714965740476, 179.31648070747164, 179.0054629409752, 179.77781305385537], "y": [178.21876331757304, 178.15249869702726, 178.62414754090713, 178.17557925255846], "z": [179.34924687500845, 179.14357097364882, 179.47938079583125, 179.33714317221137], "x_average": 179.41781331908743, "y_average": 178.29274720201647, "z_average": 179.327335454175, "xy_average": 178.85528026055195, "average": 179.0126319917596}, "angle_MXM": {"x": [146.64290128822896, 140.28157701664335, 147.91701041796168, 139.70208083892769], "y": [145.03697772005557, 147.9917468598726, 140.64115838323428, 137.91035093878813], "z": [], "x_average": 143.63589239044043, "y_average": 142.89505847548764, "z_average": NaN, "xy_average": 143.26547543296402, "average": 143.26547543296402}}