{"n_layer": 1, "d_interlayer": 4.065745215537655, "bond": {"x": [3.141159066661771, 3.2537384033530765, 3.214981066357598, 3.2130220820405357, 3.1944812556738773, 3.181503119348813, 3.2009231915712046, 3.2336242274779945], "y": [3.1848073880372736, 3.201189491579708, 3.268933068983737, 3.1282785530011594, 3.2681472598751666, 3.175922367162985, 3.2576878258754878, 3.173198743779669], "z": [3.2849285413879032, 3.150726672745103, 3.1432310303479705, 3.314819435197625, 3.2403041629947045, 3.229082891218636, 3.2799180996949553, 3.2218008630819437], "x_average": 3.2041790515606086, "y_average": 3.207270587286898, "z_average": 3.2331014620836047, "xy_average": 3.2057248194237538, "average": 3.214850366977037}, "angle_XMX": {"x": [172.16859028825417, 167.82559040225476, 169.84520350814464, 167.74363571412815], "y": [165.01204018153115, 172.22529472008316, 174.00127160151266, 171.63322441798488], "z": [175.73938932018802, 178.2121959694218, 171.54392988834206, 171.71636709135424], "x_average": 169.3957549781954, "y_average": 170.71795773027796, "z_average": 174.30297056732655, "xy_average": 170.0568563542367, "average": 171.47222775859996}, "angle_MXM": {"x": [152.70061355897508, 136.18269712564685, 139.8675396064434, 153.49812371542131], "y": [154.69290332846836, 139.31034471495371, 139.157978564097, 148.19119714666797], "z": [], "x_average": 145.56224350162168, "y_average": 145.33810593854676, "z_average": NaN, "xy_average": 145.4501747200842, "average": 145.4501747200842}}