{"n_layer": 1, "d_interlayer": 13.028708376946916, "bond": {"x": [3.147893918343208, 3.1339587376773745, 3.1466627744128477, 3.1290917171980306, 3.1528895688134746, 3.1370096787045507, 3.154890734609613, 3.131665872391069], "y": [3.130485386837888, 3.1497014848120592, 3.130135369461577, 3.157423397596056, 3.1277672395457445, 3.1481206253432594, 3.1343101241290436, 3.152130000977633], "z": [3.1630655330060464, 3.2198485806048756, 3.1766045518494987, 3.2048454787972895, 3.1757786533735617, 3.204151565535335, 3.2642993784250725, 3.127521894628838], "x_average": 3.1417578752687714, "y_average": 3.1412592035879077, "z_average": 3.1920144545275644, "xy_average": 3.1415085394283393, "average": 3.1583438444614145}, "angle_XMX": {"x": [173.8255003387883, 176.61934120866493, 175.86349022494633, 175.03152782854707], "y": [174.10140611153508, 176.42715262463662, 174.18222039286343, 176.3905608896522], "z": [176.56590403404536, 177.0735548316336, 177.3353583921543, 179.54494810238864], "x_average": 175.33496490023666, "y_average": 175.27533500467183, "z_average": 177.62994134005547, "xy_average": 175.30514995245426, "average": 176.08008041498803}, "angle_MXM": {"x": [165.90810553274778, 158.882409914611, 158.8245254614256, 166.37715593650088], "y": [165.02558380550494, 159.6252105159039, 158.36829356341104, 167.0221792687442], "z": [], "x_average": 162.4980492113213, "y_average": 162.51031678839104, "z_average": NaN, "xy_average": 162.50418299985617, "average": 162.50418299985617}}