{"n_layer": 1, "d_interlayer": 13.370367911581472, "bond": {"x": [3.2313677708889457, 3.116908849293932, 3.2354861617555555, 3.1636689736279187, 3.206344136286063, 3.147114756265909, 3.2547245609354, 3.1604608861719754], "y": [3.138949325780661, 3.184592770868895, 3.1217341623909425, 3.191713019667052, 3.1463385162732025, 3.2009096828033785, 3.1637469108623475, 3.1931040753013686], "z": [3.252302499554212, 3.263319007988914, 3.281103913560293, 3.234356245797328, 3.275599469004613, 3.2459710195880693, 3.2386569154285443, 3.294754748814332], "x_average": 3.1895095119032124, "y_average": 3.167636057993481, "z_average": 3.2607579774670383, "xy_average": 3.1785727849483467, "average": 3.2059678491212438}, "angle_XMX": {"x": [175.0187676495551, 172.4253705100708, 169.82749523521125, 174.60010910605075], "y": [167.54588525809834, 172.66712546024078, 169.7770700054769, 169.1016184756275], "z": [170.8038477316979, 173.1938221991073, 169.8295966991744, 169.07954196550895], "x_average": 172.96793562522197, "y_average": 169.77292479986087, "z_average": 170.72670214887214, "xy_average": 171.3704302125414, "average": 171.1558541913183}, "angle_MXM": {"x": [144.72442900702384, 152.28363503298488, 155.98501503669212, 140.626962646065], "y": [138.13046301504056, 156.02610377237215, 154.99828838403172, 135.13915706026], "z": [], "x_average": 148.40501043069145, "y_average": 146.0735030579261, "z_average": NaN, "xy_average": 147.2392567443088, "average": 147.2392567443088}}