{"n_layer": 1, "d_interlayer": 12.508982985275889, "bond": {"x": [3.155073974918396, 3.1425952188953516, 3.149341513010384, 3.135186420144678, 3.1471845394765587, 3.1382725005148027, 3.182122978950306, 3.112519575612924], "y": [3.13920226951391, 3.144330155176171, 3.1193853737448354, 3.1842489548224115, 3.1365781262067283, 3.174439738644895, 3.15479218367736, 3.15430897485061], "z": [3.130388348079249, 3.2629989296114705, 3.2629829682790175, 3.130104635840227, 3.2337291976785627, 3.1375721845443953, 3.143092184311734, 3.268388822299534], "x_average": 3.1452870901904255, "y_average": 3.1509107220796153, "z_average": 3.1961571588305238, "xy_average": 3.14809890613502, "average": 3.164118323700188}, "angle_XMX": {"x": [168.62433726487566, 172.08729273096313, 173.98286323547904, 170.34783761734087], "y": [171.6338884334018, 170.87825091639567, 170.6251933849558, 171.67693777208564], "z": [173.3521711616018, 171.18833631995767, 175.7861206481205, 174.89170773948922], "x_average": 171.2605827121647, "y_average": 171.20356762670974, "z_average": 173.8045839672923, "xy_average": 171.23207516943722, "average": 172.08957810205558}, "angle_MXM": {"x": [163.73006813365328, 148.40936261692195, 149.57774261141262, 165.46409641677678], "y": [165.64732168522409, 150.4792371217097, 148.7208066508164, 163.6375302323299], "z": [], "x_average": 156.79531744469116, "y_average": 157.12122392252002, "z_average": NaN, "xy_average": 156.95827068360558, "average": 156.95827068360558}}