{"n_layer": 1, "d_interlayer": 13.906717066312227, "bond": {"x": [3.1380327754148465, 3.958592362079299, 3.947605177436636, 3.144483998109476, 3.0615338941667116, 3.618385347893678, 3.4475870106700537, 3.052693845334972], "y": [3.9867176905980255, 3.142156404014457, 3.562348662703575, 3.0683821252175525, 4.046208683112457, 3.1369106236119535, 3.4258640094812645, 3.0649592183024277], "z": [3.528210616528177, 3.0383973482231053, 2.9498280581778102, 3.6009813376567306, 2.941682944849298, 3.601905567784642, 3.555180810991929, 2.9149434163438515], "x_average": 3.421114301388209, "y_average": 3.4291934271302145, "z_average": 3.266391262569443, "xy_average": 3.4251538642592116, "average": 3.3722329970292884}, "angle_XMX": {"x": [167.60237044982424, 152.70626379395517, 161.7837428646198, 165.02567927651273], "y": [167.63173593574172, 166.80749074580817, 152.02020081949271, 165.9901897572545], "z": [163.88444044232625, 161.4093544641161, 159.8330218272019, 175.47875829356641], "x_average": 161.77951409622798, "y_average": 163.11240431457426, "z_average": 165.15139375680266, "xy_average": 162.44595920540115, "average": 163.347770722535}, "angle_MXM": {"x": [127.9948593608222, 156.00461817357433, 155.5082793848691, 145.31841820657485], "y": [140.58047123166756, 142.19896858033866, 152.10661658379465, 148.09604906861605], "z": [], "x_average": 146.2065437814601, "y_average": 145.74552636610423, "z_average": NaN, "xy_average": 145.97603507378216, "average": 145.97603507378216}}