{"n_layer": 1, "d_interlayer": 14.792968107598437, "bond": {"x": [3.1741474852108986, 3.160460868719335, 3.3043714141405074, 3.122851428139376, 3.1868737946794052, 3.139066791889643, 3.2730593089687807, 3.192296347106449], "y": [3.1815944319024143, 3.171191570879327, 3.150723517533227, 3.206410142639133, 3.181915277057741, 3.252376261050331, 3.1966109720727633, 3.335825528951692], "z": [3.44180157880663, 3.06390520187689, 3.2205503071540886, 3.3152818345715316, 3.2309914813389846, 3.3009036366701716, 3.153141623726763, 3.3225515489244817], "x_average": 3.1941409298567995, "y_average": 3.2095809627608283, "z_average": 3.2561409016336924, "xy_average": 3.201860946308814, "average": 3.21995426475044}, "angle_XMX": {"x": [166.304653309246, 169.72315377516543, 177.43011167752505, 177.0755258958978], "y": [165.61252584463452, 175.81731671652696, 172.86031375734493, 178.5659746585807], "z": [179.29150140321494, 172.5096674889466, 167.42492954290253, 170.61721646191455], "x_average": 172.63336116445856, "y_average": 173.21403274427178, "z_average": 172.46082872424466, "xy_average": 172.92369695436517, "average": 172.769407544325}, "angle_MXM": {"x": [145.399317196785, 141.5955523768029, 145.99634624179913, 137.53679960062132], "y": [142.24477664806733, 154.4562884670725, 143.66743906423017, 137.2313352505303], "z": [], "x_average": 142.6320038540021, "y_average": 144.39995985747507, "z_average": NaN, "xy_average": 143.51598185573857, "average": 143.51598185573857}}