{"n_layer": 1, "d_interlayer": 12.51460190842755, "bond": {"x": [3.1404493871673687, 3.1822580813580896, 3.1470206929256492, 3.1834263401219562, 3.135650538023364, 3.1651436901451255, 3.123472868365552, 3.1925385218525397], "y": [3.1687302194289333, 3.1425525281513327, 3.1797101852208147, 3.131950284208139, 3.2087085036279146, 3.1340517796532614, 3.1838660176301805, 3.140659297222662], "z": [3.1962720391385417, 3.1469389478104306, 3.127419595049489, 3.240365885915339, 3.130353591608437, 3.2350691077214178, 3.3134800802570332, 3.1094293681996565], "x_average": 3.1587450149949556, "y_average": 3.1612786018929047, "z_average": 3.1874160769625433, "xy_average": 3.1600118084439304, "average": 3.169146564616801}, "angle_XMX": {"x": [168.33638743940259, 170.83515580882317, 173.3604995382582, 169.1244657115894], "y": [171.17249022236905, 168.634785346512, 170.645744104815, 170.25956453511074], "z": [175.58339795686703, 174.52555785362148, 176.36677447200583, 175.80400919055674], "x_average": 170.41412712451836, "y_average": 170.1781460522017, "z_average": 175.56993486826278, "xy_average": 170.29613658836, "average": 172.0540693483276}, "angle_MXM": {"x": [152.68870956076296, 169.11075504499632, 167.89562516946052, 149.81265969076256], "y": [152.74207331713293, 170.05318646264666, 166.75636769607968, 150.00168318427885], "z": [], "x_average": 159.87693736649558, "y_average": 159.88832766503452, "z_average": NaN, "xy_average": 159.88263251576507, "average": 159.88263251576507}}