{"n_layer": 1, "d_interlayer": 12.77023004704396, "bond": {"x": [3.3466824740088033, 3.1595716621643666, 3.263204572523621, 3.1620426589667905, 3.2533617808150117, 3.1695653398714807, 3.2399493428745285, 3.167249170593469], "y": [3.2572294385864144, 3.2310012017215275, 3.233966509285911, 3.196744820331967, 3.214819121840757, 3.166126519878204, 3.1672160697738834, 3.2146276771284783], "z": [3.2419614743590035, 3.2009073892723108, 3.164036328693387, 3.3709453491009107, 3.2018527066588542, 3.3568249241266352, 3.321771956430358, 3.0949038984898354], "x_average": 3.220203375227259, "y_average": 3.210216419818393, "z_average": 3.2441505033914115, "xy_average": 3.2152098975228256, "average": 3.224856766145688}, "angle_XMX": {"x": [172.91236378842945, 168.16497941688493, 171.9889720856407, 170.34649454831427], "y": [174.77358232783072, 169.01578548476266, 176.53745341018214, 162.73975167051606], "z": [171.71416809052346, 170.51061120850764, 166.15155493250194, 175.48333709988566], "x_average": 170.85320245981734, "y_average": 170.7666432233229, "z_average": 170.96491783285467, "xy_average": 170.8099228415701, "average": 170.86158783866497}, "angle_MXM": {"x": [135.83796092807447, 150.30057540837953, 149.8165397077445, 142.74178909089738], "y": [151.06523062035566, 137.08164660040222, 143.6343749053695, 156.64321938749006], "z": [], "x_average": 144.67421628377394, "y_average": 147.10611787840438, "z_average": NaN, "xy_average": 145.89016708108917, "average": 145.89016708108917}}