{"n_layer": 1, "d_interlayer": 10.992985409723625, "bond": {"x": [3.1393451153441005, 3.1826008626602698, 3.1994563881518516, 3.145507330448294, 3.214661276548878, 3.144386174491174, 3.191487939309905, 3.1947265435117553], "y": [3.1771686250455895, 3.134441891089219, 3.158976679223704, 3.1587566067691673, 3.2075299131899753, 3.1910416715663583, 3.2001739044334414, 3.1922315441049713], "z": [3.190799425324854, 3.324648343308472, 3.230791951693876, 3.2669333903707702, 3.2508280567260988, 3.193531693957621, 3.2459520331693197, 3.1654354225286383], "x_average": 3.1765214538082787, "y_average": 3.177540104427803, "z_average": 3.233615039634956, "xy_average": 3.1770307791180405, "average": 3.195892199290346}, "angle_XMX": {"x": [173.69474014520912, 171.77893413917545, 169.92629667520478, 174.55706607175526], "y": [172.67836970352147, 170.67880697263624, 162.64990482503873, 166.36206454401207], "z": [170.83755500385072, 166.20009423786058, 171.1296216789748, 169.75537955931165], "x_average": 172.48925925783615, "y_average": 168.09228651130212, "z_average": 169.48066261999944, "xy_average": 170.29077288456915, "average": 170.02073612971256}, "angle_MXM": {"x": [159.7357365322408, 152.75131220986364, 162.43458213645275, 165.0459195884254], "y": [165.26893907983575, 151.36705159269584, 139.88925330031765, 170.71712588763353], "z": [], "x_average": 159.99188761674563, "y_average": 156.8105924651207, "z_average": NaN, "xy_average": 158.40124004093317, "average": 158.40124004093317}}