{"n_layer": 1, "d_interlayer": 10.58904440053363, "bond": {"x": [3.1551614649450017, 3.1538499373489994, 3.160035086383057, 3.1578597770070176, 3.1598260532774813, 3.159741755509903, 3.180316963091829, 3.1798160411348415], "y": [3.15458325830673, 3.154375707333772, 3.1596493206188647, 3.159915318444728, 3.159483318289352, 3.1588544320029817, 3.180123927097539, 3.179944808815643], "z": [3.514691769551203, 3.0628013822086655, 3.2238968712886082, 3.271438940902186, 3.217075795213999, 3.2791626309623205, 3.0938371112791168, 3.3605216235835305], "x_average": 3.163325884837266, "y_average": 3.1633662613637012, "z_average": 3.2529282656237037, "xy_average": 3.1633460731004837, "average": 3.193206803941557}, "angle_XMX": {"x": [178.4805504597515, 174.7927427756574, 178.62948316692413, 178.39436496678601], "y": [178.47725839307276, 178.26244348258803, 174.46480908486873, 178.42978744923244], "z": [179.95816516382897, 179.9155054522496, 179.97585471954739, 179.93861244885304], "x_average": 177.57428534227978, "y_average": 177.4085746024405, "z_average": 179.94703444611974, "xy_average": 177.49142997236015, "average": 178.30996479694667}, "angle_MXM": {"x": [145.34971804689164, 143.9676495832653, 145.358917767339, 143.96332654646272], "y": [145.2586072143912, 145.43435480949947, 143.99848881503263, 143.8969537381703], "z": [], "x_average": 144.65990298598967, "y_average": 144.6471011442734, "z_average": NaN, "xy_average": 144.65350206513153, "average": 144.65350206513153}}