{"n_layer": 1, "d_interlayer": 3.7749336864227026, "bond": {"x": [3.13095091894055, 3.3308974496757897, 3.2023166446947036, 3.2655347817522062, 3.2201329097424596, 3.187111440271523, 3.147995362759681, 3.3064030263594253], "y": [3.144553817955238, 3.194119989845526, 3.1907710330396166, 3.1411493589446096, 3.201042916394537, 3.1634092143535204, 3.1348726023900677, 3.2112928562944503], "z": [3.0939029742731985, 3.256307245049664, 3.186846503428206, 3.1752669787450616, 3.178346480678207, 3.1802358774059947, 3.223281252152581, 3.1380494922166298], "x_average": 3.2239178167745424, "y_average": 3.172651473652196, "z_average": 3.179029600493693, "xy_average": 3.198284645213369, "average": 3.1918662969734775}, "angle_XMX": {"x": [175.55338990840227, 168.16991332797016, 169.17642093934492, 174.5257578593416], "y": [164.61583032194702, 164.97193702246554, 165.44006897968123, 164.03045193183306], "z": [175.48022764851405, 175.35303649165195, 174.78028304104706, 177.64987529096936], "x_average": 171.85637050876474, "y_average": 164.7645720639817, "z_average": 175.8158556180456, "xy_average": 168.31047128637323, "average": 170.81226606359735}, "angle_MXM": {"x": [142.66514097681332, 140.61741208794308, 142.16715351670229, 142.27314492994], "y": [127.72079973261141, 151.3988630349289, 151.28071278146896, 126.84941746866332], "z": [], "x_average": 141.93071287784966, "y_average": 139.31244825441814, "z_average": NaN, "xy_average": 140.6215805661339, "average": 140.6215805661339}}