{"n_layer": 1, "d_interlayer": 3.8305256773939513, "bond": {"x": [3.155817585286645, 3.2069291136082856, 3.168530907758126, 3.2302195763054806, 3.145420463329687, 3.176737835151858, 3.1440611176685302, 3.216530280075696], "y": [3.152581260025952, 3.1680600030955874, 3.1594533578393365, 3.1341946303194197, 3.1901660140841934, 3.164793708869785, 3.1625130689294783, 3.1664011348084222], "z": [3.153975275368303, 3.1605231120406865, 3.16391741415189, 3.169323580878153, 3.1642685483954742, 3.1710931179640216, 3.181270880889633, 3.181515403396178], "x_average": 3.1805308598980386, "y_average": 3.162270397246522, "z_average": 3.1682359166355423, "xy_average": 3.1714006285722802, "average": 3.1703457245933677}, "angle_XMX": {"x": [169.95588023042052, 175.27540556615645, 178.05798564820935, 171.17081380794681], "y": [171.69332474661329, 166.06503897215202, 168.59279039205256, 170.09906906022968], "z": [176.47273655685228, 177.02572420119353, 178.76494305952238, 175.87695020173243], "x_average": 173.6150213131833, "y_average": 169.1125557927619, "z_average": 177.03508850482513, "xy_average": 171.36378855297258, "average": 173.25422187025677}, "angle_MXM": {"x": [138.1722385838266, 148.36079450988132, 150.0579814174228, 135.69894633853679], "y": [131.31387899271698, 153.26722891915267, 150.86768675761326, 129.72164385180585], "z": [], "x_average": 143.07249021241688, "y_average": 141.2926096303222, "z_average": NaN, "xy_average": 142.18254992136954, "average": 142.18254992136954}}