{"n_layer": 1, "d_interlayer": 4.04035253239384, "bond": {"x": [3.125124134077598, 3.1956693843342623, 3.157362785783069, 3.220083887827334, 3.125551457370336, 3.215008543174292, 3.111948295640791, 3.2381812067781612], "y": [3.1111571567326792, 3.146535856078434, 3.098498859319722, 3.1793140553718207, 3.210647758776497, 3.1229684903170076, 3.1891723113495303, 3.136446047230479], "z": [3.2230693265060077, 3.2119841795701527, 3.213255489127278, 3.2240477486895545, 3.2109215181345636, 3.240670786846392, 3.209591715671921, 3.202095395700116], "x_average": 3.17361621187323, "y_average": 3.149342566897021, "z_average": 3.2169545200307486, "xy_average": 3.1614793893851254, "average": 3.1799710996003334}, "angle_XMX": {"x": [175.38785580773438, 167.12245645612856, 179.53637280603388, 172.4542840753263], "y": [165.01708312380885, 162.20562277612513, 172.30323772622924, 170.40634895461176], "z": [176.68066326874677, 178.71656138797803, 178.77378493557205, 177.3489238749189], "x_average": 173.6252422863058, "y_average": 167.48307314519374, "z_average": 177.87998336680394, "xy_average": 170.55415771574977, "average": 172.9960995994345}, "angle_MXM": {"x": [163.40931922077414, 171.50817715295508, 162.27313155510677, 151.98512255585905], "y": [160.793298631709, 160.69122484274354, 152.81654245860537, 157.34114483201662], "z": [], "x_average": 162.29393762117377, "y_average": 157.91055269126863, "z_average": NaN, "xy_average": 160.10224515622122, "average": 160.10224515622122}}