{"n_layer": 1, "d_interlayer": 4.0023884854405996, "bond": {"x": [3.1248650104467774, 3.3741830340862635, 3.2300204643287915, 3.1948544293127754, 3.082929761759349, 3.4649360185454765, 3.159283589087323, 3.242870927096711], "y": [3.326762518874492, 3.18430385758749, 3.262792049138834, 3.1449343760761304, 3.2011112175779766, 3.14890454427112, 3.149494970270555, 3.1574165859598065], "z": [3.2704262909888118, 3.2366961371122276, 3.2522383964807267, 3.1771112166473006, 3.3317963562895625, 3.158395176622774, 3.124130352255365, 3.3289451096882448], "x_average": 3.234242904332933, "y_average": 3.1969650149695505, "z_average": 3.2349673795106266, "xy_average": 3.215603959651242, "average": 3.222058432937704}, "angle_XMX": {"x": [177.14925048640478, 173.34268516630206, 174.0216097378691, 174.23455299108284], "y": [171.31021386715238, 176.34290804672463, 168.78068232243973, 169.69889070989402], "z": [173.5031730794133, 173.2434041581612, 177.38576030409556, 171.06637281017288], "x_average": 174.6870245954147, "y_average": 171.5331737365527, "z_average": 173.79967758796073, "xy_average": 173.11009916598368, "average": 173.33995863997606}, "angle_MXM": {"x": [152.80447292956651, 155.80763097427175, 147.9877155923292, 162.8488282215443], "y": [152.26496744554782, 142.1535598168959, 148.54275314066777, 167.1734160760482], "z": [], "x_average": 154.86216192942794, "y_average": 152.5336741197899, "z_average": NaN, "xy_average": 153.69791802460892, "average": 153.69791802460892}}