{"n_layer": 1, "d_interlayer": 4.009112451617778, "bond": {"x": [3.1629561431098274, 3.1408747415905, 3.190664921642579, 3.2047067072783038, 3.179322485744537, 3.1597187834418317, 3.2150896550961794, 3.1832025292282857], "y": [3.149742358481042, 3.16491240439391, 3.1530370965009427, 3.1444213931821543, 3.185130552338101, 3.1958460497292487, 3.1815991586238015, 3.2153681609368756], "z": [3.2334919132742934, 3.2507152853367796, 3.2447318605372546, 3.23221659102812, 3.238936766368687, 3.2237624743403934, 3.2557128229376233, 3.1834169861161725], "x_average": 3.1795669958915056, "y_average": 3.1737571467732595, "z_average": 3.2328730874924156, "xy_average": 3.1766620713323825, "average": 3.1953990767190597}, "angle_XMX": {"x": [172.67952673564997, 174.72243480839305, 171.8433523557017, 173.07799483340216], "y": [173.03255529927134, 172.83785892611695, 174.52680348944457, 173.44121282513507], "z": [177.15572685751388, 178.20703421258395, 176.40638854132837, 176.33743040519175], "x_average": 173.08082718328674, "y_average": 173.45960763499198, "z_average": 177.0266450041545, "xy_average": 173.27021740913935, "average": 174.52235994081107}, "angle_MXM": {"x": [148.19777132211044, 140.17085436399304, 146.3519403928567, 145.9638761239908], "y": [148.39436704726032, 147.6369291498794, 144.28711595722362, 142.0922199510368], "z": [], "x_average": 145.17111055073775, "y_average": 145.60265802635, "z_average": NaN, "xy_average": 145.38688428854388, "average": 145.38688428854388}}