{"n_layer": 1, "d_interlayer": 4.566053148161128, "bond": {"x": [3.221101879146265, 3.2161957435745268, 3.1477325522003166, 3.1501228909343824, 3.2213689739361238, 3.214714116472319, 3.14310075337594, 3.1430940106418435], "y": [3.2111895137286606, 3.2229525263716123, 3.197591407779617, 3.211959629816404, 3.1450505266732507, 3.1478576203251967, 3.1355781467521284, 3.1390394112069524], "z": [3.2072772092549275, 3.2085639363572946, 3.232761377097698, 3.2321379395288017, 3.2460654649603335, 3.2475144673050806, 3.2675634884215006, 3.2689925993877895], "x_average": 3.1821788650352145, "y_average": 3.176402347831728, "z_average": 3.2388595602891783, "xy_average": 3.1792906064334714, "average": 3.199146924385374}, "angle_XMX": {"x": [179.50552149853692, 179.48189300291094, 179.43160115639685, 179.29724627112668], "y": [179.78393384723577, 179.72621152099575, 179.87388136499544, 179.84753676947875], "z": [179.60497948049166, 179.62454867816052, 179.61462803822613, 179.62194044672356], "x_average": 179.42906548224286, "y_average": 179.80789087567643, "z_average": 179.61652416090047, "xy_average": 179.61847817895963, "average": 179.61782683960658}, "angle_MXM": {"x": [139.3433298928784, 148.4331157582163, 140.39496752132743, 147.266647831225], "y": [139.74110057586552, 139.68302856976243, 147.17150163997377, 147.34541577981366], "z": [], "x_average": 143.85951525091178, "y_average": 143.48526164135384, "z_average": NaN, "xy_average": 143.6723884461328, "average": 143.6723884461328}}