{"n_layer": 1, "d_interlayer": 3.8073731450275794, "bond": {"x": [3.1641651236276886, 3.257331396779019, 3.183431749777138, 3.2408864489919633, 3.1556606957291233, 3.2423464250702256, 3.1528208037741727, 3.203807158153265], "y": [3.2374644742986733, 3.1875747992012315, 3.2242670959587114, 3.172063594030845, 3.2098136040416296, 3.205652595688391, 3.1939531619900055, 3.1835154414212727], "z": [3.197724566565192, 3.195543699031815, 3.202863451441162, 3.2116116600560956, 3.1829660193870977, 3.205647860809212, 3.2133671825670675, 3.2066738093821403], "x_average": 3.2000562252378244, "y_average": 3.201788095828845, "z_average": 3.2020497811549724, "xy_average": 3.200922160533335, "average": 3.2012980340738806}, "angle_XMX": {"x": [176.64092955130042, 177.86119619550135, 177.00202000406716, 178.18560749401402], "y": [172.034220106533, 172.96049590327823, 172.91649928979555, 174.72940434133127], "z": [176.9515956554253, 177.50305859806042, 175.78912077790216, 176.87591407620494], "x_average": 177.42243831122073, "y_average": 173.1601549102345, "z_average": 176.77992227689822, "xy_average": 175.2912966107276, "average": 175.78750516611782}, "angle_MXM": {"x": [149.22096487098787, 153.3604232265968, 155.14407996854237, 153.70385298548533], "y": [145.65700590136592, 159.7372375367104, 157.09499252177852, 149.2084537122196], "z": [], "x_average": 152.85733026290308, "y_average": 152.92442241801862, "z_average": NaN, "xy_average": 152.89087634046084, "average": 152.89087634046084}}