{"n_layer": 1, "d_interlayer": 4.017634685270756, "bond": {"x": [3.200675797261325, 3.1797869883551977, 3.167679145040042, 3.152062919402903, 3.1933396270109853, 3.1721689110834532, 3.1634442101439824, 3.1458048738994404], "y": [3.1795729820580614, 3.192006404516857, 3.1778421688202476, 3.185676702589447, 3.1598972265222036, 3.1606693303971523, 3.1599440817790905, 3.1638060979513125], "z": [3.206686987555121, 3.218142527633174, 3.218629417258081, 3.218267986351846, 3.217122169111446, 3.214343510778962, 3.2262630150539047, 3.2104595773447913], "x_average": 3.171870309024666, "y_average": 3.1724268743292967, "z_average": 3.2162393988859157, "xy_average": 3.172148591676981, "average": 3.186845527413293}, "angle_XMX": {"x": [176.53732759469008, 176.907815779604, 177.65821906074956, 177.5298438557321], "y": [176.49801448550323, 176.72145791805264, 177.61038011792976, 177.91412253099813], "z": [178.67562314509672, 178.75786926007976, 179.7154266255769, 179.2070885868135], "x_average": 177.15830157269394, "y_average": 177.18599376312096, "z_average": 179.08900190439172, "xy_average": 177.17214766790744, "average": 177.81109908006886}, "angle_MXM": {"x": [144.97194624223482, 147.04425363020738, 143.18460802734333, 147.9611509826122], "y": [145.40278609393565, 143.61392096073132, 145.77983886658404, 148.60584010953775], "z": [], "x_average": 145.79048972059945, "y_average": 145.8505965076972, "z_average": NaN, "xy_average": 145.82054311414834, "average": 145.82054311414834}}