{"n_layer": 1, "d_interlayer": 4.048260724356652, "bond": {"x": [3.1747733103191242, 3.1937485549417226, 3.1747283594597975, 3.1913722474861963, 3.175136504765716, 3.1910699389575674, 3.1745682269598854, 3.193841326351379], "y": [3.183364397861451, 3.1613222478671683, 3.1738681134075724, 3.1698263673170635, 3.1741776347560524, 3.169802647625904, 3.1837882161591766, 3.161084317449284], "z": [3.4423450053205684, 3.153556229987555, 3.2671743561199764, 3.308885390783897, 3.308685035134903, 3.267185820535932, 3.1531663929997555, 3.4435049309202945], "x_average": 3.1836548086551737, "y_average": 3.172154242805459, "z_average": 3.2930628952253604, "xy_average": 3.177904525730316, "average": 3.216290648895331}, "angle_XMX": {"x": [176.54518061911583, 175.78577135834107, 175.756249588285, 176.51612386268081], "y": [174.85793226446216, 177.6066707531161, 177.69312423650976, 174.8053653472989], "z": [174.13510934317964, 174.48476473817237, 174.46542120757078, 174.09470914188628], "x_average": 176.1508313571057, "y_average": 176.24077315034674, "z_average": 174.29500110770226, "xy_average": 176.1958022537262, "average": 175.56220187171823}, "angle_MXM": {"x": [148.64407025671474, 141.65242610986894, 141.6362740284449, 148.6390328532899], "y": [148.02963227794538, 141.58885830419777, 141.6086885033536, 147.9820845130828], "z": [], "x_average": 145.14295081207962, "y_average": 144.8023158996449, "z_average": NaN, "xy_average": 144.97263335586226, "average": 144.97263335586226}}