{"n_layer": 1, "d_interlayer": 4.185320603445023, "bond": {"x": [3.1625757229287745, 3.215963217296507, 3.176848672899185, 3.2350923870595674, 3.1687080411126063, 3.2074776710643293, 3.126469169680223, 3.326991486591883], "y": [3.181671466440743, 3.1598450437530623, 3.213023322169109, 3.165997130855812, 3.1950856942721653, 3.1948293223061, 3.1843939663476553, 3.2126309264992003], "z": [3.169940765132694, 3.2508194357498272, 3.221858336878636, 3.2456039332519997, 3.2130054137561443, 3.2363883165805807, 3.424331170796592, 3.1271844202258845], "x_average": 3.202515796079134, "y_average": 3.188434609080481, "z_average": 3.236141474046545, "xy_average": 3.1954752025798077, "average": 3.2090306264020536}, "angle_XMX": {"x": [168.25295080567273, 173.1235971605098, 177.44463271731357, 172.3188058611692], "y": [174.2065992171056, 160.4034137682524, 171.36042875970912, 162.19254141953547], "z": [178.03377001185711, 172.92875903683696, 169.10683663470323, 171.77847836122996], "x_average": 172.78499663616634, "y_average": 167.04074579115064, "z_average": 172.96196101115683, "xy_average": 169.9128712136585, "average": 170.92923447949127}, "angle_MXM": {"x": [143.51161831900006, 151.08772061434072, 153.00976494796865, 138.76390772195626], "y": [133.84314680984443, 158.99566383162448, 156.22142055463692, 132.29043389157354], "z": [], "x_average": 146.59325290081642, "y_average": 145.33766627191986, "z_average": NaN, "xy_average": 145.96545958636813, "average": 145.96545958636813}}