{"n_layer": 1, "d_interlayer": 5.130786864790068, "bond": {"x": [3.1680453116150242, 3.358782903017079, 3.246957424438034, 3.2215278418387907, 3.16590212882892, 3.3959621352333635, 3.268077395431877, 3.2669210468283763], "y": [3.2558600318678597, 3.2482756289233126, 3.323169546259327, 3.1847079704443098, 3.233397481402693, 3.2236442942370758, 3.22905103762368, 3.185833144763284], "z": [3.13154210678993, 3.3142091383332555, 3.245920084647063, 3.175791893863355, 3.182030451462604, 3.2202239274411126, 3.252497237759564, 3.134031383966019], "x_average": 3.2615220234039333, "y_average": 3.235492391940193, "z_average": 3.2070307780328626, "xy_average": 3.2485072076720627, "average": 3.234681731125663}, "angle_XMX": {"x": [166.47865433689626, 175.17335631902156, 168.55479252492404, 173.80012264786535], "y": [166.19990385167048, 167.55030733642104, 162.50742890054366, 167.09479687691922], "z": [174.57943736765898, 169.0376987907199, 167.41242962294453, 166.79849186048153], "x_average": 171.0017314571768, "y_average": 165.8381092413886, "z_average": 169.45701441045122, "xy_average": 168.41992034928268, "average": 168.76561836967218}, "angle_MXM": {"x": [146.92766828208718, 162.85929672760653, 163.6670723935936, 153.17072839675765], "y": [141.03103737999024, 166.89370071259825, 169.2088632743789, 148.8684492001536], "z": [], "x_average": 156.65619145001125, "y_average": 156.50051264178023, "z_average": NaN, "xy_average": 156.57835204589574, "average": 156.57835204589574}}