{"n_layer": 1, "d_interlayer": 8.422038309223524, "bond": {"x": [3.407098237736203, 3.1459388446259084, 3.3092472073333945, 3.183212196227742, 3.2508361065157136, 3.237586566614571, 3.50948696897523, 3.2233737192616085], "y": [3.2204492474459636, 3.256546313719319, 3.4102581084882417, 3.1417247091186837, 3.269565279314607, 3.186778796049016, 3.411198912182589, 3.1921643528573695], "z": [3.0523342876789825, 3.3297747538207894, 3.3908082576658063, 3.1907915299866465, 3.36067605994649, 3.232401667710471, 3.1871998214302906, 3.2377422706680914], "x_average": 3.2833474809112966, "y_average": 3.2610857148969736, "z_average": 3.2477160811134462, "xy_average": 3.272216597904135, "average": 3.2640497589739055}, "angle_XMX": {"x": [162.8444298813957, 167.6186164654643, 175.5063960283359, 174.91200606877297], "y": [163.2356428809351, 172.86491981853507, 171.91600763154787, 175.3589266476065], "z": [170.48712433444564, 162.16189916506957, 162.80899332932634, 168.3645204818696], "x_average": 170.2203621109922, "y_average": 170.84387424465615, "z_average": 165.95563432767779, "xy_average": 170.53211817782417, "average": 169.00662356110874}, "angle_MXM": {"x": [144.04379248739954, 152.04731745801294, 154.11940734464378, 135.12389079484706], "y": [148.02536836366056, 143.02147875000765, 150.3945385163504, 137.7722436874779], "z": [], "x_average": 146.33360202122583, "y_average": 144.80340732937412, "z_average": NaN, "xy_average": 145.56850467529998, "average": 145.56850467529998}}