{"n_layer": 1, "d_interlayer": 4.172487378705599, "bond": {"x": [3.078424793250506, 3.6979463616638175, 3.172150117149168, 3.374209869437193, 3.1361593366059526, 3.5940133161455856, 3.172718618090441, 3.4714854029009783], "y": [3.2925246846940994, 3.2575626526988395, 3.312833340671806, 3.2538313453234404, 3.18224637525707, 3.192654923176921, 3.15793064776614, 3.1917646532599058], "z": [3.4771416947224707, 3.141990128031884, 3.230392656467049, 3.2795320666515058, 3.3017076685925306, 3.2178446422113836, 3.130936782944074, 3.3671721211942724], "x_average": 3.3371384769054555, "y_average": 3.2301685778560274, "z_average": 3.2683397201018964, "xy_average": 3.2836535273807415, "average": 3.27854892495446}, "angle_XMX": {"x": [174.41468593185695, 176.87618181099032, 174.20897607144715, 176.59125270811774], "y": [175.2231200887522, 176.65905184793283, 170.82586121110032, 167.49280711266863], "z": [168.5192473599509, 168.10640735182184, 173.9125211851312, 164.14925068302725], "x_average": 175.52277413060304, "y_average": 172.5502100651135, "z_average": 168.6718566449828, "xy_average": 174.0364920978583, "average": 172.2482802802331}, "angle_MXM": {"x": [148.1162631928447, 156.01907573881994, 142.267835907413, 153.83723633249267], "y": [142.82860158604853, 143.26878199626117, 166.79526647404765, 147.94519435962746], "z": [], "x_average": 150.0601027928926, "y_average": 150.2094611039962, "z_average": NaN, "xy_average": 150.13478194844438, "average": 150.13478194844438}}