{"n_layer": 1, "d_interlayer": 7.673103103356386, "bond": {"x": [3.261652695630135, 3.146914557413071, 3.2046611348682075, 3.1461870162183607, 3.2565056870146996, 3.159261009624534, 3.3535186147786504, 3.111425085126641], "y": [3.1417111211422633, 3.1972635995184113, 3.0948101507106154, 3.3148956008800003, 3.1526644246081728, 3.234550007122562, 3.207022020907391, 3.200162492851057], "z": [3.2167421531471114, 3.206707615493263, 3.294406921906044, 3.2072880964712205, 3.1909214474798704, 3.2332471341999143, 3.2318117002146844, 3.24482821470537], "x_average": 3.2050157250842872, "y_average": 3.192884927217559, "z_average": 3.228244160452185, "xy_average": 3.198950326150923, "average": 3.208714937584677}, "angle_XMX": {"x": [166.1178076513461, 166.1721779823609, 173.21445520592448, 166.74706911101984], "y": [161.2654428229913, 166.40745167315168, 162.12954164067253, 165.40771300816695], "z": [169.6155354877658, 164.39427139682624, 172.78058060050026, 171.24921302606128], "x_average": 168.06287748766283, "y_average": 163.8025372862456, "z_average": 169.5099001277884, "xy_average": 165.93270738695423, "average": 167.12510496723232}, "angle_MXM": {"x": [160.2847826294154, 142.1949041520181, 145.95456890010777, 165.19116040055076], "y": [162.7988030700751, 141.97267394081427, 136.50692637609455, 168.6754234998153], "z": [], "x_average": 153.406354020523, "y_average": 152.4884567216998, "z_average": NaN, "xy_average": 152.94740537111142, "average": 152.94740537111142}}