{"n_layer": 1, "d_interlayer": 6.9972075058801, "bond": {"x": [3.5415861419593164, 3.1580965787804365, 3.2088674870642437, 3.2314220584737696, 3.3464955377808057, 3.1865149360982272, 3.3014528831785976, 3.1608981203031354], "y": [3.2236406236937003, 3.3169495765008055, 3.1535880941156664, 3.5687592709362037, 3.189939640950526, 3.3237089700802365, 3.1680354536263744, 3.218731081033698], "z": [3.2316820978230183, 3.1350404695493306, 3.22424594627067, 3.158709090506349, 3.2029475038256425, 3.1686448873219937, 3.1069980541005235, 3.324847794612503], "x_average": 3.2669167179548166, "y_average": 3.2704190888671514, "z_average": 3.1941394805012537, "xy_average": 3.268667903410984, "average": 3.243825095774407}, "angle_XMX": {"x": [168.02428214474332, 169.52894719876946, 170.42313323428144, 173.81876502070716], "y": [175.72045007278348, 171.74800984354476, 171.2845482803455, 172.55974956128534], "z": [157.5512725485519, 159.26479151656997, 161.14469672871311, 166.59919596473839], "x_average": 170.44878189962535, "y_average": 172.82818943948976, "z_average": 161.13998918964336, "xy_average": 171.63848566955755, "average": 168.13898684291948}, "angle_MXM": {"x": [139.78833161161336, 170.22407176685752, 160.51925600687704, 157.05686980844553], "y": [142.58616466468064, 154.8033162902265, 163.50126218634108, 166.47630425615554], "z": [], "x_average": 156.89713229844835, "y_average": 156.84176184935095, "z_average": NaN, "xy_average": 156.86944707389964, "average": 156.86944707389964}}