{"n_layer": 1, "d_interlayer": 7.985132211219096, "bond": {"x": [3.1774269571576164, 3.1348611260329107, 3.140373972152231, 3.1909765221418684, 3.130901815009219, 3.151363907130878, 3.1510460805155023, 3.1571595702663133], "y": [3.208656744315215, 3.207522918065728, 3.1827298622637543, 3.1615513410751417, 3.1362587378054716, 3.1363483155168232, 3.1062418233512523, 3.1428889541651315], "z": [3.1355577159958172, 3.231435719147988, 3.234220596070325, 3.2177321759213444, 3.1817681022245323, 3.2605137264527393, 3.290171719518019, 3.1464931697237084], "x_average": 3.154263743800817, "y_average": 3.1602748370698146, "z_average": 3.2122366156318094, "xy_average": 3.157269290435316, "average": 3.1755917321674807}, "angle_XMX": {"x": [167.9106660385355, 172.25608721607054, 174.81989250642255, 175.93912868606787], "y": [178.09765817275522, 170.1465479695495, 176.29393361293742, 174.6461283197683], "z": [174.43593797104432, 169.08870288040265, 172.9227877026305, 177.4573718549576], "x_average": 172.73144361177413, "y_average": 174.7960670187526, "z_average": 173.4762001022588, "xy_average": 173.76375531526338, "average": 173.66790357759518}, "angle_MXM": {"x": [162.45261008556363, 169.75367813032042, 174.5957103987287, 158.71461882476072], "y": [155.7983662991777, 154.12973540594936, 164.38928895279105, 171.09344720345933], "z": [], "x_average": 166.37915435984337, "y_average": 161.35270946534436, "z_average": NaN, "xy_average": 163.86593191259385, "average": 163.86593191259385}}