{"n_layer": 1, "d_interlayer": 8.620662967092713, "bond": {"x": [3.1617385482570493, 3.291717235135194, 3.1950654919687063, 3.281602597253998, 3.256780792486406, 3.190389162098497, 3.1848201069376527, 3.438653156294467], "y": [3.2172486744648965, 3.22932821759578, 3.1284676965956506, 3.3189176363929054, 3.202787765904625, 3.2444279404415317, 3.1759796319119995, 3.3791976235385306], "z": [3.06005317831207, 3.342530990420416, 3.306589152540503, 3.192022160997674, 3.283167011501569, 3.2060446220938705, 3.2095671156619736, 3.1560287797403377], "x_average": 3.2500958863039964, "y_average": 3.23704439835574, "z_average": 3.2195003764085515, "xy_average": 3.243570142329868, "average": 3.2355468870227626}, "angle_XMX": {"x": [163.38091681315515, 171.7057504264503, 175.5751349268441, 173.77233972051746], "y": [165.41888233949038, 175.7438659017437, 173.3934538378074, 173.08002835343692], "z": [172.15277117453297, 167.778533093998, 161.25592281896712, 173.83183162564077], "x_average": 171.10853547174176, "y_average": 171.9090576081196, "z_average": 168.75476467828472, "xy_average": 171.50879653993067, "average": 170.590785919382}, "angle_MXM": {"x": [157.09391534628486, 140.8761035728126, 145.79504092417986, 148.99812069076165], "y": [140.32992843914033, 154.79589818514287, 141.32267836429486, 146.4598947161327], "z": [], "x_average": 148.19079513350974, "y_average": 145.7270999261777, "z_average": NaN, "xy_average": 146.95894752984373, "average": 146.95894752984373}}