{"n_layer": 1, "d_interlayer": 5.196775511679437, "bond": {"x": [3.4351939910082, 3.147196303041698, 3.2831519418442254, 3.2018245383929402, 3.2684216620080004, 3.1484197359801978, 3.273865578217356, 3.199832729931436], "y": [3.290604590683001, 3.19221785229531, 3.2414618846241146, 3.225957446889529, 3.1747413673878624, 3.2990747276767904, 3.1362622737235615, 3.2038842880827287], "z": [3.164314999079084, 3.2048129909441467, 3.2046778032039724, 3.200361776092961, 3.191248447097987, 3.1961653145814934, 3.238980962143316, 3.1994132903047823], "x_average": 3.2447383100530067, "y_average": 3.220525553920362, "z_average": 3.199996947930968, "xy_average": 3.2326319319866843, "average": 3.2217536039681125}, "angle_XMX": {"x": [161.50890278380527, 169.86831244436885, 165.01475265088655, 165.55404013207695], "y": [158.1035360481515, 161.86219490107902, 158.55820397681194, 166.51862480541456], "z": [166.88121777726803, 164.55927108715147, 163.2794033153978, 166.82429882469103], "x_average": 165.4865020027844, "y_average": 161.26063993286425, "z_average": 165.38604775112708, "xy_average": 163.37357096782432, "average": 164.04439656225858}, "angle_MXM": {"x": [175.46941883513958, 147.40707918496759, 142.48378612853256, 167.8787279956754], "y": [174.68878357561604, 134.8124214516797, 142.7422978714156, 173.41216346456108], "z": [], "x_average": 158.30975303607877, "y_average": 156.4139165908181, "z_average": NaN, "xy_average": 157.36183481344847, "average": 157.36183481344847}}