{"n_layer": 1, "d_interlayer": 5.918014132317962, "bond": {"x": [3.2272939915586503, 3.1560948744881743, 3.1824371228884245, 3.1942144867213593, 3.221185044973992, 3.1882366821695913, 3.2609819506251467, 3.172225926501816], "y": [3.156814478682474, 3.190417577613971, 3.1862758750363436, 3.2059843231984217, 3.1754308405510505, 3.2312782191044804, 3.228247238933157, 3.233792477449245], "z": [3.1702868421804435, 3.3752258695438555, 3.2547137537819952, 3.2470346494216575, 3.3272914994051934, 3.1954154420248235, 3.2856339686953664, 3.172107806927315], "x_average": 3.2003337599908943, "y_average": 3.201030128821143, "z_average": 3.2534637289975814, "xy_average": 3.2006819444060186, "average": 3.2182758726032064}, "angle_XMX": {"x": [176.72318814680781, 178.19544376686986, 171.08145017457855, 177.669389420042], "y": [176.1885212425325, 175.95701993051503, 174.16698372060097, 176.3592889763023], "z": [171.73351257818908, 169.26904596129526, 175.46998544723962, 171.78136560153635], "x_average": 175.91736787707455, "y_average": 175.6679534674877, "z_average": 172.06347739706507, "xy_average": 175.7926606722811, "average": 174.54959958054243}, "angle_MXM": {"x": [150.8124056060087, 153.66422437631812, 155.76850211080009, 150.47279194187814], "y": [154.56196892477163, 154.40378886559293, 153.38963875350382, 146.35587416967965], "z": [], "x_average": 152.67948100875128, "y_average": 152.17781767838702, "z_average": NaN, "xy_average": 152.42864934356913, "average": 152.42864934356913}}