{"n_layer": 1, "d_interlayer": 5.956556846597705, "bond": {"x": [3.1859192982655813, 3.1690956768983933, 3.231003685591696, 3.1491345163181097, 3.187430752330446, 3.186078958468283, 3.2764601835036777, 3.1750023284901308], "y": [3.1681593533427628, 3.165812238650004, 3.189261166858043, 3.1882023951596308, 3.1707160904755924, 3.227045452075564, 3.1710147612377875, 3.2376476616665424], "z": [3.194939200554432, 3.1948593217638246, 3.187686354936966, 3.1877137344604902, 3.183355000561342, 3.1833476061762855, 3.174105378821091, 3.174037709238255], "x_average": 3.1950156749832894, "y_average": 3.189732389933241, "z_average": 3.185005538314086, "xy_average": 3.1923740324582655, "average": 3.1899178677435387}, "angle_XMX": {"x": [179.65120377668705, 179.46960525845088, 179.79666583710306, 179.84250604537638], "y": [177.49230431340192, 177.63474481907423, 175.93061050981711, 179.0937597591232], "z": [172.00827355740006, 169.9061161986011, 168.9590962495997, 167.49745004195032], "x_average": 179.68999522940433, "y_average": 177.5378548503541, "z_average": 169.59273401188779, "xy_average": 178.61392503987923, "average": 175.6068613638821}, "angle_MXM": {"x": [160.02005771752985, 154.76791737855328, 159.46799145265624, 155.45576202134373], "y": [159.2854066865588, 159.42783722241646, 156.73277887254943, 153.56962503494145], "z": [], "x_average": 157.42793214252077, "y_average": 157.25391195411652, "z_average": NaN, "xy_average": 157.34092204831865, "average": 157.34092204831865}}