{"n_layer": 1, "d_interlayer": 6.424054038184662, "bond": {"x": [3.1969917599961994, 3.2501646240732347, 3.2738326892998613, 3.2068333042390584, 3.1922675706467327, 3.278911233296844, 3.307588164026841, 3.221856326397126], "y": [3.2136103315351163, 3.1859851203870644, 3.263486199663857, 3.198294477013827, 3.2997473997009426, 3.182881669969256, 3.3310673664687864, 3.214555744482926], "z": [3.2926971797627465, 3.100540438624342, 3.1279437228160876, 3.258823924482683, 3.1644343709336806, 3.269037233023262, 3.2231840003493946, 3.172574985394949], "x_average": 3.241055708996987, "y_average": 3.236203538652722, "z_average": 3.201154481923393, "xy_average": 3.2386296238248544, "average": 3.2261379098577003}, "angle_XMX": {"x": [171.44367959183418, 172.53835479377216, 174.69849842085284, 174.14542107174555], "y": [171.07689072063454, 172.5525797773839, 175.71899532841908, 176.43918474031588], "z": [170.46779731920796, 171.86921047182778, 173.46991587633468, 178.934850475579], "x_average": 173.20648846955118, "y_average": 173.94691264168836, "z_average": 173.68544353573733, "xy_average": 173.57670055561977, "average": 173.61294821565897}, "angle_MXM": {"x": [146.67472201157352, 155.14279492694288, 157.30603093933024, 142.66648961090158], "y": [152.38075171202274, 154.15506243718121, 145.7201364571251, 147.75834791554595], "z": [], "x_average": 150.44750937218706, "y_average": 150.00357463046876, "z_average": NaN, "xy_average": 150.22554200132788, "average": 150.22554200132788}}