{"n_layer": 1, "d_interlayer": 5.7661127077304695, "bond": {"x": [3.1174296936611574, 3.1608182508040827, 3.163705118452832, 3.159401799067678, 3.1499500062316335, 3.132590410087688, 3.1399084642152455, 3.2002386337554944], "y": [3.1554176398597176, 3.1433280273568838, 3.179864389016959, 3.1402854227105372, 3.1555161833003966, 3.145818315768913, 3.1371787244050653, 3.149842510325865], "z": [3.1590758746359966, 3.296645790141255, 3.2285000878384547, 3.21101572903889, 3.23938832851045, 3.18878542644374, 3.2374544754037484, 3.1664212760532067], "x_average": 3.1530052970344764, "y_average": 3.1509064015930424, "z_average": 3.215910873508218, "xy_average": 3.1519558493137594, "average": 3.1732741907119117}, "angle_XMX": {"x": [177.7909894197972, 174.5058658272549, 176.5989100202045, 177.7239985354246], "y": [171.79108045163824, 175.86121944574364, 171.55498653036727, 177.0302608375694], "z": [169.1333832456803, 168.44842479257957, 170.3160205476447, 171.64439931229316], "x_average": 176.6549409506703, "y_average": 174.05938681632963, "z_average": 169.88555697454944, "xy_average": 175.3571638835, "average": 173.5332949138498}, "angle_MXM": {"x": [174.90417765974811, 162.94960488228864, 176.80987734448235, 167.43536216659706], "y": [171.17694412894028, 162.36244600468586, 166.14891038993474, 172.55043378216794], "z": [], "x_average": 170.52475551327905, "y_average": 168.0596835764322, "z_average": NaN, "xy_average": 169.29221954485564, "average": 169.29221954485564}}