{"n_layer": 1, "d_interlayer": 6.398407969332306, "bond": {"x": [3.261883667497177, 3.1969504787238012, 3.288828215756027, 3.1927831185123425, 3.3235278035520857, 3.192213969599114, 3.3846702185026554, 3.254040870307464], "y": [3.211931470946856, 3.2294309385491693, 3.2301522435394427, 3.2955133019665794, 3.2019908926506067, 3.2924178385043454, 3.1913526115699806, 3.3856168544691307], "z": [3.286353395353591, 3.111225025239861, 3.139626492893049, 3.2589897296158754, 3.1375260946710974, 3.2477686226448044, 3.196038140419291, 3.143829302788723], "x_average": 3.2618622928063337, "y_average": 3.2548007690245138, "z_average": 3.1901696004532862, "xy_average": 3.2583315309154237, "average": 3.235610887428045}, "angle_XMX": {"x": [172.68465962070536, 176.52287106132434, 178.3572765183475, 173.3327679311236], "y": [173.9255017927275, 174.29231241090463, 178.93109199883457, 171.87759353439017], "z": [169.15692114446887, 171.6618999030282, 167.9607833610556, 167.16339206458662], "x_average": 175.2243937828752, "y_average": 174.7566249342142, "z_average": 168.98574911828484, "xy_average": 174.99050935854473, "average": 172.98892261179142}, "angle_MXM": {"x": [156.3685048411002, 146.29576125529746, 151.44548886902479, 151.3312641498136], "y": [155.5263363949282, 151.74168506088841, 146.7276898274739, 152.9669938835215], "z": [], "x_average": 151.360254778809, "y_average": 151.740676291703, "z_average": NaN, "xy_average": 151.550465535256, "average": 151.550465535256}}