{"n_layer": 1, "d_interlayer": 6.176762840704615, "bond": {"x": [4.109710296828677, 3.1680886354421567, 3.887050977171252, 3.189180224871892, 3.5492822908352917, 3.0850714928525513, 3.4669207477610904, 3.109381111103576], "y": [4.024557738162927, 3.1587717653222973, 3.6458638699014103, 3.0690836433999182, 3.800818790228699, 3.189257435092948, 3.424627148140644, 3.1579339648541658], "z": [3.2374734949463764, 3.142740561986095, 2.9763307141342703, 3.4402408245077885, 2.977505077058822, 3.447952120474233, 3.4430135006668947, 2.9329172636184833], "x_average": 3.445585722108311, "y_average": 3.4338642943878765, "z_average": 3.19977169467412, "xy_average": 3.4397250082480935, "average": 3.359740570390102}, "angle_XMX": {"x": [163.06383622199317, 161.91798294030892, 164.51744576256223, 167.46354179127354], "y": [168.7828533230416, 165.1857834156374, 164.9584521380203, 166.66230103001462], "z": [161.3876722386804, 162.10057692444585, 171.11886582505844, 174.18951688250047], "x_average": 164.24070167903446, "y_average": 166.39734747667848, "z_average": 167.19915796767128, "xy_average": 165.31902457785648, "average": 165.94573570779474}, "angle_MXM": {"x": [127.44528846642865, 157.36506155127245, 157.42283250114286, 144.14445387850105], "y": [151.8835016317082, 129.67923517169075, 146.27660091239127, 154.4639359158649], "z": [], "x_average": 146.59440909933625, "y_average": 145.57581840791377, "z_average": NaN, "xy_average": 146.08511375362502, "average": 146.08511375362502}}