{"n_layer": 1, "d_interlayer": 4.621999528207895, "bond": {"x": [3.3895658201776953, 3.259446200268596, 3.373626983609056, 3.0846312901187405, 3.7547748831224186, 3.446231163246218, 4.293858942503015, 3.2259381261493987], "y": [3.3646425878094037, 3.277452010760422, 3.689865831810349, 3.4706563357993065, 3.3882176056295426, 3.087728896724619, 4.194493197944245, 3.2327876949570014], "z": [3.211058850704439, 3.082111518761679, 3.0844981942793783, 3.154129886812392, 3.0840982436952977, 3.150655897096956, 3.059630857966897, 3.025066932358024], "x_average": 3.4785091761493923, "y_average": 3.463230520179361, "z_average": 3.1064062977093827, "xy_average": 3.4708698481643765, "average": 3.3493819980127117}, "angle_XMX": {"x": [171.32889610897405, 174.25818446854868, 173.2636745208346, 163.3884000112376], "y": [171.25888716701058, 173.3535176394815, 173.61774892365696, 163.57698222512852], "z": [178.17170161969912, 175.20158719629964, 172.96749147208243, 146.82566573670013], "x_average": 170.55978877739875, "y_average": 170.45178398881941, "z_average": 168.29161150619532, "xy_average": 170.50578638310907, "average": 169.7677280908045}, "angle_MXM": {"x": [141.380095583413, 150.2416609026652, 145.7998125208464, 130.35835391931252], "y": [145.3168787552412, 140.72222428343565, 132.20400845104956, 152.51835861255208], "z": [], "x_average": 141.94498073155927, "y_average": 142.69036752556963, "z_average": NaN, "xy_average": 142.31767412856445, "average": 142.31767412856445}}