{"n_layer": 1, "d_interlayer": 6.023965744255289, "bond": {"x": [3.4324316845389107, 3.166117535240434, 3.0778199127523043, 3.496056151289869, 3.5960134077142025, 3.272465978673651, 3.2172935312833144, 4.076508070527217], "y": [3.4021029915869434, 3.1348020690158718, 3.802660318689872, 3.2194415849042453, 3.5886026325763685, 3.0841654228681117, 4.092291369837178, 3.14425375137477], "z": [2.9759660298164246, 3.4403879849355508, 3.338882986498697, 3.0231975067297294, 3.3371504384710367, 3.0295380058460695, 3.081969251298298, 3.16619081241897], "x_average": 3.416838284002488, "y_average": 3.43354001760667, "z_average": 3.174160377001847, "xy_average": 3.425189150804579, "average": 3.3415128928703353}, "angle_XMX": {"x": [170.21408170076603, 172.68238832051918, 171.88898545147748, 171.18158963505508], "y": [171.7257131345971, 171.31425815797513, 174.89237387778402, 164.520830037836], "z": [175.04934211578097, 156.08546804968802, 159.05748238236376, 144.91469581615326], "x_average": 171.49176127695443, "y_average": 170.61329380204808, "z_average": 158.77674709099648, "xy_average": 171.05252753950123, "average": 166.960600723333}, "angle_MXM": {"x": [150.11275596403328, 147.00128358804048, 159.6398610950277, 137.46181284944495], "y": [155.17150004524436, 153.20223022789838, 150.55039694328434, 135.70943341828922], "z": [], "x_average": 148.5539283741366, "y_average": 148.65839015867908, "z_average": NaN, "xy_average": 148.60615926640784, "average": 148.60615926640784}}