{"n_layer": 1, "d_interlayer": 6.538119685734355, "bond": {"x": [3.216891889964424, 3.20699355519777, 3.2322231485990756, 3.1783045440036295, 3.252683028196851, 3.1792274248272445, 3.252130815157545, 3.1949942198538284], "y": [3.2164414308303115, 3.182883338044976, 3.2319708870888966, 3.184239894900603, 3.2638292381614957, 3.159034670962809, 3.2221660792145914, 3.217383001435716], "z": [3.162984396902404, 3.247209258870622, 3.1637833362902654, 3.2273198851658047, 3.163685080534961, 3.233756130423802, 3.294795120107324, 3.08162525998949], "x_average": 3.214181078225046, "y_average": 3.209743567579925, "z_average": 3.1968948085355846, "xy_average": 3.2119623229024854, "average": 3.2069398181135185}, "angle_XMX": {"x": [169.17911747579222, 174.8204612910712, 170.08057031042875, 171.1130941158559], "y": [172.9286985553752, 171.8033202413551, 172.63256590082474, 174.87833489747993], "z": [176.68940207746053, 172.77396429776275, 169.82618132861847, 166.81088641662188], "x_average": 171.29831079828702, "y_average": 173.06072989875875, "z_average": 171.5251085301159, "xy_average": 172.17952034852289, "average": 171.9613830757206}, "angle_MXM": {"x": [147.2458318191816, 157.0219281284275, 153.8729955559204, 144.65081922622167], "y": [149.2205224381007, 153.16143030053342, 147.43056192543938, 151.34013773349136], "z": [], "x_average": 150.69789368243778, "y_average": 150.28816309939123, "z_average": NaN, "xy_average": 150.4930283909145, "average": 150.4930283909145}}