{"n_layer": 1, "d_interlayer": 5.855687001759285, "bond": {"x": [3.2257642432183657, 3.3827256266607937, 3.2276224493262724, 3.301298341554287, 3.2151582408790156, 3.2175557415956866, 3.156186609675857, 3.3017005509429325], "y": [3.243399455667129, 3.2524779025203117, 3.2308063612127484, 3.174588580556963, 3.270623760548758, 3.2216069128490163, 3.1930435547691953, 3.201797227103506], "z": [3.1983552387615584, 3.178247022811494, 3.1794534653366915, 3.2752111873645586, 3.17965719759497, 3.294456932751512, 3.344522779483028, 3.1777491514654144], "x_average": 3.2535014754816514, "y_average": 3.2235429694034536, "z_average": 3.2284566219461532, "xy_average": 3.238522222442552, "average": 3.2351670222770856}, "angle_XMX": {"x": [171.40281520126757, 173.79475204286948, 179.79364005362302, 176.36819864255853], "y": [176.82939069446522, 176.53713452843547, 173.52764552038178, 175.84116520680718], "z": [168.72250919064223, 175.0693073761187, 169.33250224116372, 170.3603846109161], "x_average": 175.33985148507963, "y_average": 175.68383398752243, "z_average": 170.87117585471017, "xy_average": 175.51184273630105, "average": 173.9649537757708}, "angle_MXM": {"x": [157.76709771520697, 154.10584651200926, 152.7785092558088, 161.1790507791263], "y": [155.5025040748955, 156.5526968962269, 157.7225112083286, 156.3182065564529], "z": [], "x_average": 156.45762606553785, "y_average": 156.52397968397597, "z_average": NaN, "xy_average": 156.49080287475692, "average": 156.49080287475692}}