{"n_layer": 1, "d_interlayer": 6.86240819478571, "bond": {"x": [3.3004384301406526, 3.1839336773903892, 3.301822351275317, 3.1843465933670045, 3.2780597710505504, 3.234842661000256, 3.423736796703793, 3.179860804711011], "y": [3.213444978697261, 3.2065567563194475, 3.2751052243234646, 3.175026481172911, 3.262787177408699, 3.1987313118632628, 3.398497042941591, 3.1885435834599787], "z": [3.3272498687722054, 3.09886509022347, 3.1944717025156097, 3.1883965125837688, 3.211353304733578, 3.1693359226351476, 3.0270678262550934, 3.2797618417709367], "x_average": 3.2608801357048716, "y_average": 3.2398365695233267, "z_average": 3.187062758686226, "xy_average": 3.250358352614099, "average": 3.229259821304808}, "angle_XMX": {"x": [170.09018762989135, 173.76020241804198, 169.98902305556524, 167.5459726178695], "y": [171.80688353148707, 170.18186138082086, 176.91080558458378, 168.33921916050178], "z": [176.33434517720184, 169.76294180643347, 165.4023924897519, 173.79135448075806], "x_average": 170.346346430342, "y_average": 171.80969241434838, "z_average": 171.3227584885363, "xy_average": 171.0780194223452, "average": 171.15959911107555}, "angle_MXM": {"x": [144.9666166195061, 151.0344826397542, 151.59643238871192, 141.50836620630506], "y": [157.06077162799326, 141.6842819172602, 143.5673279241452, 144.39568814757365], "z": [], "x_average": 147.27647446356931, "y_average": 146.67701740424306, "z_average": NaN, "xy_average": 146.9767459339062, "average": 146.9767459339062}}