{"n_layer": 1, "d_interlayer": 6.387174246513172, "bond": {"x": [3.2476027367871003, 3.2329546227987658, 3.2770184212097178, 3.1630237541842194, 3.1747667760322513, 3.2645101432139474, 3.2434306218140976, 3.237886614907124], "y": [3.1968152490144943, 3.2754442082706112, 3.257133830853721, 3.22174019264023, 3.224625228571152, 3.247794779279495, 3.28478733504281, 3.1914242088455493], "z": [3.2099319400863062, 3.138602269509955, 3.221638339455653, 3.1969660077788338, 3.1954075514553475, 3.222059358640445, 3.1380396305985885, 3.211346666093759], "x_average": 3.2301492113684027, "y_average": 3.2374706290647577, "z_average": 3.191748970452361, "xy_average": 3.23380992021658, "average": 3.219789603628507}, "angle_XMX": {"x": [167.9295217708682, 169.35732104039474, 170.9355534995513, 167.11803688451258], "y": [170.74732158826603, 174.10830648526962, 175.0317851864637, 170.72934317060805], "z": [178.55645708535997, 167.41574419151053, 167.08173228611867, 178.30534090175266], "x_average": 168.8351082988317, "y_average": 172.65418910765186, "z_average": 172.83981861618545, "xy_average": 170.74464870324178, "average": 171.443038674223}, "angle_MXM": {"x": [154.93166816213466, 155.3195736349009, 152.62524898456374, 152.23579875083837], "y": [158.79578956680518, 151.36218741818675, 157.35967902095945, 152.70314715559127], "z": [], "x_average": 153.77807238310942, "y_average": 155.05520079038567, "z_average": NaN, "xy_average": 154.41663658674753, "average": 154.41663658674753}}