{"n_layer": 1, "d_interlayer": 6.703500622173846, "bond": {"x": [3.6991477295665316, 3.0701934503267907, 3.5137540633154463, 3.1026766458092974, 3.3353886285372365, 3.243082568216379, 3.836842357813785, 3.140247062682703], "y": [3.2321159617899804, 3.3404178955324513, 3.243674112399065, 3.2701825353142957, 3.167521309868258, 3.2917771959886415, 3.425570985147526, 3.1419815186439615], "z": [3.059274811717538, 3.288663591880365, 3.210524876358715, 3.2520748751424886, 3.1381685157297428, 3.388068581916789, 3.2630821418535936, 3.143014018408263], "x_average": 3.3676665632835214, "y_average": 3.2641551893355225, "z_average": 3.217858926625937, "xy_average": 3.3159108763095215, "average": 3.2832268930816597}, "angle_XMX": {"x": [160.60322868819694, 166.8281113313464, 162.6007953686692, 163.47045521641851], "y": [158.00369822723027, 173.1006547892045, 176.35294301596377, 158.57617057327116], "z": [163.47657645671254, 168.45454464391665, 153.20199774183305, 169.394590565986], "x_average": 163.37564765115775, "y_average": 166.50836665141742, "z_average": 163.63192735211206, "xy_average": 164.94200715128758, "average": 164.50531388489574}, "angle_MXM": {"x": [146.01115663679806, 163.1820304324371, 176.65521874346697, 135.13482880179805], "y": [163.6573859655658, 158.52340738920842, 168.15984612480534, 162.73404880012157], "z": [], "x_average": 155.24580865362503, "y_average": 163.2686720699253, "z_average": NaN, "xy_average": 159.25724036177516, "average": 159.25724036177516}}