{"n_layer": 1, "d_interlayer": 6.440132054933793, "bond": {"x": [3.2955375575902597, 3.2050292473526354, 3.3564120351023674, 3.152778366685261, 3.3560991476500215, 3.152777781194759, 3.296075414959541, 3.20444214162863], "y": [3.2021577267819543, 3.2721857003256396, 3.1350591267366377, 3.2829608753845454, 3.1355141294273428, 3.2823320647820045, 3.2027711501464755, 3.2708056559528944], "z": [3.1234743713454627, 3.2107492566771905, 3.222038345494412, 3.2110652358982796, 3.2109536397003553, 3.221977640192639, 3.2104971097278514, 3.1235702104308642], "x_average": 3.2523939615204345, "y_average": 3.2229733036921866, "z_average": 3.191790726183382, "xy_average": 3.2376836326063105, "average": 3.222385997132001}, "angle_XMX": {"x": [169.43948793975173, 175.18281859575322, 175.19669629464303, 169.49094525437155], "y": [162.41495499974653, 165.10297756716565, 165.21199177997016, 162.4594092646471], "z": [176.38423450852426, 167.8188949307739, 167.7746476930934, 176.29145214192562], "x_average": 172.32748702112988, "y_average": 163.79733340288237, "z_average": 172.0673073185793, "xy_average": 168.0624102120061, "average": 169.39737591419717}, "angle_MXM": {"x": [161.82335069666337, 150.36405284787506, 150.37784412199352, 161.81513015900168], "y": [157.91388704875598, 146.98807813232332, 147.00972032604926, 157.96082811787213], "z": [], "x_average": 156.0950944563834, "y_average": 152.46812840625017, "z_average": NaN, "xy_average": 154.28161143131678, "average": 154.28161143131678}}