{"n_layer": 1, "d_interlayer": 6.62439337042485, "bond": {"x": [3.1165206991156205, 3.807572038189291, 3.204168979462028, 3.351416271796584, 3.1673737853953834, 3.409346682070604, 3.0461830573984576, 3.959103705108831], "y": [3.194106084095699, 3.3383992593626495, 3.2855327487454487, 3.1814771312461176, 3.1815612455625626, 3.263216001800702, 3.2037965096081917, 3.2448295318659692], "z": [3.1759816157367986, 3.2356928805771195, 3.351333997163401, 3.2037788303827677, 3.2635458167487976, 3.1943655976399365, 3.2937301668409944, 3.07832734962408], "x_average": 3.3827106523171, "y_average": 3.2366148140359177, "z_average": 3.224594531839237, "xy_average": 3.3096627331765083, "average": 3.2813066660640846}, "angle_XMX": {"x": [168.29143483253392, 166.1870720818654, 172.4584501860461, 162.35803325544333], "y": [160.7555684750155, 168.60528331388446, 171.0354334476437, 155.4379187185583], "z": [167.51299961895336, 156.77314849809346, 163.28826009611865, 158.19606871798618], "x_average": 167.3237475889722, "y_average": 163.95855098877547, "z_average": 161.44261923278793, "xy_average": 165.64114928887383, "average": 164.24163927017852}, "angle_MXM": {"x": [171.84584425572845, 155.66332354714703, 157.63294322890746, 173.3016308330222], "y": [165.28413649964895, 147.32326419230307, 167.46392134400205, 154.66386927249584], "z": [], "x_average": 164.61093546620128, "y_average": 158.68379782711247, "z_average": NaN, "xy_average": 161.64736664665688, "average": 161.64736664665688}}