{"n_layer": 1, "d_interlayer": 11.834111834720478, "bond": {"x": [3.13504967656018, 3.141975441325825, 3.1488875938652883, 3.1427424398961046, 3.13425490714527, 3.1439426716821877, 3.14728457508629, 3.136923566710085], "y": [3.141598210652154, 3.1426527674379696, 3.130607791010626, 3.143296285209681, 3.146261286230246, 3.1374921475994713, 3.1397466156571983, 3.1358991826433518], "z": [3.2479160522200963, 3.1376683103009806, 3.1884883586008272, 3.1858586335577153, 3.1922944231150816, 3.1868647328945277, 3.1284392432512282, 3.261289625409253], "x_average": 3.141382609033904, "y_average": 3.139694285805087, "z_average": 3.1911024224187137, "xy_average": 3.1405384474194955, "average": 3.1573931057525684}, "angle_XMX": {"x": [176.66781859019653, 178.72805700055957, 176.2993056344997, 176.44831931240333], "y": [175.76791412502348, 175.85097945050794, 177.85807590385406, 176.68274143546716], "z": [177.53931333124547, 177.61591011284375, 178.1335986487112, 179.54218676769145], "x_average": 177.03587513441477, "y_average": 176.53992772871314, "z_average": 178.20775221512295, "xy_average": 176.78790143156397, "average": 177.2611850260836}, "angle_MXM": {"x": [165.06348546252053, 164.19907067576025, 163.61906826106963, 161.48407896269882], "y": [161.7635369013232, 165.53189907112522, 162.67868173992352, 163.783670516546], "z": [], "x_average": 163.5914258405123, "y_average": 163.43944705722947, "z_average": NaN, "xy_average": 163.5154364488709, "average": 163.5154364488709}}