{"n_layer": 1, "d_interlayer": 3.5513862840646446, "bond": {"x": [3.2835282825025787, 3.233118916384438, 3.240581724887055, 3.2201712875453357, 3.322530516684533, 3.157553182316173, 3.22866767459531, 3.257833911496537], "y": [3.2093599556575927, 3.256593305943307, 3.2173942219984695, 3.29943032478718, 3.2024544122227554, 3.2270695969976186, 3.1889826460174975, 3.2593375345067783], "z": [3.306024102981376, 3.13094834362763, 3.087872513240707, 3.242527517223293, 3.2424368853225687, 3.2058407679647902, 3.174551468098165, 3.1933996987760223], "x_average": 3.242998187051495, "y_average": 3.2325777497664, "z_average": 3.197950162154319, "xy_average": 3.2377879684089477, "average": 3.2245086996574046}, "angle_XMX": {"x": [171.15652748502117, 168.7535092698422, 172.9597557943831, 170.8362442914548], "y": [173.35419031155894, 170.32244320105377, 177.03319145378063, 179.11128279307468], "z": [176.81500432088987, 172.03747592521523, 177.68670607644756, 177.7925338603989], "x_average": 170.92650921017534, "y_average": 174.95527693986702, "z_average": 176.08293004573787, "xy_average": 172.94089307502117, "average": 173.9882387319267}, "angle_MXM": {"x": [140.55046059905652, 126.45278875316457, 128.91976305286826, 146.61062004722018], "y": [135.56750929844753, 134.02269577622363, 137.72401620084744, 134.79153169953383], "z": [], "x_average": 135.6334081130774, "y_average": 135.52643824376312, "z_average": NaN, "xy_average": 135.57992317842024, "average": 135.57992317842024}}