{"n_layer": 1, "d_interlayer": 4.046962233317546, "bond": {"x": [3.198540779570179, 3.210676459491074, 3.1619740514374306, 3.15640536524527, 3.2063817213761405, 3.2214616893305745, 3.180742005356504, 3.17619154228897], "y": [3.212663191883308, 3.1932272193839846, 3.2249091056641, 3.1994686651173434, 3.153836783246139, 3.148967205552023, 3.172173584664522, 3.160696548717693], "z": [3.223863134184793, 3.2216653680584044, 3.2458179337499597, 3.248195172956991, 3.2164052029515897, 3.2233065757963257, 3.216974754333456, 3.2137686778164087], "x_average": 3.1890467017620177, "y_average": 3.1832427880286396, "z_average": 3.226249602480991, "xy_average": 3.1861447448953286, "average": 3.1995130307572155}, "angle_XMX": {"x": [178.79062382871768, 178.7735922502766, 178.87990512218357, 178.57724445836138], "y": [178.90825328807148, 179.2302406688181, 179.24794926198834, 179.48487085818107], "z": [179.15964583002858, 179.29337853246463, 179.235799589784, 179.48754935499906], "x_average": 178.7553414148848, "y_average": 179.21782851926474, "z_average": 179.29409332681908, "xy_average": 178.98658496707478, "average": 179.08908775365617}, "angle_MXM": {"x": [142.06866153959317, 144.17149670895768, 139.8487490461683, 146.4689162729422], "y": [140.49984542120282, 140.3880495473505, 145.834348215476, 145.52059019661624], "z": [], "x_average": 143.13945589191536, "y_average": 143.0607083451614, "z_average": NaN, "xy_average": 143.10008211853838, "average": 143.10008211853838}}