{"n_layer": 1, "d_interlayer": 3.586365490002877, "bond": {"x": [3.2445642343815546, 3.2199478000287334, 3.2501385997998358, 3.1560773697371265, 3.2445905800924075, 3.2124555668357715, 3.271032252960415, 3.1734788161534264], "y": [3.2155687830495325, 3.24199179908052, 3.20917701026986, 3.2069846072406545, 3.1624642628689283, 3.2890706462149977, 3.1869693813239457, 3.282909417839382], "z": [3.1624367531083837, 3.2562848926653003, 3.190671308860544, 3.2045183988150456, 3.1921679523876647, 3.185139682294753, 3.204680481330592, 3.1525390841500474], "x_average": 3.221535652498659, "y_average": 3.2243919884859777, "z_average": 3.1935548192015415, "xy_average": 3.222963820492318, "average": 3.2131608200620594}, "angle_XMX": {"x": [171.19591193792684, 166.40645860330727, 171.2764795353565, 163.12186793248787], "y": [174.62543258576957, 172.33030754252485, 174.43058687867264, 172.87604908011377], "z": [178.30188279117039, 177.04706513880123, 176.68589386531065, 178.31950265019273], "x_average": 168.00017950226962, "y_average": 173.5655940217702, "z_average": 177.58858611136873, "xy_average": 170.78288676201993, "average": 173.05145321180285}, "angle_MXM": {"x": [141.31376166527826, 149.19939458658283, 141.3457288165628, 138.16159137357639], "y": [144.27521931933998, 139.17540722557945, 141.35848844998543, 139.59985984036572], "z": [], "x_average": 142.50511911050006, "y_average": 141.10224370881764, "z_average": NaN, "xy_average": 141.80368140965885, "average": 141.80368140965885}}