{"n_layer": 1, "d_interlayer": 3.892178584649171, "bond": {"x": [3.3082441613555194, 3.128788547159567, 3.1981232321280153, 3.2171074173956415, 3.2736308156604963, 3.1376256891900454, 3.213015719162913, 3.17486663762721], "y": [3.1401358280057905, 3.2910588488897567, 3.1132748696060366, 3.2454049792599564, 3.1929044899376584, 3.2025712450018458, 3.1624701091568417, 3.203051393003089], "z": [3.1809312404782157, 3.383235416058446, 3.268534453628079, 3.2176711191277265, 3.177282105049889, 3.3160871608891713, 3.3593548796509816, 3.080859206624509], "x_average": 3.206425277459926, "y_average": 3.193858970357622, "z_average": 3.2479944476883773, "xy_average": 3.2001421239087744, "average": 3.216092898501975}, "angle_XMX": {"x": [169.240691099056, 169.96955340507063, 171.62467017240022, 172.3133362156428], "y": [169.50779384869682, 170.97193540768077, 172.33799437762661, 167.4955102609862], "z": [176.74288759249114, 171.59255437566003, 174.6089185020205, 170.24710501659914], "x_average": 170.78706272304242, "y_average": 170.0783084737476, "z_average": 173.2978663716927, "xy_average": 170.432685598395, "average": 171.3877458561609}, "angle_MXM": {"x": [137.3949344791681, 151.58824815667197, 150.51356961857377, 138.46016067036555], "y": [137.31307251227312, 149.2651421421123, 148.93187384913958, 140.0112672232431], "z": [], "x_average": 144.48922823119486, "y_average": 143.88033893169202, "z_average": NaN, "xy_average": 144.18478358144344, "average": 144.18478358144344}}