{"n_layer": 1, "d_interlayer": 4.100425080212233, "bond": {"x": [3.1814937357132127, 3.1970330249544534, 3.1408390032078777, 3.156522013462902, 3.194094069072477, 3.1969827330657554, 3.1647869931481765, 3.1660739280169405], "y": [3.167004979118916, 3.185683622972928, 3.181530948127487, 3.2163522199614145, 3.1387182776995193, 3.158912263134574, 3.150821119884106, 3.173343255380731], "z": [3.2000197994116477, 3.2017521755141343, 3.210910346673592, 3.197274631214542, 3.2227120180232514, 3.2220787059068003, 3.2344119573273313, 3.214774067649147], "x_average": 3.1747281875802242, "y_average": 3.1715458357849595, "z_average": 3.2129917127150556, "xy_average": 3.173137011682592, "average": 3.1864219120267463}, "angle_XMX": {"x": [174.7278608133119, 175.6343154377132, 175.90902665643338, 173.0161091639972], "y": [178.07881177547827, 175.4764254737479, 174.452854807504, 177.82945119838465], "z": [178.46508426599974, 178.4792359417005, 178.27001103232845, 178.20256936669333], "x_average": 174.82182801786394, "y_average": 176.45938581377868, "z_average": 178.3542251516805, "xy_average": 175.6406069158213, "average": 176.5451463277744}, "angle_MXM": {"x": [136.55789673221375, 150.72867620733106, 145.64407477771266, 139.41987022828388], "y": [144.23909056943177, 137.81701231539017, 140.710952020226, 148.39140545063447], "z": [], "x_average": 143.08762948638534, "y_average": 142.78961508892058, "z_average": NaN, "xy_average": 142.93862228765295, "average": 142.93862228765295}}