{"n_layer": 1, "d_interlayer": 12.719051825393088, "bond": {"x": [3.180105867846779, 3.148374570842931, 3.2147551662632052, 3.210218596816286, 3.1750190087329857, 3.1596221192425054, 3.3079504071234713, 3.1843462564242153], "y": [3.147827653567171, 3.1987655290595165, 3.1639131589155043, 3.183050438406099, 3.2415114009993777, 3.1765105636412776, 3.3149163227863934, 3.172847080906519], "z": [3.461303746734541, 3.0466687591790667, 3.202157210103773, 3.3017150943320073, 3.205489945554666, 3.30810866668992, 3.1323660448742094, 3.3547201088980647], "x_average": 3.1975489991615476, "y_average": 3.1999177685352325, "z_average": 3.251566197045781, "xy_average": 3.19873338384839, "average": 3.2163443215808534}, "angle_XMX": {"x": [170.62108829208833, 177.31113343248325, 173.86697272245917, 175.71968194801144], "y": [169.7792613684328, 179.3177113975688, 177.16271597755036, 173.8409393728746], "z": [179.53048369423945, 170.23367128101967, 169.43455938274096, 174.35660316145086], "x_average": 174.37971909876057, "y_average": 175.02515702910665, "z_average": 173.38882937986273, "xy_average": 174.70243806393358, "average": 174.26456850257662}, "angle_MXM": {"x": [146.3886097158458, 143.57039594857696, 151.89485924326286, 139.15165242385427], "y": [145.0643989556409, 148.1024214889553, 144.12800902509363, 136.98162175821273], "z": [], "x_average": 145.251379332885, "y_average": 143.56911280697562, "z_average": NaN, "xy_average": 144.41024606993028, "average": 144.41024606993028}}