{"n_layer": 1, "d_interlayer": 12.318593993210996, "bond": {"x": [3.2246702604516093, 3.1241111292484836, 3.189051782647602, 3.136221866099288, 3.200334263938056, 3.137682522221898, 3.2084666276783893, 3.1444858953403574], "y": [3.1479272570690884, 3.20386996728607, 3.137664984288768, 3.229706238414443, 3.13007496353309, 3.2118327304592618, 3.1335942292646126, 3.1875547637514514], "z": [3.3283491378253736, 3.092487834287403, 3.1099656351389027, 3.268255296044048, 3.099739881288024, 3.2897339001354866, 3.261127884512681, 3.1230114166419085], "x_average": 3.1706280434532106, "y_average": 3.1727781417583483, "z_average": 3.1965838732342284, "xy_average": 3.171703092605779, "average": 3.1799966861485953}, "angle_XMX": {"x": [164.3137866274632, 170.27106378888575, 167.20765307462062, 164.42169050320678], "y": [166.07753470538486, 165.83369810598086, 164.78153206163657, 168.93505771245438], "z": [172.93066283417298, 174.0984224947148, 170.72301360100437, 172.625261646491], "x_average": 166.5535484985441, "y_average": 166.40695564636417, "z_average": 172.59434014409578, "xy_average": 166.48025207245414, "average": 168.51828142966804}, "angle_MXM": {"x": [174.72111911239637, 148.21028180482335, 146.49418637898233, 170.71690073297935], "y": [170.71724999718967, 145.78363035351376, 148.8867812966245, 174.31028115876939], "z": [], "x_average": 160.03562200729533, "y_average": 159.92448570152433, "z_average": NaN, "xy_average": 159.98005385440982, "average": 159.98005385440982}}