{"n_layer": 1, "d_interlayer": 11.263084273188191, "bond": {"x": [3.1180180550076684, 3.2388594544994227, 3.1587760888218126, 3.1600422671288446, 3.136837428762474, 3.1542038984271494, 3.1102419380986226, 3.24291233425692], "y": [3.1603776570021904, 3.140121073224474, 3.2408066699018128, 3.082097653214591, 3.229397075788781, 3.1274184623258967, 3.157274572357464, 3.167981607004263], "z": [3.308884647587708, 3.1337187722600692, 3.232976704493982, 3.2443842996833014, 3.1474590521651518, 3.2747953281870794, 3.229472367877369, 3.24639722337298], "x_average": 3.1649864331253643, "y_average": 3.163184346352434, "z_average": 3.227261049453455, "xy_average": 3.164085389738899, "average": 3.185143942977085}, "angle_XMX": {"x": [169.03974828106473, 166.58914115131392, 174.56372627193457, 164.16844021105183], "y": [162.12474394020214, 163.69096326030285, 168.29892453811766, 168.79739569782564], "z": [168.8210430666766, 166.5422909980916, 171.1291017016951, 169.30187663659868], "x_average": 168.59026397884125, "y_average": 165.72800685911207, "z_average": 168.9485781007655, "xy_average": 167.15913541897666, "average": 167.75561631290628}, "angle_MXM": {"x": [146.74885282288696, 164.25349923921627, 160.9707335475027, 143.37904909986918], "y": [143.91163604409095, 164.41758587615868, 162.81386110875926, 141.17005893811842], "z": [], "x_average": 153.8380336773688, "y_average": 153.07828549178186, "z_average": NaN, "xy_average": 153.4581595845753, "average": 153.4581595845753}}