{"n_layer": 1, "d_interlayer": 12.027067296292707, "bond": {"x": [3.0652006393695057, 3.114756659365212, 3.229480382326065, 3.1429402838118605, 3.1171834202935234, 3.099657539029745, 3.1823450222182657, 3.161363334445346], "y": [3.1995572690478835, 3.184520962143797, 3.2066158815427417, 3.119573635561942, 3.1417836681304268, 3.1102751434814353, 3.1039922226915553, 3.1107562032695117], "z": [3.1392940048731983, 3.2586724688891557, 3.2965732828855545, 3.129058642113563, 3.266028658463814, 3.1783627114438167, 3.1548907463024967, 3.3040185353025957], "x_average": 3.1391159101074404, "y_average": 3.1471343732336616, "z_average": 3.2158623812842744, "xy_average": 3.1431251416705512, "average": 3.1673708882084592}, "angle_XMX": {"x": [176.47445163861525, 169.36173687744844, 170.5106966820464, 165.53871941828922], "y": [169.9404277891585, 168.25906999335734, 162.64693492133225, 164.93405528472817], "z": [175.0339418359581, 168.95684943720389, 172.33285577745588, 176.867171238369], "x_average": 170.47140115409982, "y_average": 166.44512199714407, "z_average": 173.29770457224672, "xy_average": 168.45826157562192, "average": 170.07140924116354}, "angle_MXM": {"x": [163.85419671700177, 136.4489323100674, 154.06387730689468, 160.7646352518972], "y": [160.183748426199, 144.3801235005137, 157.53352415336002, 167.7893317821778], "z": [], "x_average": 153.78291039646527, "y_average": 157.47168196556262, "z_average": NaN, "xy_average": 155.62729618101395, "average": 155.62729618101395}}