{"n_layer": 1, "d_interlayer": 11.91854528915669, "bond": {"x": [3.2060088283066053, 3.1471066685464804, 3.2127755845116828, 3.1326175721342873, 3.235917093190344, 3.1091203882527965, 3.14882003532096, 3.149521270014256], "y": [3.1068672086799745, 3.1386543951571575, 3.1221683048426807, 3.1295774381259664, 3.16278309682485, 3.1186140875692394, 3.1471731591545415, 3.1855799107409517], "z": [3.140337598335266, 3.2961808688207093, 3.2355839397132553, 3.170210678752333, 3.286926332002483, 3.1446605960664504, 3.1403550705206746, 3.2489499248810816], "x_average": 3.1677359300346764, "y_average": 3.13892720013692, "z_average": 3.2079006261365315, "xy_average": 3.1533315650857983, "average": 3.17152125210271}, "angle_XMX": {"x": [164.88611917191983, 168.7452112620485, 170.42531395856048, 170.08158071294253], "y": [161.36144413432575, 162.32140928213906, 163.16761419875357, 167.03201807999596], "z": [178.1380775052125, 174.56099039593008, 170.32035097066947, 172.55802251751706], "x_average": 168.53455627636782, "y_average": 163.47062142380358, "z_average": 173.89436034733228, "xy_average": 166.00258885008571, "average": 168.6331793491679}, "angle_MXM": {"x": [165.15343623311773, 150.41120602510324, 147.73246322938817, 168.6666009342241], "y": [176.86006449866912, 146.22550366409345, 142.29052194496867, 167.05620034403998], "z": [], "x_average": 157.9909266054583, "y_average": 158.1080726129428, "z_average": NaN, "xy_average": 158.04949960920055, "average": 158.04949960920055}}