{"n_layer": 1, "d_interlayer": 11.758438360209313, "bond": {"x": [3.1801078792974184, 3.1393619181916423, 3.175046962936293, 3.132304214273029, 3.1709190846727098, 3.1127797564154536, 3.1398245510362144, 3.1478688368254275], "y": [3.1235766631627246, 3.1822146589809264, 3.1282045271383105, 3.1723676657738524, 3.139993427217719, 3.1799291445895004, 3.128503756354089, 3.183088295414066], "z": [3.2493596268166796, 3.147631097443339, 3.2145071490187953, 3.170681156386903, 3.2329655521183587, 3.157947924311709, 3.1153226803631044, 3.276086148500705], "x_average": 3.1497766504560234, "y_average": 3.1547347673288986, "z_average": 3.1955626668699493, "xy_average": 3.152255708892461, "average": 3.166691361551624}, "angle_XMX": {"x": [170.2753885022075, 174.7693531687785, 172.10059959726416, 170.62943819760835], "y": [174.38530273271564, 169.2280225983357, 174.1501121713455, 172.8258726899765], "z": [177.53029158153822, 177.26148893274416, 174.99962670433214, 175.12457317737696], "x_average": 171.94369486646463, "y_average": 172.64732754809336, "z_average": 176.22899509899787, "xy_average": 172.295511207279, "average": 173.60667250451863}, "angle_MXM": {"x": [172.95385701200752, 157.98092741861683, 155.69815628635865, 169.89157672055194], "y": [173.04124756588888, 157.71050902793937, 158.48903836711187, 166.57853240553848], "z": [], "x_average": 164.13112935938375, "y_average": 163.95483184161964, "z_average": NaN, "xy_average": 164.0429806005017, "average": 164.0429806005017}}