{"n_layer": 1, "d_interlayer": 3.6790195177409473, "bond": {"x": [3.210088771537688, 3.2990656786601407, 3.2021246005841753, 3.297930442530102, 3.1697452604022427, 3.2914596014402493, 3.220922475439112, 3.282905188306921], "y": [3.2245042414364855, 3.1402375459059693, 3.329701040136261, 3.1852756145693237, 3.2032219708349494, 3.2122378616603493, 3.243294700463477, 3.193304969789138], "z": [3.212380070407881, 3.2115354099397484, 3.176029873107174, 3.194328811364591, 3.1467202092661326, 3.1489213175850472, 3.187313298178004, 3.1867190501167255], "x_average": 3.246780252362579, "y_average": 3.216472243099494, "z_average": 3.182993504995663, "xy_average": 3.2316262477310365, "average": 3.2154153334859124}, "angle_XMX": {"x": [178.92572751192395, 178.04631132544637, 178.9061485280172, 178.74844773124116], "y": [172.65856947208653, 173.69457314223087, 171.14481186735475, 171.39205246850597], "z": [178.1606014880081, 177.98686527439645, 178.41726639172208, 178.19088747303982], "x_average": 178.65665877415717, "y_average": 172.22250173754455, "z_average": 178.18890515679158, "xy_average": 175.43958025585084, "average": 176.35602188949778}, "angle_MXM": {"x": [132.8375229087559, 132.21246907618414, 133.52938146857596, 132.8716292272882], "y": [131.9179990161297, 144.15188777102628, 139.9620538076108, 136.57059248566014], "z": [], "x_average": 132.86275067020102, "y_average": 138.1506332701067, "z_average": NaN, "xy_average": 135.50669197015387, "average": 135.50669197015387}}