{"n_layer": 1, "d_interlayer": 3.333278296065682, "bond": {"x": [3.2343264228222575, 3.1973350336146003, 3.3130468345862063, 3.310495159402857, 3.2191252997333994, 3.1734385421622386, 3.278768040332626, 3.2712868569669467], "y": [3.231505233866876, 3.228185722781275, 3.250009249481976, 3.2161070187819143, 3.1873960444146214, 3.2244417300934454, 3.2072987299242115, 3.2315177690008188], "z": [3.1888605618715977, 3.1261129777083614, 3.234089520872806, 3.215347975406496, 3.162068963034598, 3.196474278903569, 3.1751044945927838, 3.2100070334156303], "x_average": 3.2497277737026415, "y_average": 3.2220576872931423, "z_average": 3.1885082257257302, "xy_average": 3.235892730497892, "average": 3.220097895573838}, "angle_XMX": {"x": [176.99423351546483, 175.97460155580367, 174.609102001125, 176.5388540409981], "y": [174.92484240415016, 177.302506768785, 172.77489824060729, 173.8578792596692], "z": [175.21602795987852, 177.65031671196127, 174.28028306178535, 177.9112860783886], "x_average": 176.0291977783479, "y_average": 174.7150316683029, "z_average": 176.26447845300342, "xy_average": 175.3721147233254, "average": 175.66956929988476}, "angle_MXM": {"x": [155.3186441131633, 142.8445486163034, 151.97858860974125, 142.64684303425616], "y": [133.16567127282104, 139.5742782804077, 135.9719929475969, 140.13735728455424], "z": [], "x_average": 148.197156093366, "y_average": 137.21232494634495, "z_average": NaN, "xy_average": 142.70474051985548, "average": 142.70474051985548}}