{"n_layer": 1, "d_interlayer": 4.026326206368224, "bond": {"x": [3.1593097057454043, 3.2069029588487155, 3.2630738259998813, 3.214322949957787, 3.1652610231309173, 3.16087687261674, 3.253903977372673, 3.2135761642429896], "y": [3.1620798551114593, 3.22340965930487, 3.165921753631518, 3.185522020182777, 3.2276389743524923, 3.2633482461164487, 3.2045121022797747, 3.2164669412655345], "z": [3.216500337371853, 3.2438690670100554, 3.1404013115652307, 3.248051855475619, 3.1353987971071313, 3.288401700681762, 3.3210504649881414, 3.0718551364038893], "x_average": 3.2046534347393885, "y_average": 3.2061124440306092, "z_average": 3.20819108382546, "xy_average": 3.205382939384999, "average": 3.2063189875318194}, "angle_XMX": {"x": [169.99224736981282, 168.0803217881548, 164.4147603771623, 172.2337211866575], "y": [165.43103453426957, 174.6876101154612, 169.29606362135627, 168.85815988169517], "z": [174.9380530103714, 173.06744749838847, 173.1031407090076, 168.89461905595832], "x_average": 168.68026268044684, "y_average": 169.56821703819554, "z_average": 172.50081506843142, "xy_average": 169.1242398593212, "average": 170.24976492902462}, "angle_MXM": {"x": [135.16482920717104, 148.4343873100881, 158.95987664775703, 130.71735974074113], "y": [137.5809772811583, 155.02731613444791, 152.47211957161912, 130.74701014343694], "z": [], "x_average": 143.31911322643933, "y_average": 143.95685578266557, "z_average": NaN, "xy_average": 143.63798450455243, "average": 143.63798450455243}}