{"n_layer": 1, "d_interlayer": 4.018528133379304, "bond": {"x": [3.1418850731857355, 3.1379909352090456, 3.210461877467142, 3.2248233337908796, 3.1474905279971064, 3.138844324398275, 3.2098284593228428, 3.2219709908536327], "y": [3.130106149352227, 3.131166358269185, 3.133645190875783, 3.1315981254095675, 3.213216327284366, 3.205105392036654, 3.208295056181782, 3.2099756492650275], "z": [3.242582106702362, 3.2419059028106423, 3.2274520478607784, 3.2350558469766035, 3.2343144014162166, 3.2551509616942793, 3.227012849230868, 3.2137219504762533], "x_average": 3.1791619402780826, "y_average": 3.170388531084324, "z_average": 3.234649508396, "xy_average": 3.1747752356812033, "average": 3.1947333265861353}, "angle_XMX": {"x": [178.3352936608254, 177.53280469790738, 177.4292457821567, 178.99160730341086], "y": [176.92542137746435, 179.81999966103834, 177.8073834945065, 178.01336199171783], "z": [178.47827497028592, 178.7671929027728, 178.22033593466745, 178.88055081943094], "x_average": 178.0722378610751, "y_average": 178.14154163118175, "z_average": 178.58658865678927, "xy_average": 178.10688974612845, "average": 178.26678938301538}, "angle_MXM": {"x": [148.32299930541083, 136.8852934391441, 144.68390901199405, 140.15633163859167], "y": [147.67303181315907, 144.49006636007834, 136.1109790899917, 139.75431152556135], "z": [], "x_average": 142.51213334878514, "y_average": 142.00709719719762, "z_average": NaN, "xy_average": 142.25961527299137, "average": 142.25961527299137}}