{"n_layer": 1, "d_interlayer": 4.009865374549717, "bond": {"x": [3.2301344758470414, 3.2317263044351794, 3.1625510518206927, 3.161693109097877, 3.21468042607463, 3.228062273314442, 3.1558322305313986, 3.155961072557906], "y": [3.2092706806828035, 3.219840860346623, 3.2008547739320212, 3.2160195068537374, 3.15200028900705, 3.1510535601365, 3.148626286275934, 3.150210265430837], "z": [3.281568241060221, 3.2815484117971105, 3.2669399548678704, 3.2660258716714847, 3.2766974631601506, 3.273029418731206, 3.260920084163324, 3.2558960306616243], "x_average": 3.1925801179598956, "y_average": 3.1809845278331883, "z_average": 3.270328184514124, "xy_average": 3.186782322896542, "average": 3.2146309434357363}, "angle_XMX": {"x": [179.6167723366542, 179.63200981265356, 179.86548955683756, 179.83035006486], "y": [179.95468858132043, 179.96591852462174, 179.64978323001048, 179.82495590086413], "z": [179.72843523155768, 179.68226788748441, 179.7342926936599, 179.9642414052953], "x_average": 179.73615544275134, "y_average": 179.8488365592042, "z_average": 179.7773093044993, "xy_average": 179.79249600097776, "average": 179.78743376881826}, "angle_MXM": {"x": [140.04876888782127, 147.90108926812664, 140.50286529510876, 147.47105819852382], "y": [139.34237334505417, 139.34651945955162, 145.64167731207104, 146.03126161887755], "z": [], "x_average": 143.98094541239513, "y_average": 142.5904579338886, "z_average": NaN, "xy_average": 143.28570167314186, "average": 143.28570167314186}}