{"n_layer": 1, "d_interlayer": 3.6014760409852844, "bond": {"x": [3.2194857886331647, 3.2906703655276806, 3.146144205327806, 3.302226483386004, 3.204141240938113, 3.3276789559896973, 3.18305828504377, 3.383379070235198], "y": [3.242884876315309, 3.2104679002719694, 3.1959405076637513, 3.203899334438907, 3.2886795345211555, 3.1821643009133624, 3.234412646694769, 3.109774029104998], "z": [3.1745565788754133, 3.1571874661202073, 3.1348066319897536, 3.156090831915889, 3.2181317888623733, 3.152782739300045, 3.233139176025547, 3.2342401081523877], "x_average": 3.257098049385179, "y_average": 3.2085278912405277, "z_average": 3.1826169151552017, "xy_average": 3.2328129703128536, "average": 3.216080951926969}, "angle_XMX": {"x": [175.24921488483184, 172.9397684636551, 167.87164198274593, 172.51107490231504], "y": [160.43106079397236, 165.03252026874816, 162.90578068409826, 159.73775137765844], "z": [178.9329348851722, 177.66008291273496, 177.648156625469, 177.66215363514937], "x_average": 172.14292505838696, "y_average": 162.0267782811193, "z_average": 177.97583201463138, "xy_average": 167.08485166975316, "average": 170.71517845137922}, "angle_MXM": {"x": [136.86390922555782, 127.96954832360596, 130.19736597943213, 138.82233161423153], "y": [124.3097711002152, 148.61389664064077, 150.94944836404056, 124.29604920172379], "z": [], "x_average": 133.46328878570685, "y_average": 137.0422913266551, "z_average": NaN, "xy_average": 135.25279005618097, "average": 135.25279005618097}}