{"n_layer": 1, "d_interlayer": 3.450823179856423, "bond": {"x": [3.3119358646113404, 3.2154217774623883, 3.231195338531445, 3.2240381131858817, 3.2388139484104226, 3.230503852339168, 3.221710140387857, 3.2519250393693526], "y": [3.196644596143853, 3.2418183041295383, 3.2449142741377677, 3.203750941817358, 3.248652393995736, 3.1914258615144915, 3.1993345811351657, 3.2355448648898095], "z": [3.1957593177502703, 3.205365780840272, 3.142474756785577, 3.182625525813931, 3.224774305457282, 3.255651969874614, 3.1320228957899903, 3.160007079804183], "x_average": 3.2406930092872317, "y_average": 3.220260727220465, "z_average": 3.1873352040145146, "xy_average": 3.2304768682538487, "average": 3.2160963135074034}, "angle_XMX": {"x": [175.25387663848963, 176.77331048813218, 177.0418563813061, 175.46206054970156], "y": [176.4154809693027, 171.14819571987363, 165.95544301833286, 163.82541372730353], "z": [177.51113470560114, 178.64569072573656, 178.08186195320076, 178.23937199953923], "x_average": 176.1327760144074, "y_average": 169.33613335870317, "z_average": 178.11951484601943, "xy_average": 172.73445468655527, "average": 174.52947473970997}, "angle_MXM": {"x": [135.11344790291932, 142.13245463036026, 141.44188855798697, 137.56500364532624], "y": [147.21578872594174, 136.55107540866447, 139.17442672984106, 144.4219640813597], "z": [], "x_average": 139.0631986841482, "y_average": 141.84081373645174, "z_average": NaN, "xy_average": 140.45200621029997, "average": 140.45200621029997}}