{"n_layer": 1, "d_interlayer": 4.059475896349214, "bond": {"x": [3.1992655035842343, 3.2059512011165174, 3.1619642246200463, 3.1856513266427395, 3.1900707127616017, 3.20014521735422, 3.16579077661126, 3.1772132301287606], "y": [3.162844791374555, 3.2149464401424437, 3.1550543029102314, 3.2078135378803454, 3.1438781880434585, 3.1790694552313004, 3.1419464562332817, 3.1819068123103302], "z": [3.177287979330143, 3.171760201549971, 3.2022995415326134, 3.196060112766649, 3.193641915156269, 3.200999199561503, 3.228059202884324, 3.217456178627348], "x_average": 3.1857565241024224, "y_average": 3.1734324980157433, "z_average": 3.1984455414261026, "xy_average": 3.179594511059083, "average": 3.1858781878480897}, "angle_XMX": {"x": [174.36277699494187, 174.92201852144635, 174.77034129035104, 173.56701427559432], "y": [179.90095480294636, 177.23634946416823, 176.4477359710224, 179.67716497210182], "z": [177.64623955010023, 177.6442940725043, 178.48556864529849, 177.96420775354468], "x_average": 174.4055377705834, "y_average": 178.3155513025597, "z_average": 177.93507750536193, "xy_average": 176.36054453657155, "average": 176.88538885950166}, "angle_MXM": {"x": [135.49556741860866, 149.04610481221303, 146.32448096336717, 138.29145567819847], "y": [142.17312125992223, 139.5310145363917, 141.65215717615604, 145.04847941549127], "z": [], "x_average": 142.28940221809682, "y_average": 142.1011930969903, "z_average": NaN, "xy_average": 142.19529765754356, "average": 142.19529765754356}}