{"n_layer": 1, "d_interlayer": 3.9873351322988713, "bond": {"x": [3.3357452072795244, 3.190292928766709, 3.174301401274803, 3.176851441582538, 3.312641815166044, 3.157566183989374, 3.1995145773852514, 3.1351597068106645], "y": [3.2116109847111667, 3.271002332042446, 3.192619244395414, 3.2852086146683286, 3.1342714977912536, 3.178162882933998, 3.134846463404688, 3.158758243918173], "z": [3.2558304270647347, 3.2568096410857525, 3.266762693357669, 3.226892718788705, 3.259102932016655, 3.2328557411404217, 3.205569253408172, 3.259309843151974], "x_average": 3.2102591577818638, "y_average": 3.1958100329831836, "z_average": 3.2453916562517606, "xy_average": 3.2030345953825234, "average": 3.217153615672269}, "angle_XMX": {"x": [176.88547872412366, 171.120980076233, 172.7569439390993, 174.1359952925513], "y": [172.0910723773654, 171.61169696634084, 172.95779115510197, 167.23099447683333], "z": [179.20308834756213, 177.9574492566906, 177.33809733165202, 177.8621755923189], "x_average": 173.72484950800182, "y_average": 170.97288874391037, "z_average": 178.0902026320559, "xy_average": 172.3488691259561, "average": 174.2626469613227}, "angle_MXM": {"x": [134.5825346665174, 152.67152584739466, 141.96144692553642, 140.57090600712166], "y": [130.86870283039278, 143.02046111918793, 155.79294194034168, 137.96504848477772], "z": [], "x_average": 142.44660336164253, "y_average": 141.91178859367503, "z_average": NaN, "xy_average": 142.17919597765876, "average": 142.17919597765876}}