{"n_layer": 1, "d_interlayer": 4.008437811213562, "bond": {"x": [3.1468262242280223, 3.142107308168377, 3.211311658310617, 3.2062496438548904, 3.1403966617074075, 3.1358160850411205, 3.2076155043287398, 3.194078541647808], "y": [3.1316007158216737, 3.1385860360549707, 3.130529437087969, 3.13594066503424, 3.210637181757359, 3.2004646932996677, 3.2023580393058126, 3.195761741181527], "z": [3.215322509704099, 3.2164441167196496, 3.221121584178332, 3.22352982551343, 3.243243647439248, 3.238988536538287, 3.2388927316932468, 3.2374389123621294], "x_average": 3.173050203410873, "y_average": 3.1682348136929024, "z_average": 3.2293727330185527, "xy_average": 3.1706425085518877, "average": 3.1902192500407764}, "angle_XMX": {"x": [179.79096318459045, 179.56030333724087, 179.63000873566543, 179.49601839021284], "y": [179.38325004120097, 179.57260088404206, 179.3784978693038, 179.46504857061635], "z": [179.49503049118562, 179.55941964140698, 179.59864121366144, 179.57700323405075], "x_average": 179.6193234119274, "y_average": 179.4498493412908, "z_average": 179.5575236450762, "xy_average": 179.5345863766091, "average": 179.54223213276478}, "angle_MXM": {"x": [146.28102024363432, 139.36121590488986, 146.15089965579966, 139.44230332309158], "y": [145.51200342070987, 146.41260142196913, 139.3008275557139, 138.17307930795226], "z": [], "x_average": 142.80885978185384, "y_average": 142.3496279265863, "z_average": NaN, "xy_average": 142.57924385422007, "average": 142.57924385422007}}