{"n_layer": 1, "d_interlayer": 17.621111962918114, "bond": {"x": [3.1449285812745997, 3.1747360770671924, 3.1809762319263197, 3.1400663613497493, 3.140260165032786, 3.1808711829328384, 3.174742436217304, 3.1449760916685303], "y": [3.1477923802954773, 3.15160970945956, 3.1601380911087067, 3.1277077919669094, 3.127688744383168, 3.1600525730279516, 3.1517182492194973, 3.1477636681475185], "z": [3.1565493992130707, 3.2526524700765163, 3.2048220657911615, 3.1968515071568566, 3.196885495556023, 3.2048511657069136, 3.252541675266128, 3.156496742259129], "x_average": 3.160194640933665, "y_average": 3.1468089009510987, "z_average": 3.202706315128225, "xy_average": 3.153501770942382, "average": 3.1699032856709963}, "angle_XMX": {"x": [174.18456851781048, 176.5097162506718, 176.51500994130862, 174.18995739996785], "y": [169.518963935183, 173.3135049525724, 173.3365229958542, 169.51537326394202], "z": [179.40036203835731, 177.1131679867004, 177.12332959045733, 179.4115593936051], "x_average": 175.34981302743967, "y_average": 171.4210912868879, "z_average": 178.26210475228004, "xy_average": 173.3854521571638, "average": 175.01100302220254}, "angle_MXM": {"x": [143.92462245158626, 143.92367896951686, 149.65260401188706, 149.65531836117825], "y": [149.13817271117026, 145.325424912107, 149.15102041982175, 145.3135264447567], "z": [], "x_average": 146.7890559485421, "y_average": 147.23203612196392, "z_average": NaN, "xy_average": 147.01054603525301, "average": 147.01054603525301}}