{"n_layer": 1, "d_interlayer": 15.040328980396612, "bond": {"x": [3.24024659030741, 3.158738904709471, 3.176151639202328, 3.1623461774797117, 3.178751266565023, 3.212515425076596, 3.2282505710383393, 3.0922185727170795], "y": [3.209730234965909, 3.18404778808264, 3.14471595356497, 3.240069015534997, 3.0985942669233015, 3.2329015779056838, 3.1545703429408514, 3.1686896813852115], "z": [3.1610499384257995, 3.160383603426909, 3.178512118663181, 3.1547231256358628, 3.1583849975472273, 3.171812156967701, 3.1631674918233976, 3.175791171564161], "x_average": 3.181152393386995, "y_average": 3.179164857662945, "z_average": 3.1654780755067797, "xy_average": 3.18015862552497, "average": 3.1752651088522406}, "angle_XMX": {"x": [174.87507440050155, 173.96957047890814, 175.88257771519787, 179.3158215591395], "y": [173.48186575176973, 177.03531304364597, 177.3309526544585, 176.23034060193467], "z": [176.75002724374065, 176.93536254381038, 174.12362223246285, 174.5801471064137], "x_average": 176.01076103843675, "y_average": 176.01961801295224, "z_average": 175.5972897816069, "xy_average": 176.0151895256945, "average": 175.8758896109986}, "angle_MXM": {"x": [152.383246296001, 164.48297517762896, 158.16151894437775, 158.3716278295588], "y": [152.0507270410823, 159.22236947173698, 163.80789201544803, 158.45124526074], "z": [], "x_average": 158.34984206189162, "y_average": 158.3830584472518, "z_average": NaN, "xy_average": 158.3664502545717, "average": 158.3664502545717}}