{"n_layer": 1, "d_interlayer": 12.169704339179974, "bond": {"x": [3.3573602287623134, 3.0585306569679416, 3.4025597469049242, 3.13174860539355, 3.286785718359311, 3.162776888911284, 3.35236580230956, 3.230907848737984], "y": [3.1817841359444787, 3.1911795621707224, 3.0846070001096373, 3.2446997671554234, 3.2424492728290013, 3.1350940720157254, 3.229721942544492, 3.09845465298168], "z": [3.30248723611602, 3.134899055251449, 3.2337545845506273, 3.3914084465183727, 3.1851326339089865, 3.3941482318489298, 3.331950011892256, 3.2602180788777027], "x_average": 3.247879437043358, "y_average": 3.175998800718895, "z_average": 3.279249784870543, "xy_average": 3.211939118881127, "average": 3.2343760075442654}, "angle_XMX": {"x": [171.72068278505813, 167.76827561969188, 172.07451624407804, 174.98533348365032], "y": [158.65771552575129, 171.88339270145215, 159.8444917436064, 169.32929480762888], "z": [169.38359066683543, 170.12212432140748, 161.89344201168905, 160.76471610957725], "x_average": 171.6372020331196, "y_average": 164.9287236946097, "z_average": 165.54096827737732, "xy_average": 168.28296286386464, "average": 167.36896466836887}, "angle_MXM": {"x": [168.12994507400953, 161.38361363875825, 167.6850716164927, 147.60023298020937], "y": [150.68752077058153, 178.74681662099712, 175.44474707707644, 149.8468509354152], "z": [], "x_average": 161.19971582736747, "y_average": 163.68148385101756, "z_average": NaN, "xy_average": 162.44059983919252, "average": 162.44059983919252}}