{"n_layer": 1, "d_interlayer": 12.246006930339583, "bond": {"x": [3.186408090461693, 3.175596586402732, 3.1944103544720925, 3.1753590445077795, 3.1857974125000155, 3.1898488076068867, 3.2142166602584603, 3.16707162380099], "y": [3.175754369061943, 3.1922395346243593, 3.175439069396464, 3.2041340470122943, 3.1706615420932405, 3.204683744962218, 3.1927572662225723, 3.196538720337488], "z": [3.13554928192352, 3.1594805666229187, 3.264439971768318, 3.1163988675823235, 3.2553605447463996, 3.11751295162264, 3.0520182398373215, 3.4997063192025877], "x_average": 3.186088572501331, "y_average": 3.1890260367138223, "z_average": 3.2000583429132536, "xy_average": 3.187557304607577, "average": 3.1917243173761363}, "angle_XMX": {"x": [172.9432602618781, 174.729218366831, 176.02838161338792, 174.83584382665478], "y": [173.57020996203914, 174.27633421026644, 175.07466370569517, 174.76036319816296], "z": [177.59229494195105, 177.55000448913995, 176.65730758366158, 177.56435840027896], "x_average": 174.63417601718794, "y_average": 174.42039276904094, "z_average": 177.3409913537579, "xy_average": 174.52728439311443, "average": 175.4651867133289}, "angle_MXM": {"x": [158.27582316079284, 151.0517060066969, 153.13110616897538, 158.6272598916386], "y": [159.23435750475656, 152.86116115760572, 151.30162891586048, 158.47890889003426], "z": [], "x_average": 155.27147380702593, "y_average": 155.46901411706426, "z_average": NaN, "xy_average": 155.3702439620451, "average": 155.3702439620451}}