{"n_layer": 1, "d_interlayer": 12.346300967230627, "bond": {"x": [3.1464240445223384, 3.080974877601688, 3.138330385947752, 3.0963466889284463, 3.1220142359650334, 3.110515595082439, 3.154830987075319, 3.074974435840503], "y": [3.0932697829756766, 3.1209523183917804, 3.0722061481209058, 3.144804679243982, 3.0860494065375907, 3.161865393016831, 3.1161450488511853, 3.14178239327368], "z": [3.164082908522663, 3.2107522401626207, 3.212620449706845, 3.168990476737176, 3.2210293911217076, 3.1638844045762253, 3.165952511227937, 3.2266325095530464], "x_average": 3.1155514063704395, "y_average": 3.117134396301454, "z_average": 3.1917431114510277, "xy_average": 3.1163429013359467, "average": 3.14147630470764}, "angle_XMX": {"x": [169.19249856492482, 167.92633565680998, 170.14505016218504, 169.28346913987684], "y": [168.9422838551431, 174.32728637290577, 168.23233907275332, 169.35110437392677], "z": [177.7832446885085, 178.32602869888055, 176.2599398735665, 178.58555515128188], "x_average": 169.13683838094917, "y_average": 170.21325341868226, "z_average": 177.73869210305935, "xy_average": 169.6750458998157, "average": 172.3629279675636}, "angle_MXM": {"x": [165.1049712262664, 172.58540628274292, 170.01071142874508, 162.47327559747714], "y": [172.01194435195603, 171.18372117898653, 172.90801118271372, 159.18843525353466], "z": [], "x_average": 167.54359113380787, "y_average": 168.82302799179774, "z_average": NaN, "xy_average": 168.1833095628028, "average": 168.1833095628028}}