{"n_layer": 1, "d_interlayer": 13.726466452737164, "bond": {"x": [3.2160626351096, 3.061341400831585, 3.102969950616411, 3.14674753792705, 3.131984989477321, 3.1303801373469176, 3.1928880790961043, 3.0766520415116645], "y": [3.1405460330277624, 3.149377198578304, 3.064020463268232, 3.239947060249456, 3.077200948365361, 3.231185723103527, 3.1342933491583214, 3.1462668879736233], "z": [3.1842040288029234, 3.2736093797499466, 3.254318264177475, 3.2434028511684048, 3.280021316101358, 3.17918079637268, 3.256287091169384, 3.2420555448442996], "x_average": 3.1323783464895816, "y_average": 3.147854707965573, "z_average": 3.2391349090483086, "xy_average": 3.1401165272275775, "average": 3.1731226545011544}, "angle_XMX": {"x": [165.59236602618722, 162.07532757421342, 164.49163785859108, 161.9605040362342], "y": [161.38837740185866, 160.54330164645242, 168.93758517086385, 167.14061453308983], "z": [170.96836502731242, 169.88865144852042, 170.65234648669207, 169.45612332841796], "x_average": 163.52995887380646, "y_average": 164.50246968806618, "z_average": 170.24137157273572, "xy_average": 164.01621428093634, "average": 166.09126671153615}, "angle_MXM": {"x": [157.78479312231104, 142.6400032249029, 147.13811739618532, 169.7293861963697], "y": [163.25312589708457, 147.6580260226598, 145.46298657266624, 168.87921952795028], "z": [], "x_average": 154.32307498494222, "y_average": 156.31333950509023, "z_average": NaN, "xy_average": 155.31820724501625, "average": 155.31820724501625}}