{"n_layer": 1, "d_interlayer": 16.98827641977769, "bond": {"x": [3.3095491672568866, 3.2714302577639707, 3.267310636697141, 3.293740065808872, 3.2311267317088483, 3.211685696185917, 3.227244779677726, 3.2422835947954596], "y": [3.3085803316024798, 3.272142273053882, 3.22970917795515, 3.213319574919126, 3.273252761214539, 3.2870296502555854, 3.2287257097406106, 3.2404462531325517], "z": [3.300203180427202, 3.1213981479452673, 3.117196953439967, 3.1837616122737997, 3.118405790422712, 3.1836499152893416, 3.1503897914702637, 3.0492880172954786], "x_average": 3.2567963662368524, "y_average": 3.2566507164842404, "z_average": 3.1530366760705038, "xy_average": 3.2567235413605466, "average": 3.222161252930532}, "angle_XMX": {"x": [178.85731607518812, 174.05747234825998, 173.63975278622664, 171.7827599856376], "y": [178.83778052372458, 173.65107178227086, 174.0197595808934, 171.80319978937342], "z": [179.48211010438422, 178.6396428849142, 178.44820516043632, 179.10069636017022], "x_average": 174.5843252988281, "y_average": 174.57795291906558, "z_average": 178.91766362747623, "xy_average": 174.58113910894684, "average": 176.02664728179}, "angle_MXM": {"x": [146.57541162912636, 147.15857335978612, 146.85102468654244, 147.254604673425], "y": [146.71500315352367, 146.6390061698124, 147.0414654459913, 147.3618486104673], "z": [], "x_average": 146.95990358721997, "y_average": 146.93933084494867, "z_average": NaN, "xy_average": 146.94961721608433, "average": 146.94961721608433}}