{"n_layer": 1, "d_interlayer": 12.591490611662792, "bond": {"x": [3.2576904591399773, 3.22263640850946, 3.1819543990429393, 3.2157886577339774, 3.223223421340098, 3.1922054655683834, 3.1752343590294037, 3.2218935985208357], "y": [3.2061128342355745, 3.2390373158437895, 3.2040003423692274, 3.1849620481207346, 3.2061269409901767, 3.164001920258319, 3.185336282520536, 3.1848045370269253], "z": [3.1219771430622263, 3.339688640590554, 3.20090262523204, 3.2693368902629807, 3.211741136013418, 3.2656998108316544, 3.4337677827232738, 3.038954333399739], "x_average": 3.2113283461106343, "y_average": 3.1967977776706604, "z_average": 3.2352585452644855, "xy_average": 3.204063061890648, "average": 3.2144615563485934}, "angle_XMX": {"x": [177.47618513842588, 177.2292947994225, 174.09971052131104, 171.8749147160687], "y": [176.88647691551802, 176.58027459041608, 176.78870817227468, 172.30634031565666], "z": [175.00523042549582, 174.2608104517874, 173.44021073792817, 179.18431777259474], "x_average": 175.17002629380704, "y_average": 175.64044999846635, "z_average": 175.47264234695155, "xy_average": 175.4052381461367, "average": 175.42770621307497}, "angle_MXM": {"x": [143.127183725914, 144.04971574578371, 142.51184192276085, 147.7798678228277], "y": [144.8306602499216, 140.25177509556576, 142.9691048159215, 147.8750470403897], "z": [], "x_average": 144.36715230432156, "y_average": 143.98164680044965, "z_average": NaN, "xy_average": 144.1743995523856, "average": 144.1743995523856}}