{"n_layer": 1, "d_interlayer": 11.862820110295267, "bond": {"x": [3.2396048696299795, 3.1201646528439726, 3.0928838750274474, 3.263909685458589, 3.2097413991101296, 3.200888305212726, 3.189527618838485, 3.2423544273924314], "y": [3.147562397236055, 3.159602494254205, 3.1535566384639306, 3.28806911553136, 3.121931702688656, 3.28841410192783, 3.2146099075438803, 3.3389107700865415], "z": [3.323660161260194, 3.277965789722051, 3.258518305335241, 3.263466374176467, 3.258032629847427, 3.2764354018669386, 3.1466688746510196, 3.242119829860041], "x_average": 3.1948843541892202, "y_average": 3.2140821409665574, "z_average": 3.2558584208399224, "xy_average": 3.2044832475778886, "average": 3.2216083053319}, "angle_XMX": {"x": [177.62561592441725, 166.51439517713703, 173.81050901700166, 167.82600879916745], "y": [177.5686154693214, 173.93702928912774, 173.48972272363793, 177.33868195665943], "z": [173.54784733482694, 178.95360657994968, 173.7374006949693, 175.33676037217242], "x_average": 171.44413222943083, "y_average": 175.58351235968664, "z_average": 175.39390374547958, "xy_average": 173.51382229455874, "average": 174.14051611153232}, "angle_MXM": {"x": [152.26572167177406, 142.40892609431967, 149.2623591882977, 160.6344435377425], "y": [157.03320389195906, 153.17409940837223, 149.5526475888025, 145.35744589659112], "z": [], "x_average": 151.14286262303347, "y_average": 151.27934919643124, "z_average": NaN, "xy_average": 151.21110590973234, "average": 151.21110590973234}}