{"n_layer": 1, "d_interlayer": 11.929070232818374, "bond": {"x": [3.223717840317601, 3.2219941106021044, 3.24645947170631, 3.1932343808418904, 3.261057722348072, 3.337307265381922, 3.4697932994232, 3.2240618389425024], "y": [3.2176406004119165, 3.255960400839163, 3.2676852723164305, 3.366414575703153, 3.2683278362146386, 3.1771975931917757, 3.5090894037508966, 3.206380013407789], "z": [3.1124648127381116, 3.199541919746544, 3.2165418127629017, 3.155075135010784, 3.224448642256805, 3.1545780529584095, 3.1102186343783798, 3.252951423397328], "x_average": 3.2722032411954505, "y_average": 3.2835869619794704, "z_average": 3.178227554156158, "xy_average": 3.2778951015874602, "average": 3.2446725857770264}, "angle_XMX": {"x": [176.04860389584493, 178.93892470986182, 178.95445868247054, 176.440477454058], "y": [176.13771862085017, 178.29663669396254, 177.70757088051442, 174.8664561958989], "z": [178.23896403092445, 177.63311548863018, 167.92209655099776, 174.1800368370633], "x_average": 177.5956161855588, "y_average": 176.75209559780652, "z_average": 174.4935532269039, "xy_average": 177.17385589168265, "average": 176.28042167008974}, "angle_MXM": {"x": [146.5111868986968, 144.4949450150533, 146.07342803876816, 142.98837423501763], "y": [147.65229213263007, 145.11304946428135, 143.59710712357628, 146.40282296399224], "z": [], "x_average": 145.01698354688398, "y_average": 145.69131792111997, "z_average": NaN, "xy_average": 145.35415073400196, "average": 145.35415073400196}}