{"n_layer": 1, "d_interlayer": 13.698193593835175, "bond": {"x": [3.2115046224664034, 3.156532081129932, 3.2128835988077076, 3.1123727815903384, 3.2082383116166255, 3.1700248874442383, 3.251242489327669, 3.073178586011009], "y": [3.139278244468078, 3.1056497993265384, 3.1442094571670176, 3.1479078535494986, 3.0728190517990757, 3.193109942156095, 3.1419272249056616, 3.2403585156535595], "z": [3.219253099193897, 3.3841167765492717, 3.2481225425357194, 3.1719104449741313, 3.308934263161187, 3.1799719022546338, 3.1513220845502934, 3.2079635665609234], "x_average": 3.17449716979924, "y_average": 3.1481575111281908, "z_average": 3.233949334972507, "xy_average": 3.1613273404637154, "average": 3.1855346719666464}, "angle_XMX": {"x": [163.44898487402335, 165.51925089428605, 163.9277568886597, 168.46616555447105], "y": [164.9519312464968, 159.10699111234703, 173.90616674782225, 159.25636879071754], "z": [176.4444378835584, 171.0804760842376, 174.019524291531, 175.78490292098675], "x_average": 165.34053955286004, "y_average": 164.30536447434588, "z_average": 174.33233529507845, "xy_average": 164.82295201360296, "average": 167.99274644076144}, "angle_MXM": {"x": [132.87058528825486, 153.7557231202432, 163.73963368050426, 147.42449352271785], "y": [154.31778764067565, 162.92868145953938, 170.05625369370003, 145.13776014494246], "z": [], "x_average": 149.44760890293003, "y_average": 158.11012073471437, "z_average": NaN, "xy_average": 153.7788648188222, "average": 153.7788648188222}}