{"n_layer": 1, "d_interlayer": 12.442221006085857, "bond": {"x": [3.132396642929642, 3.198349408026849, 3.1493878040918357, 3.158866904273258, 3.145524342034304, 3.172450745960421, 3.147677985597607, 3.1566041086020453], "y": [3.163933760356257, 3.1589102771841104, 3.182078834080967, 3.146984999168549, 3.1844601110880832, 3.1410966741769193, 3.162899558659658, 3.1557791941536273], "z": [3.130490859053546, 3.2966880839799866, 3.271226367041095, 3.1263365250701183, 3.2942702178484176, 3.119770580957726, 3.113192359878081, 3.295121587291546], "x_average": 3.1576572426894955, "y_average": 3.1620179261085215, "z_average": 3.2058870726400643, "xy_average": 3.1598375843990083, "average": 3.1751874138126936}, "angle_XMX": {"x": [173.2000915678485, 176.56753367387373, 173.83204703052988, 170.84029041238895], "y": [173.94950759528413, 171.18811776080364, 173.63863785637307, 171.42533498311653], "z": [175.41883393240533, 177.03616573728738, 172.9945661286979, 175.57144662790026], "x_average": 173.60999067116026, "y_average": 172.55039954889435, "z_average": 175.25525310657272, "xy_average": 173.08019511002732, "average": 173.80521444220912}, "angle_MXM": {"x": [148.72584622621892, 159.83713114898188, 160.35411210734193, 152.22378385082476], "y": [148.76589752189219, 160.76308309029318, 161.63062511700497, 149.23027519469966], "z": [], "x_average": 155.2852183333419, "y_average": 155.0974702309725, "z_average": NaN, "xy_average": 155.1913442821572, "average": 155.1913442821572}}