{"n_layer": 1, "d_interlayer": 12.216586246901947, "bond": {"x": [3.1529569084135756, 3.2200759356474093, 3.2036655065604727, 3.1383147352633896, 3.154987055158719, 3.175076674167123, 3.1968586451293066, 3.13423545818594], "y": [3.155614390667005, 3.242780876309963, 3.1754662562525104, 3.1733461732774946, 3.1506789740287156, 3.1859047974103, 3.165585793520712, 3.120063893191251], "z": [3.3219223180924016, 3.196429940652642, 3.2406149988355812, 3.2907679343496268, 3.330021893609138, 3.1834310351456487, 3.1105220499347666, 3.35049286226289], "x_average": 3.172021364815742, "y_average": 3.1711801443322436, "z_average": 3.253025379110337, "xy_average": 3.1716007545739933, "average": 3.1987422960861074}, "angle_XMX": {"x": [177.49525522213395, 173.98443455998057, 174.96054584727437, 174.62080876390914], "y": [173.74304256930628, 178.48389163848452, 172.91900843490097, 171.52907074118372], "z": [161.8719174436833, 163.04692805699904, 174.2446942412312, 170.8375793248892], "x_average": 175.26526109832452, "y_average": 174.16875334596887, "z_average": 167.50027976670066, "xy_average": 174.7170072221467, "average": 172.31143140366467}, "angle_MXM": {"x": [164.5060328356421, 165.82151468418962, 160.09157714948114, 163.65097293219213], "y": [155.84741381965432, 163.11081641816247, 165.11922745493536, 172.67900977254962], "z": [], "x_average": 163.51752440037626, "y_average": 164.18911686632543, "z_average": NaN, "xy_average": 163.85332063335085, "average": 163.85332063335085}}