{"n_layer": 1, "d_interlayer": 12.3921523246475, "bond": {"x": [3.138705563676837, 3.2490379556226285, 3.176104581089388, 3.2056755471854657, 3.157003624423462, 3.196061093060713, 3.132249721924783, 3.2493660678097775], "y": [3.1406646851045, 3.127490080918267, 3.1673983887377304, 3.1078595346465967, 3.1773724455644916, 3.173651875370479, 3.1820495364861356, 3.1555837914670612], "z": [3.271093423882968, 3.228483256886291, 3.288689428589222, 3.2197760345670514, 3.266453404694388, 3.213468246163477, 3.1426590407451056, 3.3058165284089], "x_average": 3.1880255193491323, "y_average": 3.154008792286908, "z_average": 3.2420549204921754, "xy_average": 3.17101715581802, "average": 3.1946964107094047}, "angle_XMX": {"x": [171.9043379732486, 167.46504908234655, 171.44710328925723, 175.19136787971934], "y": [166.6450000712481, 171.17632074143927, 171.12578912025828, 165.37446689628857], "z": [174.10628315304254, 167.6041579454825, 174.0310231020073, 172.73767683783066], "x_average": 171.50196455614292, "y_average": 168.58039420730856, "z_average": 172.11978525959077, "xy_average": 170.04117938172573, "average": 170.73404800768074}, "angle_MXM": {"x": [155.94538583873614, 140.79408278461327, 142.0651759123676, 157.12774185518236], "y": [162.96309430562485, 142.2564662047067, 138.2320985361446, 156.557700939934], "z": [], "x_average": 148.98309659772485, "y_average": 150.00233999660253, "z_average": NaN, "xy_average": 149.4927182971637, "average": 149.4927182971637}}