{"n_layer": 1, "d_interlayer": 10.338605418471229, "bond": {"x": [3.2459299454553237, 3.2506366171475354, 3.1579269343763565, 3.137975372397411, 3.1570373450171143, 3.2438328750006664, 3.1181215775954234, 3.1385122653135116], "y": [3.1863793505745233, 3.3574851541050568, 3.141539112597252, 3.3150076651304308, 3.1790837066342346, 3.201311556542812, 3.1214616788260376, 3.184547946871404], "z": [3.10467033454412, 3.3657623041794063, 3.2896623456144063, 3.1715511074092824, 3.286318456669944, 3.1892076359081534, 3.239509153078004, 3.255750962970162], "x_average": 3.181246616537918, "y_average": 3.210852021410219, "z_average": 3.237804037546685, "xy_average": 3.1960493189740684, "average": 3.2099675584982736}, "angle_XMX": {"x": [171.35104387343725, 172.15509633493562, 178.6035558636032, 171.28407814850482], "y": [163.34041175788488, 166.77223656007212, 168.80087354714104, 168.4369165809418], "z": [162.71166404436633, 168.94108994414128, 163.35101858725483, 167.90507941808792], "x_average": 173.3484435551202, "y_average": 166.83760961150995, "z_average": 165.7272129984626, "xy_average": 170.0930265833151, "average": 168.63775538836427}, "angle_MXM": {"x": [146.55747083378455, 170.88094527588297, 153.7643330867502, 163.68999430094203], "y": [154.11353278409723, 146.51579886042347, 160.2864903214783, 171.36621725940654], "z": [], "x_average": 158.72318587433995, "y_average": 158.07050980635137, "z_average": NaN, "xy_average": 158.39684784034566, "average": 158.39684784034566}}