{"n_layer": 1, "d_interlayer": 15.164622071065752, "bond": {"x": [3.2382218254896427, 3.187947047659382, 3.0997384037847153, 3.306766557989918, 3.2706841092652352, 3.173087864790438, 3.139291025754167, 3.221570686617246], "y": [3.2782792439312636, 3.16647009018128, 3.3703525083945087, 3.1009305759260704, 3.2174747079543087, 3.184357549377633, 3.2033429707455494, 3.1382978492478903], "z": [3.1663142413000296, 3.3464696106434833, 3.2157046697235896, 3.307846381487658, 3.2145532770940046, 3.289416948103954, 3.282372371997579, 3.131556703617639], "x_average": 3.2046634401688427, "y_average": 3.2074381869698128, "z_average": 3.244279275495992, "xy_average": 3.2060508135693278, "average": 3.2187936342115493}, "angle_XMX": {"x": [162.43824279667373, 163.19957486388216, 153.82304918011468, 166.63479429935663], "y": [159.66381602599196, 155.85145358984786, 159.92946694486724, 163.43652418456614], "z": [175.0121234740305, 166.38100092935136, 166.766606019492, 175.37402843210677], "x_average": 161.5239152850068, "y_average": 159.7203151863183, "z_average": 170.88343971374516, "xy_average": 160.62211523566256, "average": 164.04255672835674}, "angle_MXM": {"x": [147.3191618446725, 169.86195047071254, 166.32095077726535, 154.44482003182458], "y": [138.17943194528843, 168.10403988425998, 150.05026750886066, 164.1720208737507], "z": [], "x_average": 159.48672078111872, "y_average": 155.12644005303994, "z_average": NaN, "xy_average": 157.30658041707932, "average": 157.30658041707932}}