{"n_layer": 1, "d_interlayer": 15.108808578624933, "bond": {"x": [3.1702775381333304, 3.2007240619951265, 3.182589193231843, 3.198384120991186, 3.1367143518418654, 3.235845908661545, 3.1847497241477507, 3.224289570227049], "y": [3.204824471239618, 3.1886286560775963, 3.2549683726823253, 3.17520367820526, 3.1902951695064887, 3.176341086694241, 3.2585292828187913, 3.148013973799494], "z": [3.089995275959589, 3.348716730738555, 3.2307216179739298, 3.2460229757180157, 3.230009170341661, 3.2534297915763646, 3.369856819416363, 3.126695599960453], "x_average": 3.1916968086537123, "y_average": 3.1996005863779766, "z_average": 3.2369309977106164, "xy_average": 3.1956486975158445, "average": 3.2094094642474347}, "angle_XMX": {"x": [172.41214443924034, 164.48016343198196, 175.35464295019273, 178.14230100023602], "y": [171.08189469924187, 172.04715197263005, 169.53582381203054, 168.82500548065474], "z": [178.17447964305927, 173.57732970272525, 171.10428188962214, 179.1039525125172], "x_average": 172.59731295541278, "y_average": 170.37246899113933, "z_average": 175.49001093698098, "xy_average": 171.48489097327604, "average": 172.81993096117768}, "angle_MXM": {"x": [144.0162622432161, 141.168270055624, 148.5697938330813, 150.05669699154257], "y": [155.15592962731833, 140.25765455892315, 139.4350995141416, 160.87140660087246], "z": [], "x_average": 145.95275578086597, "y_average": 148.93002257531387, "z_average": NaN, "xy_average": 147.44138917808993, "average": 147.44138917808993}}