{"n_layer": 1, "d_interlayer": 15.150222151380344, "bond": {"x": [3.3484373811327983, 3.212500063669014, 3.27349241248065, 3.098831820934423, 3.4091642050969844, 3.1942923113821298, 3.203693254844457, 3.1839885093530365], "y": [3.1667566686340933, 3.3896252813767735, 3.185631919535439, 3.4104079600610815, 3.1574180096755824, 3.196953511536056, 3.2544162959581264, 3.140062638536944], "z": [3.1734657723569066, 3.3515731382012888, 3.151183837222602, 3.4166089294499926, 3.1627192316274706, 3.396842119512572, 3.4469154995123135, 3.0652742849209833], "x_average": 3.240549994861687, "y_average": 3.237659035664262, "z_average": 3.2705728516005164, "xy_average": 3.2391045152629743, "average": 3.249593960708822}, "angle_XMX": {"x": [172.6196600719756, 168.11337336723673, 165.23524403558787, 170.29171709513247], "y": [162.98272361180003, 159.98535015169625, 161.3763101298913, 169.28913211862482], "z": [179.48352511177956, 165.27885964439318, 166.9948932336752, 176.58683115991192], "x_average": 169.06499864248318, "y_average": 163.4083790030031, "z_average": 172.08602728743998, "xy_average": 166.23668882274313, "average": 168.1864683109754}, "angle_MXM": {"x": [153.5000381525889, 156.62189557181046, 133.01992116513267, 156.38212979232512], "y": [160.67654675244196, 126.87632414496159, 143.31515023870134, 164.32369411709453], "z": [], "x_average": 149.8809961704643, "y_average": 148.79792881329985, "z_average": NaN, "xy_average": 149.33946249188207, "average": 149.33946249188207}}