{"n_layer": 1, "d_interlayer": 14.883109122869508, "bond": {"x": [3.1801115750662707, 3.1864270298645843, 3.181623192563119, 3.176777317820268, 3.1730584702376317, 3.185057986505281, 3.1827002360245036, 3.1837722103549027], "y": [3.1936668282883156, 3.173197538511911, 3.171076313005328, 3.193114084956939, 3.1934890647278182, 3.1707843568358274, 3.1742787224449143, 3.1930748873778145], "z": [3.3682217715047726, 3.1151169759021626, 3.2253471548471135, 3.2278957638514183, 3.2287369224476086, 3.225010960719038, 3.1154120763251902, 3.368175781830429], "x_average": 3.18119100230457, "y_average": 3.1828352245186085, "z_average": 3.2342396759284666, "xy_average": 3.182013113411589, "average": 3.199421967583882}, "angle_XMX": {"x": [178.52272416140318, 177.93223909473912, 177.6991857182669, 178.57403660567596], "y": [177.91782040184046, 178.79896528043162, 179.39789415717354, 177.27878516722774], "z": [178.7189312668177, 176.7474946152976, 176.7018247618181, 178.8909150077436], "x_average": 178.18204639502127, "y_average": 178.34836625166835, "z_average": 177.76479141291924, "xy_average": 178.26520632334478, "average": 178.09840135320292}, "angle_MXM": {"x": [147.15836435593474, 147.06410492059965, 146.14245679508602, 146.20221095766357], "y": [146.57417240612816, 147.2866600633597, 145.89695627747258, 147.95415117258116], "z": [], "x_average": 146.64178425732098, "y_average": 146.9279849798854, "z_average": NaN, "xy_average": 146.7848846186032, "average": 146.7848846186032}}