{"n_layer": 1, "d_interlayer": 6.587839586980115, "bond": {"x": [3.1841777914860945, 3.1697878581286223, 3.2027040698620515, 3.2090869106506186, 3.1759313122469166, 3.163333199822465, 3.1859752738603984, 3.190593090603322], "y": [3.171181500889096, 3.1713282977583206, 3.1634002204789406, 3.164934381745412, 3.1887635987843357, 3.1886305170090297, 3.1886393110286466, 3.190347884579619], "z": [3.25095725807924, 3.255903480579644, 3.28439731426631, 3.2827990928457322, 3.2604436453483205, 3.262824145082514, 3.3050200246057937, 3.3024472912565277], "x_average": 3.1851986883325614, "y_average": 3.1784032140341747, "z_average": 3.27559903150801, "xy_average": 3.181800951183368, "average": 3.213066977958249}, "angle_XMX": {"x": [179.33081999028573, 179.69363617559023, 178.8370953815365, 179.16788677738717], "y": [178.40650416460983, 179.69418166227143, 178.49734383652614, 179.1178524416611], "z": [178.9866119447115, 179.8656091442813, 178.9155200963602, 179.43547933940934], "x_average": 179.2573595811999, "y_average": 178.9289705262671, "z_average": 179.30080513119057, "xy_average": 179.09316505373351, "average": 179.1623784128859}, "angle_MXM": {"x": [148.20647500550766, 145.8011446083003, 148.65459975831644, 145.2689832518975], "y": [147.0482671900585, 148.89112463632125, 146.14292093268688, 144.6337807070038], "z": [], "x_average": 146.98280065600545, "y_average": 146.6790233665176, "z_average": NaN, "xy_average": 146.83091201126155, "average": 146.83091201126155}}