{"n_layer": 1, "d_interlayer": 6.627959580226429, "bond": {"x": [3.178411376923519, 3.179274952603909, 3.2080755632478004, 3.204847633455095, 3.184217966787088, 3.194447103607161, 3.213883271183173, 3.1974137978731365], "y": [3.1726088293105903, 3.1673088206954283, 3.1774307128349486, 3.1761829189924415, 3.1734671406791684, 3.18537672664942, 3.1964499151007333, 3.2011572097700434], "z": [3.2612772516264603, 3.2921142232033906, 3.2701731565878394, 3.248447386500675, 3.245444205206277, 3.2357681645016316, 3.2140026523062635, 3.2320440580244676], "x_average": 3.1950714582101103, "y_average": 3.1812477842540967, "z_average": 3.249908887244626, "xy_average": 3.1881596212321033, "average": 3.2087427099029444}, "angle_XMX": {"x": [179.20563076664072, 178.5969287669868, 178.73099804336343, 178.67334190637266], "y": [178.6789155919543, 179.60186313216224, 178.91416892164636, 178.227743262652], "z": [178.50514721130568, 179.37527896451442, 179.070070627351, 179.47942741212418], "x_average": 178.8017248708409, "y_average": 178.85567272710372, "z_average": 179.10748105382382, "xy_average": 178.8286987989723, "average": 178.92162621725615}, "angle_MXM": {"x": [147.38482622544663, 146.5007058853312, 149.09164221899064, 144.7021064986296], "y": [146.1891304835481, 147.6514637883723, 145.82941654299438, 144.3249707838934], "z": [], "x_average": 146.91982020709952, "y_average": 145.99874539970205, "z_average": NaN, "xy_average": 146.45928280340078, "average": 146.45928280340078}}