{"n_layer": 1, "d_interlayer": 6.875328630459872, "bond": {"x": [3.1997584939327184, 3.198672458581808, 3.2333883509087524, 3.2290002231602495, 3.1894737999035208, 3.191510135136789, 3.216107247447755, 3.2148767450975617], "y": [3.1744367006755874, 3.174774202461438, 3.168689058203405, 3.167464946535958, 3.206051331641778, 3.210660601520712, 3.2072962499946756, 3.2068030248675434], "z": [3.1670827672558857, 3.166602023661379, 3.219477074880131, 3.220040731984112, 3.2384563550598644, 3.2440987906908667, 3.3052718251835986, 3.2928341739313387], "x_average": 3.209098431771144, "y_average": 3.189522014487637, "z_average": 3.2317329678308973, "xy_average": 3.1993102231293906, "average": 3.21011780469656}, "angle_XMX": {"x": [179.57379062334732, 179.42124734198478, 179.29457731992358, 179.67783172935344], "y": [179.19141251771055, 179.778695890814, 179.54062259628475, 179.59292005519345], "z": [179.9379153313956, 179.8556631588941, 179.95935580657536, 179.82764041267544], "x_average": 179.49186175365227, "y_average": 179.52591276500067, "z_average": 179.89514367738514, "xy_average": 179.50888725932649, "average": 179.63763939867934}, "angle_MXM": {"x": [143.00435510402158, 140.9255191174097, 144.0795955215191, 140.23549895591228], "y": [143.48207794885863, 144.3224615400779, 140.42604145871132, 139.78533979992824], "z": [], "x_average": 142.06124217471566, "y_average": 142.003980186894, "z_average": NaN, "xy_average": 142.03261118080485, "average": 142.03261118080485}}