{"n_layer": 1, "d_interlayer": 11.84955586516739, "bond": {"x": [3.3140789229885037, 3.0854013622586214, 3.253769697869964, 3.245942931959834, 3.1968708773834833, 3.1782862546416264, 3.394818679356672, 3.1597923918111017], "y": [3.1693977690769874, 3.2003914401001787, 3.082761313602902, 3.2741769968413776, 3.172223229924251, 3.3027735973813304, 3.251397986764053, 3.1936285760043446], "z": [3.1797649717610406, 3.289085019647995, 3.201117214385384, 3.2561351445276827, 3.195083380914996, 3.270013869898017, 3.348762075691154, 3.116527381238962], "x_average": 3.2286201397837258, "y_average": 3.205843863711928, "z_average": 3.2320611322581536, "xy_average": 3.217232001747827, "average": 3.2221750452512694}, "angle_XMX": {"x": [178.839414910518, 174.96724866517877, 169.66431698622281, 176.11448727515284], "y": [166.90527205866024, 177.8809807252773, 169.16877430506958, 171.95007625746985], "z": [172.33069933094436, 173.54156556349648, 172.33289477537573, 169.71179059282463], "x_average": 174.8963669592681, "y_average": 171.47627583661927, "z_average": 171.9792375656603, "xy_average": 173.1863213979437, "average": 172.7839601205159}, "angle_MXM": {"x": [151.7696798196194, 150.00764398653, 160.83412231566592, 141.8996754731415], "y": [144.94714539581844, 157.82498468388235, 154.4722275391517, 135.81252903028147], "z": [], "x_average": 151.12778039873922, "y_average": 148.2642216622835, "z_average": NaN, "xy_average": 149.69600103051135, "average": 149.69600103051135}}