{"n_layer": 1, "d_interlayer": 12.014537760309192, "bond": {"x": [3.164930723643312, 3.630372685330058, 3.305293531365971, 3.1940086256633875, 3.1577284840342226, 3.3657798005467474, 3.215686042282573, 3.2752923277498915], "y": [3.1444117415956625, 3.616525518785306, 3.146671538764906, 3.3904965449217883, 3.120859022085935, 3.3982173179292023, 3.228393695036862, 3.2462290760861383], "z": [3.1637428298511225, 3.15477348899075, 3.3743497778019553, 3.1673415225272903, 3.408032842029214, 3.1290681171875967, 2.968441638935546, 3.486611313916758], "x_average": 3.2886365275770206, "y_average": 3.286475556900725, "z_average": 3.2315451914050293, "xy_average": 3.2875560422388723, "average": 3.2688857586275915}, "angle_XMX": {"x": [165.72248516417272, 177.01865580700257, 166.01752830051575, 164.3288013299748], "y": [170.7551853462075, 171.39687340261713, 174.1113046969796, 164.53783745941865], "z": [172.33196928950315, 161.76041363429488, 164.42807012539853, 175.97225255831538], "x_average": 168.27186765041645, "y_average": 170.20030022630573, "z_average": 168.623176401878, "xy_average": 169.2360839383611, "average": 169.03178142620007}, "angle_MXM": {"x": [155.1835755573229, 145.54366071511203, 131.3291103156247, 158.82169599126547], "y": [147.19957595874018, 136.43003475733533, 155.46233473908845, 146.00049761289776], "z": [], "x_average": 147.71951064483127, "y_average": 146.27311076701542, "z_average": NaN, "xy_average": 146.99631070592335, "average": 146.99631070592335}}