{"n_layer": 1, "d_interlayer": 11.992839258584388, "bond": {"x": [3.1267977834800322, 3.4685502191206394, 3.197103876852448, 3.3025524532380444, 3.1020312556878733, 3.2941419542270824, 3.243862252594266, 3.198367592607749], "y": [3.239180210687624, 3.270674046935032, 3.2134471156893847, 3.2266908245706007, 3.3583725479959896, 3.119755935811254, 3.2706227886098986, 3.1231834007018184], "z": [3.17204181664064, 3.304580215819208, 3.1629573813700587, 3.2898775940796097, 3.3318293674045747, 3.208672591164052, 3.299335742665009, 3.1183476916702038], "x_average": 3.2416759234760164, "y_average": 3.2277408588752, "z_average": 3.2359553001016694, "xy_average": 3.2347083911756087, "average": 3.235124027484295}, "angle_XMX": {"x": [170.50261452602498, 178.1507153663542, 166.88416610830538, 164.88151181619781], "y": [160.34089789503568, 161.89090644433017, 163.19457386890437, 166.95240467792553], "z": [168.2151214376546, 172.24576342277587, 163.54255472921037, 174.00236599361776], "x_average": 170.1047519542206, "y_average": 163.09469572154893, "z_average": 169.50145139581466, "xy_average": 166.59972383788477, "average": 167.56696635719473}, "angle_MXM": {"x": [138.303413292529, 155.87545896210872, 158.6753912725543, 144.05258592571988], "y": [130.3198992107108, 167.35950636410124, 155.86061412265616, 139.59186201207612], "z": [], "x_average": 149.226712363228, "y_average": 148.28297042738606, "z_average": NaN, "xy_average": 148.75484139530704, "average": 148.75484139530704}}