{"n_layer": 1, "d_interlayer": 4.0259127792346305, "bond": {"x": [3.2225081105206432, 3.1601250133724723, 3.2147616722417736, 3.185181044437453, 3.200869795134755, 3.1750816952934735, 3.217356164347431, 3.158759791382796], "y": [3.1890642623622107, 3.1532515010002404, 3.1989070767694687, 3.1422640390144077, 3.2582360738868434, 3.1861855148904104, 3.2506606670312235, 3.196549076275144], "z": [3.161291108227757, 3.1789040990006954, 3.1921312379770153, 3.1809317654937668, 3.1751088021832614, 3.1747456917809935, 3.207360766638051, 3.1826297413442743], "x_average": 3.1918304108413498, "y_average": 3.1968897764037436, "z_average": 3.181637901580727, "xy_average": 3.1943600936225467, "average": 3.19011936294194}, "angle_XMX": {"x": [175.20694655856488, 174.38283028726022, 171.94251461725577, 174.1010152271323], "y": [172.3455253322036, 175.72617604138787, 173.99475310525534, 172.96566753588021], "z": [178.11181914220737, 175.92695768275067, 178.02800717704147, 177.6741642350621], "x_average": 173.90832667255327, "y_average": 173.75803050368177, "z_average": 177.4352370592654, "xy_average": 173.83317858811753, "average": 175.03386474516682}, "angle_MXM": {"x": [140.79372509067298, 148.10630354150706, 153.19177758780174, 143.76591539067323], "y": [155.29183373553232, 145.112493170406, 138.96486499872347, 148.72354402888584], "z": [], "x_average": 146.46443040266377, "y_average": 147.0231839833869, "z_average": NaN, "xy_average": 146.7438071930253, "average": 146.7438071930253}}