{"n_layer": 1, "d_interlayer": 4.374157793692325, "bond": {"x": [3.1840383557670213, 3.1839567055459783, 3.1173563889380973, 3.1163584819226284, 3.2182832817781657, 3.2183486898968146, 3.135521582379983, 3.1352688906590607], "y": [3.1899556314008035, 3.1889976012272356, 3.2146758433332656, 3.2156279626148505, 3.1161343070835694, 3.117059694379252, 3.1378276751697323, 3.13854504790142], "z": [3.2601633035376425, 3.2594751193806646, 3.2490206723413393, 3.2492732236256114, 3.2213755449356927, 3.2222125091965634, 3.2203673997469533, 3.220557567746257], "x_average": 3.163641547110969, "y_average": 3.164852970388766, "z_average": 3.2378056675638405, "xy_average": 3.1642472587498673, "average": 3.188766728354525}, "angle_XMX": {"x": [179.98997451518613, 179.9765469274248, 179.96621296793583, 179.97512455211898], "y": [179.9922511012296, 179.970311441192, 179.97671907258447, 179.99098332310973], "z": [179.98548871618448, 179.96523438029692, 179.97044790193274, 179.97383813739592], "x_average": 179.97696474066646, "y_average": 179.98256623452895, "z_average": 179.9737522839525, "xy_average": 179.97976548759772, "average": 179.97776108638266}, "angle_MXM": {"x": [140.14479249639902, 148.6366651331474, 140.16905961522784, 148.59274201386432], "y": [139.9784922152924, 140.00783011248598, 148.3783706101448, 148.39336208288978], "z": [], "x_average": 144.38581481465962, "y_average": 144.18951375520322, "z_average": NaN, "xy_average": 144.28766428493142, "average": 144.28766428493142}}