{"n_layer": 1, "d_interlayer": 4.195572571367415, "bond": {"x": [3.1749244545027113, 3.175680106140296, 3.15701714917036, 3.1570989019078475, 3.206274079649159, 3.2049456731332038, 3.213871391506553, 3.216157387254999], "y": [3.166857143434897, 3.165842386558852, 3.190548210254956, 3.191394043854946, 3.1595795337027357, 3.158445823691386, 3.2021902857485056, 3.2014018833837112], "z": [3.240285130297459, 3.2406946342699054, 3.261552850105459, 3.26120312313448, 3.241538862122879, 3.24176454629949, 3.249737289915941, 3.251293483000189], "x_average": 3.1882461429081412, "y_average": 3.179532413828749, "z_average": 3.2485087398932255, "xy_average": 3.1838892783684454, "average": 3.205429098876705}, "angle_XMX": {"x": [179.97294892613826, 179.99556258467425, 179.95914227579868, 179.98542123774638], "y": [179.98665853947634, 179.98449690753827, 179.96259424447774, 179.9423993315594], "z": [179.9750838396857, 179.98699481819884, 179.9641174808964, 179.9590472857365], "x_average": 179.9782687560894, "y_average": 179.96903725576294, "z_average": 179.97131085612935, "xy_average": 179.97365300592617, "average": 179.97287228932726}, "angle_MXM": {"x": [147.6880722906714, 148.21715550493724, 147.6509412254493, 148.22594592542146], "y": [146.96100919458934, 146.94384164146553, 146.72645532987426, 146.7551237328506], "z": [], "x_average": 147.94552873661985, "y_average": 146.84660747469493, "z_average": NaN, "xy_average": 147.39606810565738, "average": 147.39606810565738}}