{"n_layer": 1, "d_interlayer": 4.482167195109703, "bond": {"x": [3.2017726081060975, 3.2037974667434956, 3.2007743387521455, 3.2023716572469056, 3.190328248321214, 3.193058974840843, 3.180577843680201, 3.1811209907996574], "y": [3.229346942891376, 3.2173230501674963, 3.1817707677135982, 3.1708937892857465, 3.2020125735358214, 3.200229523740187, 3.186596375663957, 3.183300393121759], "z": [3.1952923479880777, 3.1911734375105656, 3.1970699478914146, 3.196380093859471, 3.22221735830723, 3.2224696529056467, 3.235732428297069, 3.233833514175612], "x_average": 3.19422526606132, "y_average": 3.196434177014993, "z_average": 3.211771097616886, "xy_average": 3.1953297215381564, "average": 3.2008101802310662}, "angle_XMX": {"x": [179.42083196088882, 179.4996016403917, 179.5023686101277, 179.55110731604782], "y": [179.82592340450913, 179.8852800283389, 179.85647206352118, 179.84187177034747], "z": [179.62148741987104, 179.6176850946079, 179.8792456904633, 179.91368745069062], "x_average": 179.493477381864, "y_average": 179.85238681667917, "z_average": 179.75802641390823, "xy_average": 179.67293209927158, "average": 179.70129687081712}, "angle_MXM": {"x": [145.42379610661004, 145.1520746427204, 144.43120258487244, 146.08412913450286], "y": [144.7473609061594, 144.74282483854276, 145.48570397127904, 145.5584164841444], "z": [], "x_average": 145.27280061717642, "y_average": 145.13357655003142, "z_average": NaN, "xy_average": 145.20318858360392, "average": 145.20318858360392}}