{"n_layer": 1, "d_interlayer": 4.037770966026379, "bond": {"x": [3.1790042491444708, 3.170544024708051, 3.169905581671678, 3.1555470511353336, 3.1845012619684545, 3.214524838234806, 3.1832294921724675, 3.1506354929152813], "y": [3.1960359082821164, 3.1801944796497197, 3.2088910951494154, 3.207665697373128, 3.130407241815889, 3.1558035853032607, 3.1672322074340715, 3.191011839639203], "z": [3.1535073919235677, 3.3350169613754574, 3.303263324603992, 3.2303133560162323, 3.2270783547992345, 3.264240225407598, 3.3647365811584122, 3.2129836694248537], "x_average": 3.175986498993818, "y_average": 3.1796552568308503, "z_average": 3.2613924830886685, "xy_average": 3.1778208779123345, "average": 3.2056780796377793}, "angle_XMX": {"x": [176.82680364644733, 177.24660651131708, 177.17415172188115, 177.3232576764606], "y": [177.95092885202976, 175.96045183785213, 178.94388047428177, 177.41260259703253], "z": [172.10770421746034, 174.58307935168548, 175.60425085131368, 175.19398892971665], "x_average": 177.14270488902653, "y_average": 177.56696594029904, "z_average": 174.37225583754403, "xy_average": 177.3548354146628, "average": 176.3606422222899}, "angle_MXM": {"x": [142.90723961218745, 149.23305898947427, 146.3047216911593, 145.2259641863784], "y": [144.3274281436008, 144.79682366858273, 149.47156046856594, 148.3637660889397], "z": [], "x_average": 145.91774611979986, "y_average": 146.73989459242227, "z_average": NaN, "xy_average": 146.32882035611107, "average": 146.32882035611107}}