{"n_layer": 1, "d_interlayer": 3.7653429939723573, "bond": {"x": [3.1582175343669183, 3.1986234003720067, 3.161380981852568, 3.2782862014258027, 3.188351507568347, 3.243298883441664, 3.155535728854876, 3.2630043754282565], "y": [3.197701817735851, 3.1768709151832746, 3.1909029616699507, 3.1846787984681413, 3.1828970224113378, 3.1887976331746795, 3.211210277535291, 3.1996336683641213], "z": [3.212665516969779, 3.2149424179353567, 3.2300892775704337, 3.1842706979146174, 3.2292207056610294, 3.212278861805108, 3.224140846662593, 3.238578427249043], "x_average": 3.205837326663805, "y_average": 3.1915866368178305, "z_average": 3.2182733439709947, "xy_average": 3.198711981740818, "average": 3.205232435817544}, "angle_XMX": {"x": [178.32958933171125, 178.05729253509466, 175.75957592623476, 179.3721237773739], "y": [174.64387319979008, 172.37972436834636, 173.45030987425275, 171.37565197402006], "z": [176.63112389825014, 174.03470002701252, 176.10740024319975, 175.60351102110545], "x_average": 177.87964539260363, "y_average": 172.9623898541023, "z_average": 175.59418379739196, "xy_average": 175.42101762335295, "average": 175.47873968136594}, "angle_MXM": {"x": [152.34676377778743, 149.62226606195998, 150.22486337234625, 147.97341553963562], "y": [145.1411203385396, 153.0945439837579, 156.29472158299046, 141.13253700364413], "z": [], "x_average": 150.0418271879323, "y_average": 148.915730727233, "z_average": NaN, "xy_average": 149.47877895758268, "average": 149.47877895758268}}