{"n_layer": 1, "d_interlayer": 3.7516159460860443, "bond": {"x": [3.152575182158609, 3.260147668842363, 3.147512545211012, 3.196929734519312, 3.150073632224784, 3.263348145475892, 3.1390471983400463, 3.1826369576160753], "y": [3.1719895797611475, 3.162573620519251, 3.166598849192407, 3.1729876815722413, 3.1975548676181273, 3.1823151952969897, 3.233294905945606, 3.204010257756383], "z": [3.1971330726496876, 3.1914757711456256, 3.203497437817567, 3.20102371732747, 3.1957888821735754, 3.223267314376677, 3.211003572328371, 3.227733496451435], "x_average": 3.1865338830485115, "y_average": 3.1864156197077693, "z_average": 3.2063654080338013, "xy_average": 3.1864747513781406, "average": 3.1931049702633607}, "angle_XMX": {"x": [178.26481217051125, 176.53940984738486, 179.030187076822, 178.53846018836546], "y": [171.30164823366488, 173.26038607161843, 174.1589323029235, 175.78435224789254], "z": [177.16550736320488, 177.07418706389046, 176.48358112737336, 177.44098592671176], "x_average": 178.0932173207709, "y_average": 173.62632971402485, "z_average": 177.04106537029512, "xy_average": 175.85977351739785, "average": 176.2535374683636}, "angle_MXM": {"x": [146.85226630608125, 151.3936593170456, 147.17772253227602, 153.42686536371173], "y": [141.4124949192959, 156.43747283579998, 148.6054848985883, 139.64892927227163], "z": [], "x_average": 149.71262837977864, "y_average": 146.52609548148897, "z_average": NaN, "xy_average": 148.1193619306338, "average": 148.1193619306338}}