{"n_layer": 1, "d_interlayer": 4.034155079564292, "bond": {"x": [3.148848612623445, 3.1620833969650737, 3.1703702796671687, 3.171413871273174, 3.1538962250892255, 3.182287076754197, 3.1784307958717237, 3.201537104715197], "y": [3.155527730608999, 3.148975957067055, 3.1513331675484313, 3.161909967977437, 3.149952977471946, 3.1934669885588605, 3.1498800932819715, 3.213262268857612], "z": [3.216293770998331, 3.268827694818506, 3.2504374569185237, 3.1948659348902413, 3.2093862915244946, 3.2179226554633393, 3.3407046634064876, 3.1455247634829404], "x_average": 3.1711084203699005, "y_average": 3.165538643921539, "z_average": 3.230495403937858, "xy_average": 3.1683235321457195, "average": 3.1890474894097665}, "angle_XMX": {"x": [177.87107242514793, 172.37048649103747, 172.22492279363385, 158.50952115086787], "y": [177.34881618364426, 171.1388146125155, 173.62006612598577, 158.16437519231135], "z": [177.20053148787613, 177.375258777247, 176.46139775120702, 174.26956926498846], "x_average": 170.24400071517178, "y_average": 170.06801802861423, "z_average": 176.32668932032968, "xy_average": 170.156009371893, "average": 172.21290268803853}, "angle_MXM": {"x": [147.74073819166384, 139.75824651258552, 140.1212222410031, 145.05434270681502], "y": [142.14823667061452, 146.7704490356555, 146.7435895133181, 138.959053894349], "z": [], "x_average": 143.16863741301688, "y_average": 143.65533227848428, "z_average": NaN, "xy_average": 143.41198484575057, "average": 143.41198484575057}}