{"n_layer": 1, "d_interlayer": 4.477065465382765, "bond": {"x": [3.3101112800416224, 3.285371680054354, 3.3341118082095997, 3.190356960192061, 3.2838313161169035, 3.2499456390158468, 3.2807209410895046, 3.184516050936031], "y": [3.2707293282950594, 3.2023476798511727, 3.261354552258207, 3.2041008982224213, 3.2079983291469585, 3.2262011576938905, 3.184552862875933, 3.27892939823249], "z": [3.2256724987713077, 3.1498426951412553, 3.2337861496142026, 3.201410500282378, 3.2240050741590434, 3.2057579669472083, 3.2131544923455295, 3.2491500009507552], "x_average": 3.26487070945699, "y_average": 3.2295267758220163, "z_average": 3.21284742227646, "xy_average": 3.2471987426395037, "average": 3.235748302518489}, "angle_XMX": {"x": [169.48373158378934, 170.27231269902526, 166.21453461105048, 173.3696971450731], "y": [167.0048908533787, 160.74740168024272, 176.47738060151943, 162.0696186648923], "z": [165.80011374270327, 167.16557165065558, 175.42480238579202, 173.68152313754652], "x_average": 169.83506900973455, "y_average": 166.5748229500083, "z_average": 170.51800272917436, "xy_average": 168.2049459798714, "average": 168.97596489630573}, "angle_MXM": {"x": [137.57328025098107, 154.63427694520666, 155.88563567452226, 143.8645256471257], "y": [132.46086139734743, 159.1981623845832, 156.3599459124326, 135.60492185660078], "z": [], "x_average": 147.98942962945893, "y_average": 145.905972887741, "z_average": NaN, "xy_average": 146.94770125859998, "average": 146.94770125859998}}