{"n_layer": 1, "d_interlayer": 4.111750803972036, "bond": {"x": [3.137709294255257, 3.1513976165497457, 3.1853429808634193, 3.193738825302375, 3.1557725252968485, 3.167258449636701, 3.181170764313469, 3.217885843979436], "y": [3.147797428047149, 3.1516946797928513, 3.1437500556807367, 3.1601461707214087, 3.1754208613047132, 3.1950143705825194, 3.184519330824302, 3.2004021972780294], "z": [3.270430181312095, 3.2319671998761654, 3.240416774419614, 3.2139901809405225, 3.2322261027910884, 3.210556494197142, 3.2029842251679863, 3.1737950054425346], "x_average": 3.1737845375246563, "y_average": 3.1698431367789635, "z_average": 3.2220457705183936, "xy_average": 3.1718138371518103, "average": 3.1885578149406713}, "angle_XMX": {"x": [175.52567311423303, 174.4902322167442, 174.40898294139882, 173.354254881886], "y": [175.6106837252518, 173.72195110365038, 175.61936396170057, 172.68752329647464], "z": [179.28709227709913, 179.1413438024037, 179.18704485194422, 178.72088691568277], "x_average": 174.44478578856553, "y_average": 174.40988052176937, "z_average": 179.08409196178246, "xy_average": 174.42733315516745, "average": 175.9795860907058}, "angle_MXM": {"x": [150.1059892104736, 141.28048355340422, 144.04735586628675, 143.2182314657312], "y": [145.15337353810722, 149.492827513594, 144.774559338336, 141.14023945936611], "z": [], "x_average": 144.66301502397394, "y_average": 145.14024996235082, "z_average": NaN, "xy_average": 144.90163249316237, "average": 144.90163249316237}}