{"n_layer": 1, "d_interlayer": 4.484843701152869, "bond": {"x": [3.114743199064838, 3.5358664520253353, 3.2943069999287755, 3.212396080923942, 3.085838703055072, 3.5786802408901184, 3.2458176032528088, 3.184228741639997], "y": [3.5533244637611157, 3.115676045613703, 3.444149175237378, 3.092933673898096, 3.2316782835047326, 3.2224400498306967, 3.2004645494370667, 3.2374631379168717], "z": [3.1036801785590247, 3.3998424651659507, 3.2923190388164323, 3.1986875791050924, 3.2974565933561215, 3.170602033823773, 3.252201481745298, 3.2373463804109823], "x_average": 3.2814847525976107, "y_average": 3.2622661723999573, "z_average": 3.2440169688728346, "xy_average": 3.2718754624987842, "average": 3.2625892979568007}, "angle_XMX": {"x": [168.73632058138108, 171.52753484577076, 166.92497941007971, 177.22880133669688], "y": [162.24836565331307, 165.82530756957303, 172.57442657550385, 167.5994003537007], "z": [174.1793029962473, 171.4806899552292, 175.66442124457285, 173.62123196979022], "x_average": 171.1044090434821, "y_average": 167.06187503802266, "z_average": 173.7364115414599, "xy_average": 169.0831420407524, "average": 170.63423187432156}, "angle_MXM": {"x": [138.14267405606927, 152.6813329434944, 144.11660394083012, 146.81513741127452], "y": [133.529275324492, 146.9991302387705, 151.4840707133673, 142.84508094746596], "z": [], "x_average": 145.43893708791705, "y_average": 143.71438930602392, "z_average": NaN, "xy_average": 144.5766631969705, "average": 144.5766631969705}}