{"n_layer": 1, "d_interlayer": 3.932177771116363, "bond": {"x": [3.210877398598329, 3.165783456995141, 3.1675907330095776, 3.14024943033694, 3.18567924982412, 3.157191835956675, 3.153223277421083, 3.131906524696978], "y": [3.223982413353434, 3.1572335508382565, 3.201761585092325, 3.1402629195394485, 3.175346846601231, 3.1320568566991693, 3.166080845570671, 3.1295550467559923], "z": [3.1965107653960243, 3.2263148378806084, 3.217761387789942, 3.214969656469004, 3.214850054988948, 3.2174242653839564, 3.222563254967013, 3.2086465591411737], "x_average": 3.1640627383548554, "y_average": 3.165785008056316, "z_average": 3.2148800977520837, "xy_average": 3.164923873205586, "average": 3.181575948054418}, "angle_XMX": {"x": [174.84014633199408, 173.51020307008528, 175.3687320591231, 176.63171565997794], "y": [174.2603089102743, 176.67014893600782, 178.41820213238748, 176.373385144498], "z": [178.08854600527943, 177.43310137651255, 178.53355779100616, 178.2899968587822], "x_average": 175.0876992802951, "y_average": 176.4305112807919, "z_average": 178.0863005078951, "xy_average": 175.7591052805435, "average": 176.53483702299403}, "angle_MXM": {"x": [138.39721391700692, 151.5676603430632, 147.5334021108596, 141.74426786693692], "y": [147.07354925159575, 140.07248307122643, 144.64964488372237, 149.23399901797063], "z": [], "x_average": 144.81063605946667, "y_average": 145.2574190561288, "z_average": NaN, "xy_average": 145.03402755779774, "average": 145.03402755779774}}