{"n_layer": 1, "d_interlayer": 4.280466514127656, "bond": {"x": [3.1580473674090346, 3.2263150157204685, 3.1864829759475835, 3.2467752538245684, 3.165371853728673, 3.2098912748954316, 3.173665638389243, 3.268732427460777], "y": [3.1788315487971177, 3.198636306935039, 3.2204437214679857, 3.1515267455293223, 3.233393023444196, 3.1583760540189494, 3.177845764910418, 3.2064877122250173], "z": [3.188148491045871, 3.205407196373449, 3.2277944783553822, 3.207525247832129, 3.2270050184065644, 3.2287449385978038, 3.2436140931215185, 3.270549531874097], "x_average": 3.204410225921972, "y_average": 3.1906926096660055, "z_average": 3.224848624450852, "xy_average": 3.197551417793989, "average": 3.20665048667961}, "angle_XMX": {"x": [179.00251639972925, 178.79364086327135, 177.0369287663324, 178.916215643801], "y": [170.11704630725922, 170.83598017278658, 171.65602184924307, 170.2971556839263], "z": [177.4377996283492, 177.24737755552295, 177.4683351181111, 177.01502699207003], "x_average": 178.4373254182835, "y_average": 170.72655100330377, "z_average": 177.29213482351332, "xy_average": 174.58193821079362, "average": 175.4853370817002}, "angle_MXM": {"x": [147.48601509523994, 142.95279863314772, 145.71391390434482, 143.5827196414649], "y": [136.72718482338325, 150.64912645013163, 151.35641453160832, 135.084270092373], "z": [], "x_average": 144.93386181854936, "y_average": 143.45424897437405, "z_average": NaN, "xy_average": 144.1940553964617, "average": 144.1940553964617}}