{"n_layer": 1, "d_interlayer": 4.013957472676859, "bond": {"x": [3.1835838574385993, 3.180991499653424, 3.2093987536213326, 3.192279045143759, 3.198861125075993, 3.180887882056288, 3.2074068097857515, 3.222404915884551], "y": [3.1821707915341304, 3.1769931153204407, 3.1720822092720473, 3.1929068443957167, 3.1856065499813235, 3.1980602465296326, 3.2079730774018382, 3.201211077176003], "z": [3.2443001719957008, 3.241146644467177, 3.231452936590797, 3.2531520355996673, 3.237672716435189, 3.232792717777347, 3.19333352072202, 3.2433643770629854], "x_average": 3.1969767360824624, "y_average": 3.1896254889513918, "z_average": 3.23465189008136, "xy_average": 3.1933011125169273, "average": 3.207084705038405}, "angle_XMX": {"x": [175.1155022502227, 174.5546086525292, 175.9848903543403, 175.88921755417147], "y": [174.4033088406735, 173.53043065466733, 175.90322316499248, 174.78908060895813], "z": [177.6267064138216, 178.0597900390772, 178.2349135941771, 177.89780591928644], "x_average": 175.3860547028159, "y_average": 174.65651081732284, "z_average": 177.9548039915906, "xy_average": 175.02128276006937, "average": 175.99912317057644}, "angle_MXM": {"x": [146.9527255488828, 145.8306935866813, 147.30479882803706, 143.33077644168623], "y": [149.53730769968743, 143.36792174754683, 142.7009396002304, 146.04982320378932], "z": [], "x_average": 145.85474860132183, "y_average": 145.4139980628135, "z_average": NaN, "xy_average": 145.63437333206767, "average": 145.63437333206767}}