{"n_layer": 1, "d_interlayer": 4.109143959638119, "bond": {"x": [3.2329215068094306, 3.1863132831929897, 3.1681197740326654, 3.1448494314074344, 3.224436939133879, 3.1844950846362483, 3.1509009595199298, 3.132663948594816], "y": [3.181569659712051, 3.233404237368293, 3.1775724030700783, 3.245484078213354, 3.1553089653004243, 3.1628614922823988, 3.1572557998124684, 3.166769099565136], "z": [3.1820053557411234, 3.1830412534825347, 3.21131685665848, 3.2028570723248295, 3.204309062173751, 3.202071456114631, 3.220914103934884, 3.2226466794391384], "x_average": 3.178087615915924, "y_average": 3.1850282169155255, "z_average": 3.2036452299836715, "xy_average": 3.181557916415725, "average": 3.1889203542717066}, "angle_XMX": {"x": [175.61978618935944, 178.196272287018, 176.80176004474328, 176.3770983804591], "y": [176.88598585925703, 177.28879136469436, 174.19096569503816, 177.1733110871892], "z": [178.1337117992367, 178.69545476596358, 177.85050350448034, 177.92685735256316], "x_average": 176.74872922539492, "y_average": 176.38476350154468, "z_average": 178.15163185556094, "xy_average": 176.5667463634698, "average": 177.09504152750017}, "angle_MXM": {"x": [145.20923073974532, 146.3419953955776, 138.05295735165197, 149.84055538058894], "y": [145.99673180064715, 140.31292461398198, 145.23881761741924, 152.87952734629823], "z": [], "x_average": 144.86118471689096, "y_average": 146.10700034458665, "z_average": NaN, "xy_average": 145.4840925307388, "average": 145.4840925307388}}