{"n_layer": 1, "d_interlayer": 4.599280621926464, "bond": {"x": [3.448876906791764, 3.159630575722738, 3.193502838085352, 3.242634701606681, 3.41061434055805, 3.159492685874189, 3.161805239219537, 3.242230920108064], "y": [3.168557462634683, 3.3643184582048478, 3.168579640496879, 3.3621813013113777, 3.2121752915456825, 3.173845482651983, 3.220975891357957, 3.1767443195213425], "z": [3.2775666416811124, 3.2334613541200614, 3.2526826694219553, 3.226295208703732, 3.247697319846539, 3.226273573819052, 3.1816246612971666, 3.2616985889285113], "x_average": 3.2523485259957967, "y_average": 3.230922230965594, "z_average": 3.2384125022272663, "xy_average": 3.2416353784806953, "average": 3.240561086396219}, "angle_XMX": {"x": [170.71916754941634, 170.43915044118634, 168.7204320370732, 175.36588745396529], "y": [169.00119790419353, 163.95820333720098, 172.78279800140362, 163.82648283831438], "z": [175.9755607903832, 170.8978635845593, 174.44475245032365, 173.6973430549636], "x_average": 171.31115937041028, "y_average": 167.39217052027814, "z_average": 173.75387997005743, "xy_average": 169.3516649453442, "average": 170.81906995358193}, "angle_MXM": {"x": [147.9825145770031, 146.9512905034491, 138.2274610187211, 157.37543392599426], "y": [150.47119759981368, 135.31707967522362, 144.45030413607824, 156.91644911429862], "z": [], "x_average": 147.63417500629188, "y_average": 146.78875763135355, "z_average": NaN, "xy_average": 147.21146631882272, "average": 147.21146631882272}}