{"n_layer": 1, "d_interlayer": 3.949274202416455, "bond": {"x": [3.1869937841425355, 3.226540316967052, 3.16844467520362, 3.1821258872888603, 3.1646312993841743, 3.2164142537519917, 3.132101510039365, 3.139226885082497], "y": [3.2018950898756855, 3.2202128604247524, 3.1791482983429415, 3.1742414357486197, 3.1626774621245017, 3.1430399843905725, 3.164705879660441, 3.1440721198904775], "z": [3.2354211634675867, 3.2309945707196723, 3.228631829723361, 3.225081006824074, 3.2362246130077437, 3.247230806581025, 3.234060994381703, 3.2251472221351074], "x_average": 3.177059826482512, "y_average": 3.173749141307249, "z_average": 3.232849025855034, "xy_average": 3.1754044838948805, "average": 3.194552664548265}, "angle_XMX": {"x": [178.94123736111453, 175.62520986284147, 177.76972668063044, 175.12171928609982], "y": [175.7541652697089, 175.6811058064459, 175.2554939317329, 174.10573496347354], "z": [177.98527100305483, 177.92248788804898, 177.35923474449478, 177.11759428285345], "x_average": 176.86447329767157, "y_average": 175.1991249928403, "z_average": 177.59614697961302, "xy_average": 176.03179914525595, "average": 176.55324842337495}, "angle_MXM": {"x": [147.12556861451063, 150.94503002303364, 146.34938395687863, 154.07091334041743], "y": [142.57634471098766, 149.22787445785846, 153.07899967965562, 148.8030666254671], "z": [], "x_average": 149.62272398371007, "y_average": 148.4215713684922, "z_average": NaN, "xy_average": 149.02214767610116, "average": 149.02214767610116}}