{"n_layer": 1, "d_interlayer": 4.683144279298328, "bond": {"x": [3.2221881065600835, 3.258667453223724, 3.472035717069861, 3.1402861128779236, 3.2480281350417353, 3.2974942908001483, 3.4999037238054567, 3.162848610493333], "y": [3.2456449810783794, 3.2031340987296586, 3.235453713380762, 3.2143437222600353, 3.157539036896556, 3.3555743142282854, 3.1742098644520667, 3.3956840403595687], "z": [3.2701242942118642, 3.2129290297552204, 3.235669718075266, 3.1909248181068213, 3.236765139074878, 3.188610524343607, 3.1614608755386073, 3.1958734726639175], "x_average": 3.287681518734033, "y_average": 3.2476979714231637, "z_average": 3.2115447339712726, "xy_average": 3.267689745078598, "average": 3.248974741376157}, "angle_XMX": {"x": [176.62842476166938, 168.47331220320035, 170.82707284901892, 170.1872143259744], "y": [165.8401718139412, 174.78592482571756, 165.52244641750298, 166.46565101217598], "z": [173.60944118250887, 176.80679870987427, 169.28383663697318, 174.77151185234518], "x_average": 171.52900603496576, "y_average": 168.15354851733443, "z_average": 173.61789709542538, "xy_average": 169.8412772761501, "average": 171.10015054924187}, "angle_MXM": {"x": [153.9122543292188, 139.90017401909856, 145.7354467261869, 147.99413848981024], "y": [152.84639343988448, 139.53342880035052, 134.81991781536632, 149.3498763006924], "z": [], "x_average": 146.8855033910786, "y_average": 144.1374040890734, "z_average": NaN, "xy_average": 145.511453740076, "average": 145.511453740076}}