{"n_layer": 1, "d_interlayer": 4.085204975411665, "bond": {"x": [3.1390077155159393, 3.2751197441226645, 3.1595727992450517, 3.2192729435351963, 3.1535318861508346, 3.258281754794618, 3.176156038570142, 3.215373826015849], "y": [3.216025057601244, 3.207226039235047, 3.2065006049173714, 3.1971725273217078, 3.229942623185453, 3.1559827656443726, 3.204094170538659, 3.1285694312538768], "z": [3.1577174288919516, 3.408193605258458, 3.2237686625204, 3.235433668714858, 3.228021192826251, 3.2452464339027576, 3.266171907443843, 3.130802090049894], "x_average": 3.1995395884937867, "y_average": 3.1931891524622165, "z_average": 3.2369193737010518, "xy_average": 3.196364370478002, "average": 3.209882704885685}, "angle_XMX": {"x": [165.07074224760314, 172.26459636916667, 167.9011050983237, 163.006230786738], "y": [161.62175593112065, 169.00732388111587, 155.6014158392492, 175.63290273824398], "z": [169.93526035937117, 169.7724931266876, 171.81806458823343, 177.1420450112951], "x_average": 167.06066862545788, "y_average": 165.46584959743242, "z_average": 172.16696577139683, "xy_average": 166.26325911144517, "average": 168.23116133142904}, "angle_MXM": {"x": [133.157879261993, 156.26541303905015, 156.66211004454274, 135.72310314453617], "y": [129.69666598299202, 157.39525673665304, 162.16103451677145, 133.812246489406], "z": [], "x_average": 145.4521263725305, "y_average": 145.76630093145562, "z_average": NaN, "xy_average": 145.60921365199306, "average": 145.60921365199306}}