{"n_layer": 1, "d_interlayer": 11.363185628510529, "bond": {"x": [3.163943258412805, 3.135738566308071, 3.218114968611459, 3.0988564488393235, 3.194011787706398, 3.092260436192809, 3.157926591587947, 3.154226096766723], "y": [3.072961883415872, 3.2150948997510858, 3.1230560130771075, 3.196346790529419, 3.1460105181213054, 3.162335354544051, 3.1171701521604893, 3.2142587212663427], "z": [3.1804398106135623, 3.17857655598754, 3.224297181839473, 3.1565332048229435, 3.265049987436578, 3.1267992040117485, 3.1108879367649744, 3.2945658385721717], "x_average": 3.1518847693031917, "y_average": 3.155904291608209, "z_average": 3.192143715006124, "xy_average": 3.153894530455701, "average": 3.166644258639175}, "angle_XMX": {"x": [164.48405939367439, 169.76075130932026, 166.6659565365517, 164.28765198778507], "y": [171.22876386600055, 161.42383424890005, 166.89568818078192, 166.4883092701009], "z": [174.5425131405567, 174.6860467781933, 171.37766763883283, 172.4099992107241], "x_average": 166.29960480683286, "y_average": 166.50914889144585, "z_average": 173.25405669207672, "xy_average": 166.40437684913934, "average": 168.68760346345184}, "angle_MXM": {"x": [176.12835110907545, 155.92781258592495, 155.0720935610241, 165.12627232902275], "y": [173.73668780228422, 158.85212232212493, 155.87250629730616, 171.24186079764152], "z": [], "x_average": 163.06363239626182, "y_average": 164.9257943048392, "z_average": NaN, "xy_average": 163.9947133505505, "average": 163.9947133505505}}