{"n_layer": 1, "d_interlayer": 11.530082029439956, "bond": {"x": [3.143778839164478, 3.1891453848238633, 3.1955399772625612, 3.180906316015902, 3.1527109068219525, 3.2301780826246693, 3.1579326562938212, 3.185434308275544], "y": [3.2097421049375274, 3.192023068950258, 3.2069306859702045, 3.137205266612683, 3.1520059147467685, 3.158223187560017, 3.192623930117494, 3.1487973616401406], "z": [3.2899727314929015, 3.099503003983572, 3.1779708483181324, 3.185893962580603, 3.181121265563692, 3.192596066077315, 3.1042057426957963, 3.2625616565021147], "x_average": 3.179453308910349, "y_average": 3.174693940066886, "z_average": 3.186728159651766, "xy_average": 3.1770736244886177, "average": 3.1802918028763343}, "angle_XMX": {"x": [177.62317175354258, 175.882313895854, 171.24769178936802, 175.0734444239386], "y": [170.26588080773888, 174.1940755593396, 173.92778301569842, 173.16762689369617], "z": [176.99373372906757, 173.72946054315062, 173.59275963421067, 178.13625647341192], "x_average": 174.9566554656758, "y_average": 172.88884156911826, "z_average": 175.61305259496018, "xy_average": 173.92274851739703, "average": 174.48618320991807}, "angle_MXM": {"x": [155.71664020302546, 151.01437338548266, 149.29967998782305, 152.55179560305822], "y": [153.39400018144968, 147.34378298096112, 156.43193933974618, 150.11857315585937], "z": [], "x_average": 152.14562229484733, "y_average": 151.82207391450407, "z_average": NaN, "xy_average": 151.9838481046757, "average": 151.9838481046757}}