{"n_layer": 1, "d_interlayer": 11.70484873973088, "bond": {"x": [3.108810927385185, 3.139411713168871, 3.1138323696345744, 3.152184804959778, 3.1127872584091363, 3.1364065809684014, 3.124217151920215, 3.140279679500652], "y": [3.1480805558154015, 3.1031648392000957, 3.168789741671864, 3.109821732726377, 3.1569756583557, 3.113579840206311, 3.1605689444047105, 3.1275809574334503], "z": [3.1415867799740105, 3.2534573175261916, 3.1992492127826364, 3.1890538354936715, 3.182810498517293, 3.204250672702651, 3.244055756223963, 3.1553055201336138], "x_average": 3.1284913107433514, "y_average": 3.1360702837267387, "z_average": 3.196221199169254, "xy_average": 3.132280797235045, "average": 3.1535942645464474}, "angle_XMX": {"x": [172.16135683404914, 171.4789504902578, 172.68847673399682, 171.12750584594988], "y": [174.6266421476539, 174.12242708807747, 173.17517292032616, 173.71635308832035], "z": [174.10830708968797, 175.24738551805746, 175.61183270317363, 176.5102684028092], "x_average": 171.86407247606343, "y_average": 173.91014881109447, "z_average": 175.36944842843207, "xy_average": 172.88711064357895, "average": 173.7145565718633}, "angle_MXM": {"x": [157.3903890056818, 163.65793677824126, 171.51105185135305, 159.1875811786665], "y": [160.95911071651787, 171.6519027107426, 167.30443028804274, 160.99769470419457], "z": [], "x_average": 162.93673970348567, "y_average": 165.22828460487443, "z_average": NaN, "xy_average": 164.08251215418005, "average": 164.08251215418005}}