{"n_layer": 1, "d_interlayer": 12.369149544966053, "bond": {"x": [3.124859792574392, 3.194213643580477, 3.1424865755454614, 3.1644099941041155, 3.1378952945204435, 3.1802920860612636, 3.1478649318352594, 3.168671900792058], "y": [3.1765492956948833, 3.1470505895703513, 3.1904147982406337, 3.14036689979431, 3.187285726456444, 3.1318117089803015, 3.173869868748691, 3.140417948238116], "z": [3.114489259122693, 3.3216884135258464, 3.2398408672612233, 3.136787450522093, 3.249296172554548, 3.131009467557418, 3.1463624162093025, 3.2087324353030877], "x_average": 3.157586777376684, "y_average": 3.160970854465466, "z_average": 3.1935258102570265, "xy_average": 3.159278815921075, "average": 3.170694480699726}, "angle_XMX": {"x": [170.54332919040257, 174.25134231521335, 172.35879943570578, 169.48306509472727], "y": [172.6796293513796, 170.46177386595133, 171.49274328509577, 171.31344788911713], "z": [177.46499387612127, 177.45160450501334, 174.25038309006044, 175.0782729121936], "x_average": 171.65913400901226, "y_average": 171.48689859788595, "z_average": 176.06131359584714, "xy_average": 171.5730163034491, "average": 173.06911540091514}, "angle_MXM": {"x": [149.5336129264727, 164.9536693083352, 165.7015644228649, 151.58672110616638], "y": [149.8258034075646, 165.1068538048562, 165.63150473526338, 151.67476300820846], "z": [], "x_average": 157.9438919409598, "y_average": 158.05973123897314, "z_average": NaN, "xy_average": 158.00181158996648, "average": 158.00181158996648}}