{"n_layer": 1, "d_interlayer": 11.513415640273962, "bond": {"x": [3.105878493871275, 3.171516183009427, 3.078621253634682, 3.2278670767317865, 3.1367684575794135, 3.1846525702473696, 3.0959609250966746, 3.1741594945316827], "y": [3.161952806030808, 3.078825912102271, 3.1477168022150583, 3.1023657984148856, 3.210069411662161, 3.10105060109084, 3.2610944158044153, 3.1439135542356658], "z": [3.2610912212165246, 3.1224053300740926, 3.199412499766688, 3.204347557538975, 3.1978556796988733, 3.185582049083418, 3.1272479542655183, 3.3011415055618647], "x_average": 3.1469280568377886, "y_average": 3.1508736626945133, "z_average": 3.199885474650744, "xy_average": 3.148900859766151, "average": 3.1658957313943485}, "angle_XMX": {"x": [170.61755034719795, 163.6358374636144, 171.90191447516992, 171.2983623375707], "y": [175.83745687232533, 168.90890879525293, 179.54972773162166, 166.99530580679206], "z": [179.01184543660474, 174.6123893630807, 174.39332339274173, 175.98666756746877], "x_average": 169.36341615588825, "y_average": 172.822849801498, "z_average": 176.00105643997398, "xy_average": 171.09313297869312, "average": 172.7291074657867}, "angle_MXM": {"x": [158.80140419657317, 153.75537701195145, 153.50910595122193, 162.5708974257514], "y": [159.2132149852805, 164.65474204074195, 148.24888644735844, 157.42554852207127], "z": [], "x_average": 157.15919614637448, "y_average": 157.38559799886303, "z_average": NaN, "xy_average": 157.27239707261876, "average": 157.27239707261876}}