{"n_layer": 1, "d_interlayer": 11.689854671321129, "bond": {"x": [3.134101474291891, 3.1379812791853054, 3.141304281536478, 3.1258611952878352, 3.1446506355082993, 3.1330305541969437, 3.133905689942395, 3.142491072529254], "y": [3.129850577974376, 3.139941580946417, 3.1424759820395454, 3.1326800355231477, 3.1367916287441604, 3.131056315873118, 3.1314828522129914, 3.143038513296296], "z": [3.2332079476123647, 3.1417852496068432, 3.1842235523598665, 3.202176985810614, 3.186525130700278, 3.193321608441721, 3.164507518734469, 3.229318974642593], "x_average": 3.1366657728098, "y_average": 3.1359146858262568, "z_average": 3.191883370988594, "xy_average": 3.1362902293180284, "average": 3.15482127654155}, "angle_XMX": {"x": [177.66372464765664, 177.70566188112113, 178.6000031853668, 178.42732895870694], "y": [177.97573911871046, 178.11980473533902, 177.90272283918242, 177.98654269441639], "z": [176.63267620060358, 177.56345736775114, 177.81459364779636, 179.86096892560664], "x_average": 178.0991796682129, "y_average": 177.99620234691207, "z_average": 177.9679240354394, "xy_average": 178.0476910075625, "average": 178.0211020168548}, "angle_MXM": {"x": [164.06968535135383, 163.97324878119437, 162.88945037102724, 163.79196472806177], "y": [163.43447943817714, 163.82408263802142, 163.43743363863626, 164.1743656375477], "z": [], "x_average": 163.6810873079093, "y_average": 163.71759033809565, "z_average": NaN, "xy_average": 163.69933882300248, "average": 163.69933882300248}}