{"n_layer": 1, "d_interlayer": 11.332428518882486, "bond": {"x": [3.1343405221598553, 3.216118098553768, 3.1124037988229944, 3.2658629238468277, 3.138802639350631, 3.2539292984029884, 3.1149873231757983, 3.1893890798317592], "y": [3.1565353026923337, 3.074445060645079, 3.125501499803529, 3.1013857512875234, 3.2168913077729013, 3.115574491166437, 3.2789771991814387, 3.155885974758775], "z": [3.119219039745126, 3.272492532766177, 3.2117719276264034, 3.1938889144976113, 3.1748170428885722, 3.1993348641595665, 3.269221199496597, 3.1248810952720305], "x_average": 3.1782292105180776, "y_average": 3.1531495734135024, "z_average": 3.1957033270565107, "xy_average": 3.16568939196579, "average": 3.17569403699603}, "angle_XMX": {"x": [174.83296727031055, 169.0683108898417, 174.5989891678761, 174.77982996246857], "y": [170.8845961651785, 162.2285681470941, 176.29858657284214, 164.98455579040788], "z": [175.80393288230067, 172.935827376954, 174.877725877201, 179.66531217008358], "x_average": 173.32002432262425, "y_average": 168.59907666888066, "z_average": 175.8206995766348, "xy_average": 170.95955049575247, "average": 172.57993352271328}, "angle_MXM": {"x": [157.86031629933487, 153.57582623160155, 147.97058411057498, 159.29396871726888], "y": [161.5983128897777, 159.01363379137865, 144.77618542372701, 154.2140107022627], "z": [], "x_average": 154.67517383969508, "y_average": 154.90053570178654, "z_average": NaN, "xy_average": 154.7878547707408, "average": 154.7878547707408}}