{"n_layer": 1, "d_interlayer": 11.40055184468978, "bond": {"x": [3.2535877802391338, 3.129361990354921, 3.1935496094341946, 3.1965107805221846, 3.19366011136647, 3.1964915673932452, 3.25358596980658, 3.129363777964369], "y": [3.196478583033758, 3.193526216800823, 3.1294524307139424, 3.253566733860448, 3.1293901852411996, 3.2535486641574423, 3.196282609712978, 3.1935300027563307], "z": [3.171425613805105, 3.1956879911152996, 3.195473436199849, 3.1715034955475554, 3.19555058587982, 3.171424293213018, 3.171604866367361, 3.195455014134091], "x_average": 3.1932639483851375, "y_average": 3.193221928284615, "z_average": 3.1835156620327627, "xy_average": 3.193242938334876, "average": 3.190000512900839}, "angle_XMX": {"x": [174.2124564035086, 172.743093752945, 172.75698480728508, 174.20515449275246], "y": [172.74690445548484, 174.17825163322647, 174.19789472661006, 172.75286340586175], "z": [176.84886149688438, 176.8594044015245, 176.870993485934, 176.84348876875865], "x_average": 173.4794223641228, "y_average": 173.4689785552958, "z_average": 176.8556870382754, "xy_average": 173.47420045970927, "average": 174.60136265256463}, "angle_MXM": {"x": [146.15743897089857, 156.74064850848845, 156.73027078339877, 146.157315505049], "y": [146.12069040964124, 156.74676290995205, 156.7371207935599, 146.14279188763282], "z": [], "x_average": 151.4464184419587, "y_average": 151.43684150019652, "z_average": NaN, "xy_average": 151.44162997107762, "average": 151.44162997107762}}