{"n_layer": 1, "d_interlayer": 11.604773818283457, "bond": {"x": [3.139913051132421, 3.1386053889744514, 3.1358903522907418, 3.1428440515282134, 3.122980850651974, 3.145035971431059, 3.1413769630470703, 3.1322001994696533], "y": [3.1461670091801364, 3.13827632571385, 3.132922257954885, 3.1432557582695635, 3.138823272681404, 3.142827592028236, 3.1461137811806976, 3.130700067643914], "z": [3.162875264131043, 3.2388665495029865, 3.194044807722074, 3.1928006970170832, 3.1887544728929553, 3.204996837575793, 3.2353768152474625, 3.1450368211089823], "x_average": 3.137355853565698, "y_average": 3.1398857580815855, "z_average": 3.195344033149797, "xy_average": 3.138620805823642, "average": 3.157528548265694}, "angle_XMX": {"x": [176.8696913528856, 179.51315807930067, 178.9704043498089, 176.9577318718912], "y": [176.51830652040965, 179.13002377088233, 179.5577870880347, 177.33217934398186], "z": [179.33971954638207, 177.37867415189424, 177.45085584850878, 176.25894070073062], "x_average": 178.07774641347157, "y_average": 178.13457418082714, "z_average": 177.60704756187891, "xy_average": 178.10616029714936, "average": 177.93978938539257}, "angle_MXM": {"x": [161.93576327066475, 161.91831034881983, 161.58209557083288, 160.8238993697393], "y": [161.29604006455136, 162.21183521450254, 161.54361961913506, 162.07847725133433], "z": [], "x_average": 161.56501714001416, "y_average": 161.78249303738082, "z_average": NaN, "xy_average": 161.6737550886975, "average": 161.6737550886975}}