{"n_layer": 1, "d_interlayer": 11.789890872438699, "bond": {"x": [3.1377323048598402, 3.137470359779146, 3.121118114687622, 3.142819307095756, 3.141888793396925, 3.1471108265084133, 3.130113986812818, 3.14342297394551], "y": [3.1451011364166126, 3.128615166973925, 3.1500488753617466, 3.1284727104218275, 3.135515340939919, 3.132086453641318, 3.149357025052768, 3.1281440111332546], "z": [3.25771279304721, 3.133607095310986, 3.179904991466661, 3.201563325876554, 3.1812165583598886, 3.1974189944733813, 3.1427693824789054, 3.2347186173575855], "x_average": 3.137709583385754, "y_average": 3.1371675899926714, "z_average": 3.1911139697963966, "xy_average": 3.1374385866892127, "average": 3.155330381058274}, "angle_XMX": {"x": [175.28988263672196, 176.0509645572633, 175.43990081341857, 177.26278959795152], "y": [176.69527294960673, 177.51809332127416, 172.51086002050218, 176.83038124585983], "z": [178.2584389948433, 177.40939613099508, 178.45450589810923, 178.23362344544407], "x_average": 176.01088440133884, "y_average": 175.88865188431072, "z_average": 178.08899111734792, "xy_average": 175.94976814282478, "average": 176.66284246766585}, "angle_MXM": {"x": [160.40116154311352, 166.73597299221598, 167.69787054415488, 164.49308303780006], "y": [164.11249833765717, 164.60693396708803, 169.20705181979233, 161.81022908956191], "z": [], "x_average": 164.8320220293211, "y_average": 164.93417830352485, "z_average": NaN, "xy_average": 164.883100166423, "average": 164.883100166423}}