{"n_layer": 1, "d_interlayer": 14.79192639735278, "bond": {"x": [3.1523622078548197, 3.2826936815851244, 3.1653926382241244, 3.1828728588780226, 3.1714249287473204, 3.1982516076336944, 3.1103467424268936, 3.1941483986710733], "y": [3.2052331085645887, 3.208230931053123, 3.236708447088303, 3.1343777320262634, 3.1989145038599305, 3.14532069643705, 3.1422339699515276, 3.154693416032814], "z": [3.1771017997328244, 3.3027513564682165, 3.328752804468693, 3.2225911468149437, 3.3239047907564667, 3.2185816808093803, 3.2530048214122558, 3.314641590466023], "x_average": 3.182186633002634, "y_average": 3.1782141006267, "z_average": 3.2676662488661004, "xy_average": 3.1802003668146672, "average": 3.2093556608318115}, "angle_XMX": {"x": [174.46469814135787, 175.6099890754755, 175.62152471813783, 176.23827562039915], "y": [172.23893473656182, 174.50879333153293, 171.3905804015138, 172.7050719056113], "z": [177.22747623356426, 175.80501614461855, 176.42486349480515, 176.62788328479866], "x_average": 175.48362188884258, "y_average": 172.71084509380495, "z_average": 176.52130978944666, "xy_average": 174.09723349132378, "average": 174.9052589240314}, "angle_MXM": {"x": [139.98206460102344, 150.76268255671155, 149.43285179197372, 147.35963585224152], "y": [137.89587906980813, 150.63623366764364, 156.29343673300383, 141.32457691165135], "z": [], "x_average": 146.88430870048757, "y_average": 146.53753159552673, "z_average": NaN, "xy_average": 146.71092014800715, "average": 146.71092014800715}}