{"n_layer": 1, "d_interlayer": 11.533246151637977, "bond": {"x": [3.107679925325812, 3.2028045206478586, 3.12429028962579, 3.1885200315773377, 3.083530484638922, 3.1811847085366827, 3.1221362961456585, 3.1574206791826223], "y": [3.190785204464252, 3.1106408399360546, 3.1692625159419263, 3.1206309350340344, 3.2047718496664497, 3.112955263533048, 3.198476334665882, 3.1041422633529177], "z": [3.189633946863615, 3.1943827162575054, 3.1410045267940108, 3.240200595446015, 3.1414374606086, 3.245549925786787, 3.298267796035705, 3.1031885574844145], "x_average": 3.1459458669600853, "y_average": 3.151458150824321, "z_average": 3.194208190659581, "xy_average": 3.1487020088922026, "average": 3.1638707361479956}, "angle_XMX": {"x": [165.99934550751146, 169.5156023424019, 170.22526681638408, 166.65308537790068], "y": [170.4793770785361, 163.9124347946311, 171.14080423879554, 168.25649090640925], "z": [176.1736434893326, 177.10030084817743, 176.20577008056415, 176.2384632913843], "x_average": 168.09832501104952, "y_average": 168.447276754593, "z_average": 176.4295444273646, "xy_average": 168.27280088282126, "average": 170.99171539766905}, "angle_MXM": {"x": [154.38910193194113, 172.61174877541072, 175.23098276421445, 153.4172687719074], "y": [155.76713698235227, 174.81778333992523, 170.1514139840641, 154.12814061858174], "z": [], "x_average": 163.9122755608684, "y_average": 163.71611873123084, "z_average": NaN, "xy_average": 163.81419714604962, "average": 163.81419714604962}}