{"n_layer": 1, "d_interlayer": 9.60917967234966, "bond": {"x": [3.215280988382636, 3.168708167815592, 3.2092482109336116, 3.1256273686060183, 3.197235881503563, 3.1220872289427906, 3.17616753912313, 3.1151403958848545], "y": [3.140805106283046, 3.208835990558431, 3.1151265212981425, 3.2158806433339713, 3.124783021154569, 3.1660022560571255, 3.135941051178029, 3.1080429490720713], "z": [3.2387346019699996, 3.2573822038118623, 3.2425451403583323, 3.2704183282932373, 3.219185619031483, 3.3757464245755884, 3.2801619155037423, 3.2294807662897456], "x_average": 3.166186972649024, "y_average": 3.151927192366923, "z_average": 3.2642068749792488, "xy_average": 3.1590570825079736, "average": 3.1941070133317324}, "angle_XMX": {"x": [171.1692635993935, 174.81681336366375, 167.0997107512321, 173.05277311687547], "y": [169.39955424477768, 163.6531504762113, 167.7486982486239, 166.22855972071505], "z": [173.8111102175683, 169.02201910282318, 170.5711256123498, 175.84275881109576], "x_average": 171.5346402077912, "y_average": 166.75749067258198, "z_average": 172.31175343595928, "xy_average": 169.1460654401866, "average": 170.2012947721108}, "angle_MXM": {"x": [168.20343039636577, 158.61488868682147, 147.06165047492823, 160.6132752172313], "y": [169.99700569199518, 143.15715424113844, 152.41954391858812, 170.25473939646733], "z": [], "x_average": 158.62331119383668, "y_average": 158.9571108120473, "z_average": NaN, "xy_average": 158.790211002942, "average": 158.790211002942}}