{"n_layer": 1, "d_interlayer": 13.935740184778428, "bond": {"x": [3.1413884024889134, 3.142535845517762, 3.143459047258141, 3.1443650031903356, 3.154428508320726, 3.155530308363086, 3.1574258149945496, 3.157809461706721], "y": [3.1411990281852487, 3.14271033193827, 3.1541441517577904, 3.1563639654484374, 3.142066115254938, 3.14531999247843, 3.156892715703736, 3.158611179730324], "z": [3.128250762544675, 3.2586072334899168, 3.235779702296092, 3.1776116912721677, 3.235917516897144, 3.1775499852676776, 3.2574459022832225, 3.1871129216770986], "x_average": 3.1496177989800294, "y_average": 3.1496634350621466, "z_average": 3.207284464465999, "xy_average": 3.1496406170210878, "average": 3.1688552328360586}, "angle_XMX": {"x": [179.15775167528244, 177.8326953952262, 178.1733917006176, 179.1623245698961], "y": [179.26321302002572, 178.22820555698067, 177.82772563896316, 179.27773858925565], "z": [179.6466222834123, 179.8412412219383, 179.82027827609383, 179.8014804329734], "x_average": 178.5815408352556, "y_average": 178.64922070130632, "z_average": 179.77740555360447, "xy_average": 178.61538076828094, "average": 179.00272236338878}, "angle_MXM": {"x": [155.05203055426895, 154.01160376136818, 154.3887761571508, 154.7642641558334], "y": [154.75984314150412, 154.64601646916813, 154.3454576549878, 154.45179474138095], "z": [], "x_average": 154.55416865715534, "y_average": 154.55077800176025, "z_average": NaN, "xy_average": 154.5524733294578, "average": 154.5524733294578}}