{"n_layer": 1, "d_interlayer": 12.81588651639463, "bond": {"x": [3.291004920049127, 3.2288859273238972, 3.241943593862491, 3.2652284331091184, 3.2100556869387495, 3.21016384216307, 3.2191457293440933, 3.222176855296272], "y": [3.259933316994113, 3.248267153858114, 3.1928600206055937, 3.220046939823726, 3.2257886613244815, 3.271613785481166, 3.2111853785914763, 3.216136621860854], "z": [3.190980909113579, 3.211199005068774, 3.25453075587768, 3.132609723900618, 3.2465455530469556, 3.135536990868915, 3.0938923023968354, 3.2605891299817933], "x_average": 3.2360756235108523, "y_average": 3.2307289848174405, "z_average": 3.1907355462818936, "xy_average": 3.233402304164146, "average": 3.2191800515367284}, "angle_XMX": {"x": [178.50093313066753, 175.2262272891406, 176.24115169096885, 173.47860870010302], "y": [176.48265596589775, 175.76101292209026, 174.53140134159966, 173.97558715822223], "z": [176.66900166921295, 176.18495278285988, 177.43975235908732, 175.14561347250063], "x_average": 175.86173020272, "y_average": 175.18766434695246, "z_average": 176.35983007091517, "xy_average": 175.52469727483623, "average": 175.80307487352923}, "angle_MXM": {"x": [150.06074655992455, 148.75062125144012, 148.059339264493, 149.76979948261882], "y": [149.66268352535246, 147.74734900074128, 148.70618285343835, 149.28015857304334], "z": [], "x_average": 149.16012663961914, "y_average": 148.84909348814386, "z_average": NaN, "xy_average": 149.0046100638815, "average": 149.0046100638815}}