{"n_layer": 1, "d_interlayer": 12.032101166988298, "bond": {"x": [3.221850894815582, 3.058833431751614, 3.289444882252517, 3.1338644984782085, 3.216234711302394, 3.138379666770312, 3.3310680531815837, 3.145698102813466], "y": [3.1443888941007168, 3.1933140505682656, 3.0770802120971927, 3.184877103655705, 3.0994249205618822, 3.1377164833468663, 3.119578704167146, 3.1234914081745586], "z": [3.1831518771503053, 3.2423178850175223, 3.299030016767566, 3.176348630515971, 3.2856118680335276, 3.1536070896193418, 3.188331846674748, 3.300901419568294], "x_average": 3.191921780170709, "y_average": 3.134983972084042, "z_average": 3.228662579168409, "xy_average": 3.1634528761273755, "average": 3.18518944380772}, "angle_XMX": {"x": [175.78626917511272, 166.4866666927993, 165.36084205686387, 164.95306362436406], "y": [160.78393595729807, 170.50729268015775, 159.49932843778183, 157.11222362785196], "z": [177.67307076631644, 178.41430321886665, 171.78764210732803, 176.7810779361677], "x_average": 168.146710387285, "y_average": 161.9756951757724, "z_average": 176.1640235071697, "xy_average": 165.0612027815287, "average": 168.76214302340904}, "angle_MXM": {"x": [146.961020953453, 161.7591373806969, 165.1544997449662, 134.15072464528185], "y": [139.72528328768934, 165.61817613576494, 167.36923668040242, 144.45391983517405], "z": [], "x_average": 152.0063456810995, "y_average": 154.2916539847577, "z_average": NaN, "xy_average": 153.1489998329286, "average": 153.1489998329286}}