{"n_layer": 1, "d_interlayer": 13.111192292346605, "bond": {"x": [3.1501176555255572, 3.2433309161373822, 3.276793994534829, 3.1143001341809877, 3.232943055074683, 3.1770294335085474, 3.261633436926542, 3.1776818541665115], "y": [3.1371190711883945, 3.235161963391668, 3.1886247827739385, 3.2329944975795244, 3.194965819980699, 3.1935859263682858, 3.1661709523523314, 3.25542187860024], "z": [3.259358780972847, 3.113623449150575, 3.1756152935906825, 3.2481605662621176, 3.158696442516916, 3.2530302934095614, 3.2110955165543347, 3.209835618379077], "x_average": 3.20422881000688, "y_average": 3.200505611529385, "z_average": 3.203676995104514, "xy_average": 3.2023672107681325, "average": 3.2028038055469263}, "angle_XMX": {"x": [167.0713966230785, 171.04188035193872, 174.2812856246763, 166.50642995370885], "y": [171.30159284150616, 166.3779752687857, 165.03192355558622, 170.4649200081489], "z": [173.35788934445858, 170.5082170701717, 176.99770598648837, 175.288300098327], "x_average": 169.7252481383506, "y_average": 168.29410291850672, "z_average": 174.0380281248614, "xy_average": 169.00967552842866, "average": 170.6857930605729}, "angle_MXM": {"x": [160.51355228120642, 141.32080241877242, 144.76651537511435, 163.17516726233416], "y": [161.72546738500625, 142.62953157673937, 140.12667565692357, 163.75074611946414], "z": [], "x_average": 152.44400933435682, "y_average": 152.05810518453333, "z_average": NaN, "xy_average": 152.25105725944508, "average": 152.25105725944508}}