{"n_layer": 1, "d_interlayer": 11.89940387284452, "bond": {"x": [3.3689321899248674, 3.1481877197871064, 3.2112138371148085, 3.233651956379468, 3.2418894333544146, 3.1370131550246305, 3.170526446676272, 3.2134131556226895], "y": [3.318359343827163, 3.1814451823030514, 3.244856919061636, 3.168201168906046, 3.202515826355609, 3.2440389590068732, 3.1837119446594193, 3.175873897344489], "z": [3.257914425599825, 3.194092994636562, 3.1871460604457225, 3.290212537573433, 3.253088645629678, 3.250954974983643, 3.281809897406847, 3.167072260951148], "x_average": 3.2156034867355325, "y_average": 3.2148754051830357, "z_average": 3.2352864746533574, "xy_average": 3.215239445959284, "average": 3.2219217888573084}, "angle_XMX": {"x": [177.65222353726173, 176.16881934927292, 175.918907584583, 173.95698764157248], "y": [171.15625834678968, 166.4996720832427, 174.65701002264296, 170.42558003589824], "z": [173.93170886384308, 172.85807007669194, 163.877787224986, 172.46498550152384], "x_average": 175.92423452817255, "y_average": 170.6846301221434, "z_average": 170.78313791676123, "xy_average": 173.30443232515796, "average": 172.46400085569238}, "angle_MXM": {"x": [152.51862963292396, 151.84331898717681, 146.91661544986724, 152.45839080905532], "y": [160.88725544725406, 138.87385104157084, 145.7003066499312, 158.7576239854163], "z": [], "x_average": 150.93423871975583, "y_average": 151.05475928104312, "z_average": NaN, "xy_average": 150.99449900039946, "average": 150.99449900039946}}