{"n_layer": 1, "d_interlayer": 11.928842490734162, "bond": {"x": [3.164614191746654, 3.3441079374404254, 3.244923625487951, 3.1986702292277136, 3.1563125100309968, 3.2361730664572637, 3.2184339731844593, 3.16921044624638], "y": [3.1746578255072757, 3.3190474464398756, 3.1766197398395746, 3.233866127196928, 3.258526027706687, 3.1850978351564994, 3.1914942581030568, 3.1805987956589585], "z": [3.1857246398986803, 3.274786094365848, 3.306438370796113, 3.1632123023064302, 3.276143903033599, 3.2208639638784358, 3.1489961651816363, 3.3102269841080374], "x_average": 3.216555747477731, "y_average": 3.214988506951107, "z_average": 3.2357990529460974, "xy_average": 3.215772127214419, "average": 3.222447769124978}, "angle_XMX": {"x": [176.21447118649075, 178.5092423269334, 173.8448133150553, 175.17219775600245], "y": [174.49868739138188, 168.99676173453645, 175.69921228214167, 171.6476596895241], "z": [175.26119226432513, 174.5906335281443, 166.962106515838, 172.59063543638973], "x_average": 175.93518114612047, "y_average": 172.71058027439602, "z_average": 172.35114193617426, "xy_average": 174.32288071025823, "average": 173.66563445223025}, "angle_MXM": {"x": [145.15328818868412, 152.71222038094822, 153.2999284914138, 150.0527756981718], "y": [141.17837149692198, 156.94193155292274, 156.78483797547537, 146.05379704567997], "z": [], "x_average": 150.30455318980447, "y_average": 150.23973451775, "z_average": NaN, "xy_average": 150.27214385377727, "average": 150.27214385377727}}