{"n_layer": 1, "d_interlayer": 4.201551158839424, "bond": {"x": [3.1578347218110503, 3.16825679972451, 3.0978029442860056, 3.104446494886215, 3.1855994237930636, 3.1995076777992897, 3.119539922875837, 3.1330276139318887], "y": [3.1738316439162504, 3.168238268672092, 3.195719098593111, 3.194583954775924, 3.0983269461511065, 3.0957832794642113, 3.128580682383408, 3.1279185554516693], "z": [3.266111468089373, 3.266001815777843, 3.290602832211266, 3.2800474039981538, 3.2436898511011143, 3.233150098994881, 3.2426403383317886, 3.231393650880291], "x_average": 3.1457519498884823, "y_average": 3.1478728036759716, "z_average": 3.2567046824230887, "xy_average": 3.1468123767822274, "average": 3.1834431453291807}, "angle_XMX": {"x": [179.7904011572171, 178.8227155246518, 179.46449674957472, 178.92947098123616], "y": [178.95948140372576, 178.5267086418795, 178.32632526597294, 177.52185559597947], "z": [179.6740440518328, 179.2579335002809, 179.76677937075286, 179.02163391068348], "x_average": 179.25177110316994, "y_average": 178.3335927268894, "z_average": 179.4300977083875, "xy_average": 178.7926819150297, "average": 179.005153846149}, "angle_MXM": {"x": [140.4757908397306, 147.21650165851645, 140.27927422341273, 147.92536935497083], "y": [141.45648887733765, 138.96014678305937, 146.5833349999072, 149.722714525427], "z": [], "x_average": 143.97423401915765, "y_average": 144.1806712964328, "z_average": NaN, "xy_average": 144.07745265779522, "average": 144.07745265779522}}