{"n_layer": 1, "d_interlayer": 4.326053396230858, "bond": {"x": [3.1804143216725826, 3.175136173352639, 3.1257080093541365, 3.132472954401383, 3.2070053514010546, 3.1991646246220053, 3.1388071752629236, 3.143067990842342], "y": [3.1791754827669463, 3.1889419562521706, 3.1949178506440923, 3.200286539096325, 3.139756033992468, 3.138429326379158, 3.1408039444149893, 3.1416599856214007], "z": [3.1937901998304064, 3.193672850108285, 3.217740146422985, 3.2101634598735047, 3.198498190238548, 3.197996375526728, 3.224554871444009, 3.233587033543762], "x_average": 3.162722075113633, "y_average": 3.1654963898959436, "z_average": 3.2087503908735284, "xy_average": 3.1641092325047886, "average": 3.178989618627702}, "angle_XMX": {"x": [179.7906637512139, 179.64214221359856, 179.7427010918046, 179.82968255108656], "y": [179.46837299959324, 179.13920503195362, 179.3418320813852, 179.30977925396328], "z": [179.60510201625652, 179.41245436754826, 179.65978053391675, 179.69854586110685], "x_average": 179.7512974019259, "y_average": 179.31479734172382, "z_average": 179.59397069470708, "xy_average": 179.53304737182486, "average": 179.55335514611895}, "angle_MXM": {"x": [141.79564373516968, 148.36010916662664, 141.74566418523884, 147.89534204109535], "y": [142.26060419733682, 141.94135405695104, 147.82117553143848, 148.01256072539348], "z": [], "x_average": 144.94918978203262, "y_average": 145.00892362777995, "z_average": NaN, "xy_average": 144.97905670490627, "average": 144.97905670490627}}