{"n_layer": 1, "d_interlayer": 4.25162658249196, "bond": {"x": [3.169230427432831, 3.1651070171025, 3.213802407658974, 3.1685857349497506, 3.1875155933543926, 3.1837979995823127, 3.2680372542309795, 3.1875321149310993], "y": [3.1431827492509123, 3.1758882848830954, 3.1622965493939463, 3.187964531659812, 3.125826716003247, 3.2680764797268225, 3.155760033373993, 3.295486095478255], "z": [3.186611095770935, 3.185317501946435, 3.2316520796013064, 3.222686520167772, 3.2140204000469983, 3.21862279329292, 3.2725150266603142, 3.2562559794909154], "x_average": 3.192951068655355, "y_average": 3.1893101799712604, "z_average": 3.2234601746221996, "xy_average": 3.191130624313308, "average": 3.201907141082938}, "angle_XMX": {"x": [176.58178252884596, 175.24951138155967, 174.9522865498909, 173.4576533208799], "y": [179.3472038579522, 179.29798212140525, 178.19399894873922, 177.76344110040932], "z": [178.91593589201293, 178.25236408544242, 177.12645892787495, 177.46655285458328], "x_average": 175.0603084452941, "y_average": 178.65065650712648, "z_average": 177.9403279399784, "xy_average": 176.85548247621028, "average": 177.21709763079966}, "angle_MXM": {"x": [144.09128184485553, 146.22114087679432, 152.09977670391999, 141.85548957702775], "y": [148.9751226371993, 150.04897733626044, 144.7267951875176, 143.84046719341225], "z": [], "x_average": 146.06692225064938, "y_average": 146.8978405885974, "z_average": NaN, "xy_average": 146.48238141962338, "average": 146.48238141962338}}