{"n_layer": 1, "d_interlayer": 3.828260583841409, "bond": {"x": [3.16433993005602, 3.1990049188391443, 3.1300475106129984, 3.339976917724737, 3.15424687660045, 3.210236412391923, 3.1429913694152694, 3.369775437502502], "y": [3.1697870805122466, 3.236512437562115, 3.1849614811149967, 3.2161599937535033, 3.0906827730917583, 3.895687972894503, 3.014817133560949, 3.2385575789001524], "z": [3.2532584396421655, 3.2489571218085067, 3.2755818580896583, 3.2488687519139545, 3.228274515836491, 3.433369849068978, 3.4336862404352835, 3.626576062046793], "x_average": 3.213827421642881, "y_average": 3.255895806423778, "z_average": 3.343571604855229, "xy_average": 3.2348616140333295, "average": 3.271098277640629}, "angle_XMX": {"x": [174.53778705371704, 176.68586569653075, 165.19193210929745, 173.25371891797823], "y": [179.62500709878094, 176.08371420940762, 175.6505553318041, 169.68568252411382], "z": [178.8648692929943, 177.2340362889853, 169.56016582872235, 175.42029461992234], "x_average": 172.41732594438088, "y_average": 175.26123979102664, "z_average": 175.26984150765605, "xy_average": 173.83928286770376, "average": 174.3161357476879}, "angle_MXM": {"x": [136.72378827067786, 142.08714733151808, 156.83535324398454, 135.45444654161426], "y": [148.47071287606187, 145.04499480488727, 130.34945982719822, 142.1851991148392], "z": [], "x_average": 142.7751838469487, "y_average": 141.51259165574663, "z_average": NaN, "xy_average": 142.14388775134768, "average": 142.14388775134768}}