{"n_layer": 1, "d_interlayer": 21.48275424403937, "bond": {"x": [3.170923645754066, 3.223398618614391, 3.1903671578308885, 3.2053032088902507, 3.178202637252448, 3.216907699381669, 3.1818743652721, 3.210630342725397], "y": [3.1890927303177063, 3.160178000743608, 3.1929408085739666, 3.1533847631903194, 3.1869279875958783, 3.157381397443691, 3.182260334291786, 3.1646678796698544], "z": [3.17723446406154, 3.087342465199384, 3.0844166215946323, 3.1790430855519256, 3.0850658908385706, 3.178933797401771, 3.1806112713643953, 3.0814737141045723], "x_average": 3.1972009594651514, "y_average": 3.173354237728351, "z_average": 3.131765163764599, "xy_average": 3.185277598596751, "average": 3.1674401203193674}, "angle_XMX": {"x": [173.61150994417238, 173.3984566948146, 173.59261885633282, 173.3430769395585], "y": [173.54941005353965, 173.55199839470853, 173.22771513191418, 173.37777393805013], "z": [177.23744541220134, 176.7358758793344, 179.2290823283483, 178.16340298237185], "x_average": 173.48641560871957, "y_average": 173.42672437955312, "z_average": 177.84145165056398, "xy_average": 173.45656999413634, "average": 174.91819721294556}, "angle_MXM": {"x": [163.72586812203764, 163.18256581782953, 162.9640886736101, 163.84556853314078], "y": [162.81176919302453, 161.99604791212684, 162.38011646337327, 163.131847366124], "z": [], "x_average": 163.4295227866545, "y_average": 162.57994523366216, "z_average": NaN, "xy_average": 163.00473401015833, "average": 163.00473401015833}}