{"n_layer": 1, "d_interlayer": 17.336108682669916, "bond": {"x": [3.1994826040098596, 3.217850833157974, 3.205224495322778, 3.2108630640418734, 3.2070064189691045, 3.2140472826160265, 3.2033886354366876, 3.2180530946358], "y": [3.21377242573748, 3.2043106824043925, 3.2192390491981104, 3.2004416208094377, 3.214131033375251, 3.2017024048863685, 3.213618235255003, 3.2087604679709787], "z": [3.0672627501187866, 3.179358525425754, 3.1735408265439307, 3.06972632500096, 3.173879973875894, 3.0692765611547683, 3.0711310166512638, 3.169504657324832], "x_average": 3.209489553523763, "y_average": 3.2094969899546277, "z_average": 3.121710079512024, "xy_average": 3.2094932717391953, "average": 3.180232207663471}, "angle_XMX": {"x": [172.41488762472864, 173.2040170124977, 171.8066805301438, 172.67304312523208], "y": [172.41320210842915, 171.8396308951283, 173.2393880095054, 172.60131254159856], "z": [178.81454914152707, 178.97019023117707, 178.73241311938202, 178.93114891219082], "x_average": 172.52465707315056, "y_average": 172.52338338866534, "z_average": 178.86207535106925, "xy_average": 172.52402023090798, "average": 174.63670527096176}, "angle_MXM": {"x": [162.3523435365765, 161.511289019391, 161.69181255134373, 161.93892778815868], "y": [162.3658649506777, 161.7177519106629, 161.38414755091705, 161.98636802855566], "z": [], "x_average": 161.8735932238675, "y_average": 161.86353311020332, "z_average": NaN, "xy_average": 161.8685631670354, "average": 161.8685631670354}}