{"n_layer": 1, "d_interlayer": 16.315420096910557, "bond": {"x": [3.1583667357804166, 3.130637388667841, 3.165524152607131, 3.1414105455919628, 3.1644590517162055, 3.143140872061653, 3.1586949596281766, 3.1316863740363665], "y": [3.142271282158697, 3.1648348282945267, 3.131163091209539, 3.158018420565102, 3.131423463418917, 3.15859262949985, 3.1422180173727945, 3.1648856938696253], "z": [3.135396654951207, 3.1613041261278076, 3.1595537745933346, 3.138179710916025, 3.1619560346513524, 3.135969745543439, 3.13873639409432, 3.1590717551512633], "x_average": 3.1492400100112192, "y_average": 3.1491759282986314, "z_average": 3.148771024503594, "xy_average": 3.1492079691549253, "average": 3.1490623209378144}, "angle_XMX": {"x": [175.03020319218194, 177.37150123655516, 177.50089887661764, 174.8601813936674], "y": [177.24052480250904, 175.18558948448833, 174.71744072182253, 177.63094867952603], "z": [178.0892336543449, 177.8915671377439, 178.41602052318441, 178.1666823429302], "x_average": 176.19069617475554, "y_average": 176.19362592208648, "z_average": 178.14087591455086, "xy_average": 176.192161048421, "average": 176.84173267046432}, "angle_MXM": {"x": [155.70961520597413, 150.9184760249418, 151.0647990203481, 155.82861993137448], "y": [155.66302007422007, 151.09493288913842, 150.93911191248725, 155.81224885230782], "z": [], "x_average": 153.38037754565966, "y_average": 153.37732843203838, "z_average": NaN, "xy_average": 153.37885298884902, "average": 153.37885298884902}}