{"n_layer": 1, "d_interlayer": 12.699231926693395, "bond": {"x": [3.14516689539161, 3.182800569497964, 3.1418398466358446, 3.167349409147626, 3.1551720212091134, 3.191046613370924, 3.1479605149194363, 3.186836731753915], "y": [3.1773683974091314, 3.139589406645326, 3.188103604255202, 3.1447949945828606, 3.1711305769947793, 3.143478326924271, 3.1805741702509915, 3.1648830715039677], "z": [3.098144040149201, 3.136490154551442, 3.1763884533921307, 3.1171087325322264, 3.1744316829677426, 3.1150532050783073, 3.137567810983756, 3.2230303810171677], "x_average": 3.164771575240804, "y_average": 3.1637403185708157, "z_average": 3.1472768075839967, "xy_average": 3.1642559469058105, "average": 3.1585962337985394}, "angle_XMX": {"x": [172.73568099490765, 173.2194640810915, 175.9580187194321, 174.22878041612657], "y": [174.46515219585234, 173.63417507616182, 175.28718161300998, 172.70143139668323], "z": [174.35783021028098, 176.02416859582198, 175.71078757265317, 176.85122940934912], "x_average": 174.03548605288947, "y_average": 174.02198507042684, "z_average": 175.73600394702632, "xy_average": 174.02873556165815, "average": 174.5978250234475}, "angle_MXM": {"x": [161.22742410068912, 169.28911248881258, 167.4180782789097, 162.56093549656097], "y": [162.65691736176106, 167.3136733622566, 168.60749798090887, 159.54633939139202], "z": [], "x_average": 165.1238875912431, "y_average": 164.53110702407963, "z_average": NaN, "xy_average": 164.82749730766136, "average": 164.82749730766136}}