{"n_layer": 1, "d_interlayer": 14.741557378087483, "bond": {"x": [3.2018378800434046, 3.1245355406986572, 3.1282068384739095, 3.205393499825301, 3.1754372534925013, 3.1673133574289087, 3.151375636118173, 3.19432066415588], "y": [3.1979184706300186, 3.14030049909913, 3.1756114394419592, 3.1720030948757305, 3.1335357206261434, 3.1996087104396667, 3.1645624619950814, 3.1738991016365796], "z": [3.194673941677882, 3.166675369533721, 3.1651182569011977, 3.186314018210848, 3.1677596086094812, 3.1824169434647436, 3.16563803994746, 3.1597218703343355], "x_average": 3.168552583779592, "y_average": 3.169679937343038, "z_average": 3.173539756084959, "xy_average": 3.1691162605613155, "average": 3.1705907590691957}, "angle_XMX": {"x": [177.48333701024853, 179.25679021252964, 177.38349602305206, 176.52664708863475], "y": [176.46282726458054, 178.98999503867023, 173.23805742258594, 178.18998642080214], "z": [176.64577785085993, 175.979886022786, 178.59584012093174, 178.0225751205779], "x_average": 177.66256758361624, "y_average": 176.7202165366597, "z_average": 177.3110197787889, "xy_average": 177.19139206013796, "average": 177.23126796635495}, "angle_MXM": {"x": [148.4493326928959, 151.9399550523797, 153.22105890638602, 149.09318948436643], "y": [149.22575707642005, 151.91485662293383, 154.00595640484818, 148.6728981608594], "z": [], "x_average": 150.67588403400703, "y_average": 150.95486706626536, "z_average": NaN, "xy_average": 150.8153755501362, "average": 150.8153755501362}}