{"n_layer": 1, "d_interlayer": 15.152562162183642, "bond": {"x": [3.183423091730004, 3.1668291443115697, 3.190944156026498, 3.158836515027597, 3.1915868146339554, 3.159966409677673, 3.1827070437268965, 3.165653918354732], "y": [3.159875376428355, 3.1916346785687026, 3.1668265891898373, 3.183526008857433, 3.165749240071135, 3.1824501316357923, 3.1590535515440092, 3.1909270750208547], "z": [3.0996752353093964, 3.188182110333741, 3.1870797309067385, 3.099839167788961, 3.186845334248592, 3.1000352507390487, 3.1002119258635656, 3.185511531501398], "x_average": 3.1749933866861157, "y_average": 3.175005331414515, "z_average": 3.1434225358364305, "xy_average": 3.1749993590503154, "average": 3.1644737513123538}, "angle_XMX": {"x": [174.98718456673802, 174.7425879225094, 174.7300561261955, 174.8531287264318], "y": [174.79213814756798, 174.93741849415824, 174.90871848615546, 174.67558190423716], "z": [177.24911378156273, 177.14924628894963, 177.18347075668711, 177.08700718952483], "x_average": 174.82823933546868, "y_average": 174.82846425802973, "z_average": 177.16720950418107, "xy_average": 174.8283517967492, "average": 175.60797103255982}, "angle_MXM": {"x": [161.6723422500835, 160.3498707457982, 160.13778635616697, 161.88799507975583], "y": [161.6765429613419, 160.1275818333849, 160.3604674393493, 161.88015063451286], "z": [], "x_average": 161.0119986079511, "y_average": 161.01118571714724, "z_average": NaN, "xy_average": 161.01159216254916, "average": 161.01159216254916}}