{"n_layer": 1, "d_interlayer": 12.747928887423107, "bond": {"x": [3.1755097242958907, 3.1840516425536807, 3.1812637425631367, 3.1852385705720043, 3.173996147521546, 3.1764207000418576, 3.1773691566923166, 3.179016207110301], "y": [3.1810630314045976, 3.1789245179674928, 3.1773233061006545, 3.1720193083425103, 3.1879915266874246, 3.1781030254645186, 3.1798534819675925, 3.1762805819767097], "z": [3.1579247926898697, 3.215336508563925, 3.163086124542491, 3.116381783039533, 3.1625506094517877, 3.11633578871382, 3.084550320451048, 3.1296811057834617], "x_average": 3.1791082364188417, "y_average": 3.1789448474889377, "z_average": 3.143230879154492, "xy_average": 3.1790265419538897, "average": 3.16709465435409}, "angle_XMX": {"x": [178.63296516089588, 173.43137073624504, 178.25437339662793, 173.4560951571416], "y": [178.38196056946947, 178.23604583056814, 173.39783409613844, 173.50997607925254], "z": [179.7175755728991, 179.82959199922504, 179.81861257117478, 179.64849977844008], "x_average": 175.9437011127276, "y_average": 175.88145414385716, "z_average": 179.75356998043475, "xy_average": 175.91257762829238, "average": 177.19290841233985}, "angle_MXM": {"x": [159.57705279020234, 160.48286577402732, 160.31965633511288, 160.16881553835492], "y": [159.22033349795794, 160.74324092193427, 160.3470599737319, 160.34451419825356], "z": [], "x_average": 160.13709760942436, "y_average": 160.16378714796943, "z_average": NaN, "xy_average": 160.15044237869688, "average": 160.15044237869688}}