{"n_layer": 1, "d_interlayer": 16.172005442535642, "bond": {"x": [3.167854163177148, 3.1740951858146436, 3.15127420205818, 3.156517588611518, 3.151226254301254, 3.156119887187547, 3.168798825437937, 3.1734453201556914], "y": [3.1567080043161555, 3.1510750166837407, 3.1751417728697064, 3.166971524768893, 3.1743417567071317, 3.1681617652773233, 3.157560394855135, 3.150866430249885], "z": [3.1940611153007925, 3.194780056266132, 3.1962283184902067, 3.19247787991035, 3.19402129348022, 3.1951089887418638, 3.1947170841562103, 3.1935041058842604], "x_average": 3.16241642834299, "y_average": 3.162603333215996, "z_average": 3.194362355278755, "xy_average": 3.162509880779493, "average": 3.1731273722792466}, "angle_XMX": {"x": [179.5225027761649, 179.6461406194595, 179.5727081259615, 179.72264861390792], "y": [179.12864871572896, 179.35482375204234, 179.31553694570417, 179.214013077505], "z": [179.77361063639322, 179.81392997311647, 179.73511839410398, 179.7408319494783], "x_average": 179.61600003387346, "y_average": 179.25325562274512, "z_average": 179.765872738273, "xy_average": 179.43462782830926, "average": 179.54504279829715}, "angle_MXM": {"x": [140.1234029947333, 139.955025791036, 140.03120476519223, 140.16338578256727], "y": [139.6453628364254, 140.51928702771116, 140.50310876338958, 139.60904134800427], "z": [], "x_average": 140.0682548333822, "y_average": 140.0691999938826, "z_average": NaN, "xy_average": 140.06872741363242, "average": 140.06872741363242}}