{"n_layer": 1, "d_interlayer": 13.66450082320555, "bond": {"x": [3.2418154879608028, 3.2445143189279086, 3.223601818565959, 3.2423993407479625, 3.184069383530055, 3.1839790066987623, 3.190299362341816, 3.187987222167031], "y": [3.221004998293564, 3.276917815877421, 3.1656922959245772, 3.204843531105628, 3.2132088257843274, 3.2634288832045577, 3.175084912756365, 3.203797108847365], "z": [3.1552419126644144, 3.132476955655349, 3.194716588094496, 3.2135301832411733, 3.193889837626131, 3.212394001953878, 3.238841788736784, 3.2038781522180315], "x_average": 3.2123332426175373, "y_average": 3.2154972964742257, "z_average": 3.1931211775237824, "xy_average": 3.2139152695458817, "average": 3.2069839055385145}, "angle_XMX": {"x": [175.46997459106453, 176.05961353414838, 176.2360977188332, 177.65973776914245], "y": [179.34661076971992, 179.50893841577226, 176.8285582458208, 178.32214402666912], "z": [178.20374106417975, 178.3618642576319, 178.10301095317237, 178.75041249117712], "x_average": 176.35635590329716, "y_average": 178.50156286449553, "z_average": 178.3547571915403, "xy_average": 177.4289593838963, "average": 177.73755865311094}, "angle_MXM": {"x": [148.90354291903097, 142.53852326155538, 140.65034371868688, 147.4044663351473], "y": [144.37849629122974, 145.23795230280228, 144.9318035218495, 145.60533049679646], "z": [], "x_average": 144.87421905860515, "y_average": 145.0383956531695, "z_average": NaN, "xy_average": 144.9563073558873, "average": 144.9563073558873}}