{"n_layer": 1, "d_interlayer": 12.713914617034183, "bond": {"x": [3.1164557986647217, 3.153875128591113, 3.1260693379895477, 3.1506956239456523, 3.126186338665719, 3.1507142764745493, 3.1164457814352957, 3.1539752236134224], "y": [3.150697266956435, 3.126102150324738, 3.153919982002608, 3.116453245866487, 3.153868158850988, 3.116417268607542, 3.1506974363078686, 3.126151980811889], "z": [3.14967298423635, 3.1753477404806363, 3.175320242922816, 3.1496716304098027, 3.17530693041199, 3.149731269876248, 3.1496929192944356, 3.1753089270508754], "x_average": 3.136802188672503, "y_average": 3.1367884362160696, "z_average": 3.1625065805853945, "xy_average": 3.136795312444286, "average": 3.145365735157989}, "angle_XMX": {"x": [173.16822187646773, 174.9274219550745, 174.9275180617247, 173.16708326273974], "y": [174.92818656540743, 173.16996263879443, 173.1670372729639, 174.92848207648166], "z": [178.31960098785578, 178.32280964747977, 178.3239683463895, 178.32163336366457], "x_average": 174.04756128900166, "y_average": 174.04841713841188, "z_average": 178.3220030863474, "xy_average": 174.04798921370676, "average": 175.472660504587}, "angle_MXM": {"x": [152.50455051850648, 164.26948397339973, 164.26638572538326, 152.50627733963387], "y": [152.5055390220084, 164.26432572355492, 164.26750849611696, 152.506614671769], "z": [], "x_average": 158.38667438923085, "y_average": 158.3859969783623, "z_average": NaN, "xy_average": 158.38633568379657, "average": 158.38633568379657}}