{"n_layer": 1, "d_interlayer": 16.46441555065741, "bond": {"x": [3.2720439132767756, 3.231394868283023, 3.2282388065672474, 3.215913291035551, 3.126427055046782, 3.1935056746204444, 3.214688595718389, 3.1311720995371535], "y": [3.2503615542892406, 3.2134618201913137, 3.1424860344823005, 3.2514934987961164, 3.2530380659643985, 3.2065017790339643, 3.234227813957358, 3.107504636355285], "z": [3.062676431129127, 3.3112285680212326, 3.205151299727422, 3.1668307673520038, 3.253283681522257, 3.1700523552351503, 3.2133297811603225, 3.248799248945103], "x_average": 3.2016730380106706, "y_average": 3.207384400383747, "z_average": 3.203919016636577, "xy_average": 3.204528719197209, "average": 3.2043254850103318}, "angle_XMX": {"x": [166.86773233129426, 174.1172854937213, 174.8957004417009, 175.7762293607141], "y": [171.28520857942266, 175.48567488268037, 170.28520319919477, 175.15008470255367], "z": [166.29063162373876, 170.11104867624317, 171.97244773097603, 178.4733641254133], "x_average": 172.91423690685764, "y_average": 173.05154284096284, "z_average": 171.71187303909284, "xy_average": 172.98288987391027, "average": 172.55921759563776}, "angle_MXM": {"x": [140.93806288710752, 151.72920473063746, 154.75351286771917, 143.85310664564676], "y": [144.9950680209175, 148.76585181679002, 152.44682233381974, 145.35601732150843], "z": [], "x_average": 147.81847178277772, "y_average": 147.89093987325893, "z_average": NaN, "xy_average": 147.85470582801833, "average": 147.85470582801833}}