{"n_layer": 1, "d_interlayer": 7.943498361009576, "bond": {"x": [3.1776775934510684, 3.1790005936891017, 3.184646009036818, 3.1838200190148678, 3.184359333234646, 3.1842098415346816, 3.1778520921172375, 3.1788888138477702], "y": [3.184835604369635, 3.183819453347766, 3.177671435410361, 3.179063457177481, 3.1778902361664922, 3.178766256658757, 3.184701613382301, 3.183997352512168], "z": [3.1326900525948367, 3.133113172831536, 3.1329265720129977, 3.132887791756167, 3.132798425930757, 3.132874095927516, 3.1332820143662596, 3.132507513411013], "x_average": 3.181306786990774, "y_average": 3.18134317612812, "z_average": 3.1328849548538855, "xy_average": 3.181324981559447, "average": 3.1651783059909264}, "angle_XMX": {"x": [179.9889899908914, 179.9542895131383, 179.9609609989488, 179.97742936096552], "y": [179.97001776124114, 179.93957394483243, 179.95936259357538, 179.92615388067455], "z": [179.98786365020953, 179.94605349995823, 179.97586566937, 179.95754690360698], "x_average": 179.970417465986, "y_average": 179.94877704508087, "z_average": 179.96683243078618, "xy_average": 179.95959725553342, "average": 179.9620089806177}, "angle_MXM": {"x": [162.76998931398487, 162.74811294940773, 162.74441748500183, 162.7711297905812], "y": [162.71259599161402, 162.80265136676545, 162.78350853825273, 162.73589548324992], "z": [], "x_average": 162.7584123847439, "y_average": 162.75866284497053, "z_average": NaN, "xy_average": 162.75853761485723, "average": 162.75853761485723}}