{"n_layer": 1, "d_interlayer": 14.297166045477672, "bond": {"x": [3.140061576487708, 3.1399300258413128, 3.1409014713411425, 3.1399646973170015, 3.140643084508874, 3.14050412363149, 3.1405287034322544, 3.13975929762409], "y": [3.139672569947478, 3.140902059088345, 3.1395236008490186, 3.140361869445622, 3.139544399305661, 3.1401025285998125, 3.1411057030064007, 3.1397122143788025], "z": [3.1585033535076423, 3.16033322004917, 3.1604942377732725, 3.1586556172885327, 3.1597070201134407, 3.159142480380058, 3.160068736422105, 3.1589774295497266], "x_average": 3.1402866225229844, "y_average": 3.140115618077642, "z_average": 3.159485261885494, "xy_average": 3.140201120300313, "average": 3.146629167495373}, "angle_XMX": {"x": [179.793406029494, 179.79408853044762, 179.9513454577095, 179.8964203358671], "y": [179.89234212473312, 179.89631287061127, 179.89775680535018, 179.83470052461018], "z": [179.83926345767162, 179.819377503537, 179.96232120205957, 179.88382891746335], "x_average": 179.85881508837957, "y_average": 179.88027808132617, "z_average": 179.87619777018287, "xy_average": 179.86954658485288, "average": 179.87176364662955}, "angle_MXM": {"x": [159.38743656216252, 159.55621814615853, 159.60462751528686, 159.4344400206422], "y": [159.3868954090889, 159.58156478287435, 159.60650942492126, 159.36165859076016], "z": [], "x_average": 159.49568056106253, "y_average": 159.48415705191115, "z_average": NaN, "xy_average": 159.48991880648686, "average": 159.48991880648686}}