{"n_layer": 1, "d_interlayer": 7.858751058202602, "bond": {"x": [3.1991372006963945, 3.1957650604559564, 3.1870098016438533, 3.2428739233569788, 3.288185288399144, 3.2535684487805216, 3.2894397558310446, 3.381806238223271], "y": [3.226074071125672, 3.174466124523657, 3.33945990566134, 3.234070000553461, 3.2778039359836426, 3.155251714920161, 3.4539220944535467, 3.254450664797257], "z": [3.172784905915225, 3.173373189589381, 3.2153628634859355, 3.2158303261512353, 3.21940651085857, 3.2201353965012016, 3.1627117034286387, 3.1638594595020533], "x_average": 3.2547232146733958, "y_average": 3.264437314002342, "z_average": 3.1929330444290303, "xy_average": 3.2595802643378686, "average": 3.2373645243682563}, "angle_XMX": {"x": [177.20563192642246, 175.00821575584573, 175.56666890780423, 172.62862104322738], "y": [178.3678248919153, 175.95358432088304, 179.09039897988174, 177.77090718666625], "z": [177.65312629528844, 175.80926872613117, 176.71904238614113, 173.53158252757663], "x_average": 175.10228440832498, "y_average": 177.7956788448366, "z_average": 175.92825498378437, "xy_average": 176.44898162658075, "average": 176.27540607898197}, "angle_MXM": {"x": [141.9359512566768, 147.69860251024477, 149.16348841522432, 135.33633532248228], "y": [145.00192536729773, 147.41604696285614, 142.18978035780123, 140.87046820540655], "z": [], "x_average": 143.53359437615705, "y_average": 143.8695552233404, "z_average": NaN, "xy_average": 143.70157479974873, "average": 143.70157479974873}}