{"n_layer": 1, "d_interlayer": 20.14173850665611, "bond": {"x": [3.299241430628388, 3.2660230821493306, 3.267728407697714, 3.258941539579529, 3.1947558959633646, 3.235244615245904, 3.271614369413515, 3.178243677962175], "y": [3.2651126847619416, 3.3051041355584396, 3.1619774671829077, 3.2764645821672, 3.2359943088775975, 3.301849213158618, 3.22671792255602, 3.216485888245017], "z": [3.2303374990721108, 3.1386377656130757, 3.118833407512954, 3.2791768603155673, 3.1191069394242086, 3.279122876644715, 3.2082088879166974, 3.1194405789552673], "x_average": 3.24647412732999, "y_average": 3.2487132753134675, "z_average": 3.1866081019318244, "xy_average": 3.247593701321729, "average": 3.2272651681917606}, "angle_XMX": {"x": [176.98060798916117, 177.7154691534855, 175.24331375721988, 175.4706495681078], "y": [175.6593253834488, 177.45533817961842, 176.08307207400395, 175.8957640417597], "z": [177.24394510057874, 176.66898093704458, 173.1354950094463, 176.75984994189562], "x_average": 176.35251011699359, "y_average": 176.27337491970772, "z_average": 175.9520677472413, "xy_average": 176.31294251835067, "average": 176.19265092798085}, "angle_MXM": {"x": [148.56365544535086, 144.18444563280016, 142.04353458699194, 147.37038810151495], "y": [146.81269262328567, 143.4318181541197, 144.41396636486118, 147.54930351680377], "z": [], "x_average": 145.5405059416645, "y_average": 145.55194516476757, "z_average": NaN, "xy_average": 145.54622555321603, "average": 145.54622555321603}}