{"n_layer": 1, "d_interlayer": 16.940608627938936, "bond": {"x": [3.139200485822921, 3.138310171818104, 3.141006098041929, 3.1293412834067653, 3.1404092890935265, 3.13204143283926, 3.1353104467531234, 3.1281963016958065], "y": [3.131348783995537, 3.1458177770284683, 3.1369546094979586, 3.1358945001196865, 3.134820456849464, 3.1358376340906804, 3.1266069973647235, 3.136827348438003], "z": [3.1539565311705116, 3.158017209652605, 3.155715456381135, 3.1629157329896604, 3.1567983171949034, 3.1615490627731715, 3.173450370675559, 3.149401238849433], "x_average": 3.1354769386839294, "y_average": 3.1355135134230654, "z_average": 3.158975489960872, "xy_average": 3.1354952260534974, "average": 3.1433219806892887}, "angle_XMX": {"x": [179.863398627385, 179.12278830122392, 179.61529775413376, 179.56791228838492], "y": [179.61574418315692, 179.69464978724622, 179.21800902312302, 179.56533451904212], "z": [179.86514947007544, 179.84248052974064, 179.8055063763185, 179.89249867470542], "x_average": 179.5423492427819, "y_average": 179.52343437814207, "z_average": 179.85140876270998, "xy_average": 179.532891810462, "average": 179.63906412787802}, "angle_MXM": {"x": [162.7719367774154, 163.58236614665933, 162.57810779107947, 163.78235120517874], "y": [162.8237895267002, 162.51355268991523, 163.62152572131188, 163.70124778649205], "z": [], "x_average": 163.17869048008325, "y_average": 163.1650289311048, "z_average": NaN, "xy_average": 163.17185970559404, "average": 163.17185970559404}}