{"n_layer": 1, "d_interlayer": 13.80411703028701, "bond": {"x": [3.1260184582599537, 3.208538186054392, 3.147989701122517, 3.1858887220975496, 3.1357527244208527, 3.1930340112550066, 3.1405821546079884, 3.2080962397373076], "y": [3.1760724126684523, 3.13680280361389, 3.1951893686775152, 3.114686103727341, 3.2105436580232025, 3.118350000783204, 3.1801991920208033, 3.14389331711697], "z": [3.2976330597695602, 3.1674121026820377, 3.1797518405934526, 3.2513143718874815, 3.236573100168456, 3.210471975526164, 3.201612040928033, 3.2659156948011985], "x_average": 3.1682375246944456, "y_average": 3.159467107078922, "z_average": 3.226335523294548, "xy_average": 3.1638523158866843, "average": 3.1846800516893055}, "angle_XMX": {"x": [168.21965055277994, 172.9010113923018, 172.67634316161397, 168.79745258916046], "y": [168.82647394468603, 176.44791301756925, 174.6036457319132, 169.85805822783848], "z": [169.4735781069726, 172.26741150918707, 170.23272392627737, 168.76853221165547], "x_average": 170.64861442396403, "y_average": 172.43402273050174, "z_average": 170.18556143852314, "xy_average": 171.5413185772329, "average": 171.0893995309963}, "angle_MXM": {"x": [154.2220181214294, 140.5426056452154, 141.12425916152105, 153.64883739920947], "y": [151.7051368422042, 142.88198540818652, 141.72273249568772, 150.9192513883049], "z": [], "x_average": 147.38443008184382, "y_average": 146.80727653359585, "z_average": NaN, "xy_average": 147.09585330771984, "average": 147.09585330771984}}