{"n_layer": 1, "d_interlayer": 13.35026899475984, "bond": {"x": [3.217661268333567, 3.2683304509689224, 3.2051506196386654, 3.181254424069341, 3.156754846376078, 3.2385374119936396, 3.1950883119934717, 3.173118833037839], "y": [3.291965028035086, 3.195992202575801, 3.2624573669458874, 3.1643560469083676, 3.3031296021645624, 3.1485564865732423, 3.225869403181301, 3.144419231168354], "z": [3.10559354937347, 3.303538731812409, 3.1785626608632165, 3.2670843891981964, 3.2611571442916203, 3.175422069980687, 3.3344411681123796, 3.1592958763339567], "x_average": 3.2044870208014404, "y_average": 3.217093170944075, "z_average": 3.223136948745742, "xy_average": 3.2107900958727575, "average": 3.2149057134970858}, "angle_XMX": {"x": [160.29909262525666, 170.50653354773658, 165.21904740642853, 171.26694545735043], "y": [171.62664855821498, 174.6023478614207, 166.61357785058374, 174.40137731664208], "z": [165.71410749430518, 174.5430030904991, 167.11307655187187, 169.70279144084728], "x_average": 166.82290475919305, "y_average": 171.81098789671537, "z_average": 169.26824464438087, "xy_average": 169.3169463279542, "average": 169.30071243342977}, "angle_MXM": {"x": [135.5433713457128, 160.67083169109887, 162.52040937335832, 142.4652213198393], "y": [143.89688524835844, 156.35729368255767, 157.820702746123, 149.67956455588939], "z": [], "x_average": 150.29995843250234, "y_average": 151.93861155823214, "z_average": NaN, "xy_average": 151.11928499536722, "average": 151.11928499536722}}