{"n_layer": 1, "d_interlayer": 13.207552767547867, "bond": {"x": [3.1514109735322795, 3.2410109081568907, 3.1417885501868947, 3.2154388093566344, 3.1084699282980885, 3.2493020344070187, 3.152148772794703, 3.188812588664096], "y": [3.2278575232399915, 3.1753311431634654, 3.1984829295591424, 3.1526999634071733, 3.226283272780882, 3.1096924859762396, 3.2331021224616974, 3.09467464914034], "z": [3.122694680383173, 3.3116998996688896, 3.2402732320824943, 3.205977807683697, 3.267233390963231, 3.1630605541999413, 3.2718569461102986, 3.214504148460512], "x_average": 3.181047820674576, "y_average": 3.1772655112161163, "z_average": 3.2246625824440294, "xy_average": 3.179156665945346, "average": 3.194325304778241}, "angle_XMX": {"x": [160.1454377464034, 170.50668450363898, 166.00979341006877, 166.35195079067773], "y": [164.6232617887641, 165.4327138035757, 164.12614726131096, 174.6279201813881], "z": [168.62501773673748, 172.19379342574567, 169.72246929885603, 170.08227377670946], "x_average": 165.7534666126972, "y_average": 167.20251075875973, "z_average": 170.15588855951216, "xy_average": 166.47798868572846, "average": 167.70395531032304}, "angle_MXM": {"x": [146.0949853114625, 167.74322705909302, 161.81553224572818, 147.3135211192754], "y": [140.19968328317805, 169.3446105947538, 163.47378360904722, 149.67283487069324], "z": [], "x_average": 155.74181643388977, "y_average": 155.6727280894181, "z_average": NaN, "xy_average": 155.70727226165394, "average": 155.70727226165394}}