{"n_layer": 1, "d_interlayer": 4.05548184313312, "bond": {"x": [3.236041207818761, 3.278203028599562, 3.2877484635846557, 3.1265396978319546, 3.2458923475552552, 3.438429381064697, 3.347344197532592, 3.1463945540334604], "y": [3.2705766368990807, 3.217069455196343, 3.328157875751912, 3.233427401698917, 3.0652149291675013, 3.307363136949024, 3.096878851004386, 3.5274755399705833], "z": [3.2304610254661887, 3.2185432604124458, 3.2003671627093, 3.276722444615054, 3.2182468248450413, 3.2217534680270843, 3.1983863372529444, 3.3358575635925987], "x_average": 3.2633241097526176, "y_average": 3.255770478329718, "z_average": 3.2375422608650823, "xy_average": 3.259547294041168, "average": 3.2522122829824727}, "angle_XMX": {"x": [177.836321090588, 172.6557626434857, 169.2252416727402, 164.61897741191598], "y": [176.6822583433112, 173.00926772512503, 176.90071667216347, 161.52484795525456], "z": [173.77754204192865, 170.90020571063403, 177.48582547408412, 164.82097821080245], "x_average": 171.08407570468245, "y_average": 172.02927267396356, "z_average": 171.7461378593623, "xy_average": 171.55667418932302, "average": 171.61982874600278}, "angle_MXM": {"x": [138.89032732936005, 162.08559055518114, 149.17931380524115, 147.03895682304653], "y": [140.65878290156144, 150.50521227470435, 158.01582900855664, 141.5900064819733], "z": [], "x_average": 149.29854712820722, "y_average": 147.6924576666989, "z_average": NaN, "xy_average": 148.49550239745307, "average": 148.49550239745307}}