{"n_layer": 1, "d_interlayer": 3.9950070789767214, "bond": {"x": [3.1919207857805216, 3.190956967210258, 3.121945335411637, 3.1217167676789326, 3.2103884786989094, 3.2114081869133293, 3.1484723211778687, 3.1456993417301042], "y": [3.1990480938696355, 3.20188027240082, 3.2005300229361326, 3.2007292300213015, 3.1361389361115504, 3.1359673313988954, 3.1397988332090017, 3.14141834146214], "z": [3.2478966850029574, 3.247046485670439, 3.2780118304876686, 3.2782667537080132, 3.205452403159957, 3.2067414544404627, 3.2065841435089477, 3.2057742080194322], "x_average": 3.1678135230751954, "y_average": 3.1694388826761846, "z_average": 3.234471745499735, "xy_average": 3.1686262028756897, "average": 3.1905747170837047}, "angle_XMX": {"x": [179.87676822966375, 179.92243858627688, 179.9218706619446, 179.96143985771826], "y": [179.95747568300212, 179.9557898443774, 179.94847656954394, 179.85412475080585], "z": [179.89960872242608, 179.92357448365888, 179.97556125101983, 179.867261097771], "x_average": 179.92062933390088, "y_average": 179.92896671193233, "z_average": 179.91650138871896, "xy_average": 179.9247980229166, "average": 179.92203247818406}, "angle_MXM": {"x": [138.3633884341641, 145.50042598020988, 138.53276257427595, 145.38622329345256], "y": [138.42457974929746, 138.46797099496283, 144.9831645684689, 144.85531858276048], "z": [], "x_average": 141.94570007052562, "y_average": 141.6827584738724, "z_average": NaN, "xy_average": 141.81422927219901, "average": 141.81422927219901}}