{"n_layer": 1, "d_interlayer": 4.115457206908196, "bond": {"x": [3.18489706229781, 3.3633684280189975, 3.1937691090462237, 3.1864040390543176, 3.1935170284507346, 3.4646105079360154, 3.2162706437835427, 3.180811696084501], "y": [3.3770363967350363, 3.1809302426698536, 3.3923117468233106, 3.191249150826721, 3.152187691919724, 3.1710535647138602, 3.1878342552046535, 3.181722863787498], "z": [3.466772891292204, 3.123035655858977, 3.162198131067831, 3.3129869033137314, 3.1588508163546942, 3.2638862376391664, 3.202189537446027, 3.2000458119183355], "x_average": 3.2479560643340175, "y_average": 3.229290739085082, "z_average": 3.236245748111371, "xy_average": 3.2386234017095497, "average": 3.237830850510157}, "angle_XMX": {"x": [176.6523134716688, 172.04561609452998, 172.70402089521727, 178.6347923519856], "y": [175.17119666500147, 167.28142493333172, 169.8707112129714, 165.55566962531478], "z": [173.00476289855266, 171.4616122404409, 173.85630012363845, 170.35823000357013], "x_average": 175.0091857033504, "y_average": 169.46975060915483, "z_average": 172.17022631655053, "xy_average": 172.23946815625263, "average": 172.2163875430186}, "angle_MXM": {"x": [136.39561782490395, 154.04904652181065, 142.69110157448878, 149.42353747267737], "y": [133.4626997947628, 142.57869566293763, 153.74386523443349, 148.3622567877146], "z": [], "x_average": 145.6398258484702, "y_average": 144.53687936996215, "z_average": NaN, "xy_average": 145.08835260921617, "average": 145.08835260921617}}