{"n_layer": 1, "d_interlayer": 3.8901449658189655, "bond": {"x": [3.2201087296681403, 3.222373595708333, 3.1921554641485845, 3.192859788271123, 3.187650227358111, 3.1898267730786487, 3.1789003394266304, 3.180278672067438], "y": [3.1811971728045183, 3.1827157328605304, 3.1982621282931705, 3.1974132736266494, 3.1535767423891796, 3.153725094158315, 3.1642511796324513, 3.164480561331298], "z": [3.1808295693684374, 3.179291944057056, 3.267910541661226, 3.2692864542761435, 3.2594897422727045, 3.259170094472205, 3.317310157691698, 3.3166590357529127], "x_average": 3.195519198715876, "y_average": 3.174452735637014, "z_average": 3.256243442444048, "xy_average": 3.184985967176445, "average": 3.208738458932313}, "angle_XMX": {"x": [179.94689157198493, 179.8528695467997, 179.89536453373879, 179.8691921921817], "y": [179.82086623347294, 179.8816446319027, 179.8215157664229, 179.90698898237306], "z": [179.9099867169076, 179.9243493851952, 179.87514424967196, 179.84665195146533], "x_average": 179.89107946117628, "y_average": 179.85775390354289, "z_average": 179.88903307581003, "xy_average": 179.8744166823596, "average": 179.87928881350976}, "angle_MXM": {"x": [141.8452381807777, 143.88045712528935, 141.95000816201738, 143.9654487940537], "y": [141.37001487430467, 141.11336544875476, 144.45096882723158, 144.67832439340216], "z": [], "x_average": 142.91028806553453, "y_average": 142.9031683859233, "z_average": NaN, "xy_average": 142.9067282257289, "average": 142.9067282257289}}