{"n_layer": 1, "d_interlayer": 3.974758369646091, "bond": {"x": [3.200593084437056, 3.242951408095821, 3.329544369679532, 3.2217590249567993, 3.1882948331914633, 3.2581173628904625, 3.2914650783983035, 3.306792576050532], "y": [3.2003503595390983, 3.234375472211922, 3.2317554786153946, 3.1855370173755944, 3.2808001147848755, 3.248234990502995, 3.263718534037957, 3.2422730017893424], "z": [3.2547610466579595, 3.1361764575517332, 3.21017844166607, 3.249415624220888, 3.2022760618742634, 3.2462017961102867, 3.106725598650261, 3.3567588180494043], "x_average": 3.254939717212496, "y_average": 3.2358806211071474, "z_average": 3.220311730597608, "xy_average": 3.245410169159822, "average": 3.2370440229724173}, "angle_XMX": {"x": [174.14386648258892, 168.42021539255487, 171.35419239719906, 171.35888807752033], "y": [165.63979306223047, 177.1505635728888, 168.75832108067777, 168.365997550562], "z": [176.18773522573403, 175.22110032170687, 170.43045167522476, 165.685941278413], "x_average": 171.3192905874658, "y_average": 169.97866881658976, "z_average": 171.88130712526967, "xy_average": 170.6489797020278, "average": 171.05975550977507}, "angle_MXM": {"x": [156.82552216438887, 138.79763394129716, 145.26705555690774, 148.62540110523108], "y": [160.2705804983596, 144.2256717468751, 140.5293746847848, 151.9947160672577], "z": [], "x_average": 147.3789031919562, "y_average": 149.2550857493193, "z_average": NaN, "xy_average": 148.31699447063775, "average": 148.31699447063775}}