{"n_layer": 1, "d_interlayer": 5.180660804899335, "bond": {"x": [3.169350635382624, 3.169806138081804, 3.1847476777809764, 3.1912107973403647, 3.151427460211711, 3.1436404914975227, 3.1587320279822735, 3.185380434553325], "y": [3.1590597925453623, 3.170468975796449, 3.147298422717078, 3.139687275905487, 3.192002221459237, 3.177619142600487, 3.1699336070185704, 3.17763355437031], "z": [3.2247197986929224, 3.1735302311981317, 3.2751476818960965, 3.199990894699327, 3.286175577151329, 3.20151878620737, 3.199938750003273, 3.3854663177801796], "x_average": 3.169286957853825, "y_average": 3.1667128740516226, "z_average": 3.2433110047035787, "xy_average": 3.1679999159527235, "average": 3.193103612203009}, "angle_XMX": {"x": [173.51303563040713, 178.28123854759772, 179.2509644011493, 176.0352012573941], "y": [172.18673027431507, 177.3394744350435, 175.94859551618507, 175.52150443793832], "z": [178.81640793580334, 176.06384891219537, 178.37955975740184, 175.77490374235475], "x_average": 176.77010995913705, "y_average": 175.2490761658705, "z_average": 177.2586800869388, "xy_average": 176.00959306250377, "average": 176.42595540398213}, "angle_MXM": {"x": [146.54947244069876, 141.36095701787906, 144.34348609817656, 144.5392794215298], "y": [146.96017218104177, 145.18887366203134, 142.4247957379696, 143.5725465454478], "z": [], "x_average": 144.19829874457105, "y_average": 144.53659703162262, "z_average": NaN, "xy_average": 144.36744788809685, "average": 144.36744788809685}}