{"n_layer": 1, "d_interlayer": 4.115364281849728, "bond": {"x": [3.255553659030373, 3.2535939413542456, 3.206433770882115, 3.204704349536954, 3.2462470573985724, 3.24682527574114, 3.2192528086916563, 3.216863056278747], "y": [3.212756303529268, 3.2147035195070037, 3.2309866469886406, 3.2315624268776713, 3.1848537056172366, 3.1821929343168307, 3.183867690091043, 3.1845795019391576], "z": [3.15699089893328, 3.1555343790000134, 3.1894861198608466, 3.1890468682307986, 3.1951431111901347, 3.1956442126945785, 3.2112355241255823, 3.21375872889437], "x_average": 3.2311842398642256, "y_average": 3.203187841108356, "z_average": 3.1883549803662006, "xy_average": 3.2171860404862906, "average": 3.2075756871129273}, "angle_XMX": {"x": [179.8841580686089, 179.93556969888672, 179.95064710663937, 179.90662868123468], "y": [179.91944732056015, 179.9756851998076, 179.9687093871156, 179.9155863250568], "z": [179.88429800362505, 179.94043387265486, 179.95277878797125, 179.9563988324471], "x_average": 179.9192508888424, "y_average": 179.94485705813503, "z_average": 179.93347737417457, "xy_average": 179.93205397348873, "average": 179.932528440384}, "angle_MXM": {"x": [138.12748676846442, 141.9362664192923, 138.1893887432653, 141.93942412175448], "y": [138.45500362668517, 138.52046173679594, 142.34099993102294, 142.31241033847252], "z": [], "x_average": 140.04814151319414, "y_average": 140.40721890824415, "z_average": NaN, "xy_average": 140.22768021071914, "average": 140.22768021071914}}