{"n_layer": 1, "d_interlayer": 4.790942655122716, "bond": {"x": [3.313239526642405, 3.1389589233951005, 3.1600460582384002, 3.1776783502855195, 3.2694527392177415, 3.199255459636336, 3.184023044442898, 3.1423727559440984], "y": [3.152914617785365, 3.2918165836009674, 3.1206669331667665, 3.332223787294126, 3.1255317389607913, 3.173816294387783, 3.1655824652035713, 3.1479484473110175], "z": [3.2503798234829744, 3.4231725527673453, 3.272591368971895, 3.1914550918601927, 3.3064003990755304, 3.219803604320776, 3.190084616303579, 3.198487048781215], "x_average": 3.1981283572253125, "y_average": 3.1888126084637984, "z_average": 3.2565468131954383, "xy_average": 3.1934704828445555, "average": 3.21449592629485}, "angle_XMX": {"x": [169.92497588867212, 170.497875319472, 172.93114371980874, 174.2415851696992], "y": [173.14082158590824, 175.6371085063763, 177.0582030286536, 171.36726794693422], "z": [178.46931490797803, 177.53166728710747, 178.25579767798988, 179.66373328474586], "x_average": 171.89889502441304, "y_average": 174.3008502669681, "z_average": 178.4801282894553, "xy_average": 173.09987264569057, "average": 174.89329119361216}, "angle_MXM": {"x": [142.26001558728183, 162.5465438511963, 149.37640857634727, 147.49095791596946], "y": [141.4404737558965, 150.18518112683213, 157.67133212950716, 153.1031736923159], "z": [], "x_average": 150.41848148269872, "y_average": 150.60004017613792, "z_average": NaN, "xy_average": 150.50926082941834, "average": 150.50926082941834}}