{"n_layer": 1, "d_interlayer": 4.370989868703125, "bond": {"x": [3.426006006087896, 3.2217718742551877, 3.2772017115693264, 3.236360879725568, 3.346032562865286, 3.2833198504951757, 3.337453874973021, 3.18200930718929], "y": [3.2860525858904746, 3.314567586671742, 3.2474741307025976, 3.3413472960510857, 3.15219293250365, 3.3491142812381787, 3.2098037299497206, 3.31461971818807], "z": [3.0309520975613395, 3.2320868246857852, 3.2741550803137023, 3.109370558955376, 3.247146337621092, 3.1574304524972083, 3.225781109187926, 3.239587430166728], "x_average": 3.288769508395094, "y_average": 3.27689653264944, "z_average": 3.1895637363736444, "xy_average": 3.2828330205222667, "average": 3.2517432591393933}, "angle_XMX": {"x": [175.26726182423377, 173.17413285647189, 164.89183589210853, 169.2981985671194], "y": [169.55966277433328, 174.36854155805116, 177.5002516797871, 169.3925905988791], "z": [168.47547906716107, 172.81825144257462, 171.4582707211152, 171.33673121842526], "x_average": 170.65785728498344, "y_average": 172.70526165276266, "z_average": 171.02218311231906, "xy_average": 171.68155946887305, "average": 171.4617673500217}, "angle_MXM": {"x": [134.4179740394768, 155.35122296504952, 151.1790392988775, 141.71543626718207], "y": [136.6959613737875, 150.95803054925946, 154.53989091077014, 142.42144414352995], "z": [], "x_average": 145.66591814264646, "y_average": 146.15383174433677, "z_average": NaN, "xy_average": 145.90987494349162, "average": 145.90987494349162}}