{"n_layer": 1, "d_interlayer": 3.804797876843451, "bond": {"x": [3.213041652617138, 3.206823817100179, 3.202781524291909, 3.222368757741924, 3.2029729088235506, 3.1978802953206666, 3.215734712644267, 3.241318692376451], "y": [3.183642344535416, 3.1838129906437764, 3.2022169769334994, 3.1996210550824298, 3.2251397390646144, 3.221589794635276, 3.2331910413033356, 3.223957390424404], "z": [3.2241109930600937, 3.2214149339027243, 3.2023576944762673, 3.200156719247152, 3.206314583988431, 3.206498535352838, 3.258712683846041, 3.2622080774236335], "x_average": 3.2128652951145105, "y_average": 3.209146416577844, "z_average": 3.2227217776621475, "xy_average": 3.211005855846177, "average": 3.2149111631181673}, "angle_XMX": {"x": [179.3277075255605, 179.82812037447573, 179.60493485724524, 179.62015842781872], "y": [179.5192662635572, 179.14736511549756, 179.4707436447815, 179.45670529510213], "z": [179.83332810119632, 179.61232255537735, 179.8080622211209, 179.57942720929242], "x_average": 179.59523029627505, "y_average": 179.3985200797346, "z_average": 179.70828502174675, "xy_average": 179.49687518800482, "average": 179.56734513258547}, "angle_MXM": {"x": [144.90363052167186, 143.6756188259897, 145.45749500094658, 143.27794505764496], "y": [145.89024398345202, 144.63313700678094, 141.3992986367702, 141.84241939767637], "z": [], "x_average": 144.32867235156326, "y_average": 143.4412747561699, "z_average": NaN, "xy_average": 143.8849735538666, "average": 143.8849735538666}}