{"n_layer": 1, "d_interlayer": 4.107055556314762, "bond": {"x": [3.24837676588242, 3.190961932181855, 3.370739395415965, 3.2818915378032325, 3.180331613531146, 3.2430665228274402, 3.3001299118036758, 3.345053441822722], "y": [3.1693795991167155, 3.2655096231237053, 3.1554663661734335, 3.2474375032515943, 3.4279168177556447, 3.188773933959493, 3.416056291235539, 3.180151997375277], "z": [3.281495666934469, 3.128501370468062, 3.0882061954045104, 3.254741197229448, 3.120313999747617, 3.2598399635008235, 3.166802228545212, 3.1787929732567193], "x_average": 3.270068890158557, "y_average": 3.2563365164989255, "z_average": 3.1848366993858575, "xy_average": 3.263202703328741, "average": 3.2370807020144468}, "angle_XMX": {"x": [173.73028922031855, 174.9702660111448, 171.37043309094588, 179.46970284974898], "y": [161.03939868069443, 178.0890704600345, 164.91202132663585, 177.2527342303224], "z": [177.10966080237344, 169.83566353706794, 170.00843304629188, 165.54269860575016], "x_average": 174.88517279303954, "y_average": 170.32330617442182, "z_average": 170.62411399787086, "xy_average": 172.60423948373068, "average": 171.94419765511074}, "angle_MXM": {"x": [144.28546656600054, 138.83352888258452, 150.3872306757248, 133.570479908998], "y": [138.27078367723084, 155.81835396282668, 144.55056952792435, 129.17392449883457], "z": [], "x_average": 141.76917650832695, "y_average": 141.95340791670412, "z_average": NaN, "xy_average": 141.86129221251554, "average": 141.86129221251554}}