{"n_layer": 1, "d_interlayer": 4.383197989181965, "bond": {"x": [3.238904448937571, 3.3097519612682156, 3.169078617697822, 3.1458491000131814, 3.2739825240236526, 3.4206552428726984, 3.217191983054923, 3.126454675360384], "y": [3.3724717817584726, 3.177290341091715, 3.4324391010970814, 3.19894577453216, 3.0908410904134818, 3.201133963856237, 3.133148049272667, 3.2565071731856134], "z": [3.283640503514672, 3.204312805931865, 3.1833470863087405, 3.2949547897161904, 3.1855748764013665, 3.216363810452145, 3.2012195002343775, 3.2285482820532247], "x_average": 3.2377335691535563, "y_average": 3.2328471594009285, "z_average": 3.2247452068265727, "xy_average": 3.235290364277242, "average": 3.2317753117936854}, "angle_XMX": {"x": [177.6871574542523, 170.28040048396653, 173.69045987354303, 176.20945470154072], "y": [174.25648178692353, 166.46722706909674, 175.23538414466947, 161.45197508137528], "z": [176.06798978054778, 175.31122229499937, 177.23752627071653, 171.47425103412576], "x_average": 174.46686812832564, "y_average": 169.35276702051627, "z_average": 175.02274734509734, "xy_average": 171.90981757442094, "average": 172.94746083131307}, "angle_MXM": {"x": [134.79046954407252, 160.44742349975675, 139.72266636904618, 148.60537363978867], "y": [128.199670353878, 146.87989820008477, 161.6906779547649, 143.0437199688082], "z": [], "x_average": 145.89148326316604, "y_average": 144.95349161938395, "z_average": NaN, "xy_average": 145.422487441275, "average": 145.422487441275}}