{"n_layer": 1, "d_interlayer": 14.959144762463112, "bond": {"x": [3.9101437918752695, 3.0868292896738323, 3.3297302035505654, 3.228990726334108, 3.474061040341334, 3.0940538550283736, 3.181805381680898, 3.353065409370605], "y": [3.1543233949574416, 3.6649981333196204, 3.140449428906982, 3.402852010877865, 3.466002326562024, 3.098533074626715, 3.310954101046111, 3.2084848811720317], "z": [3.251781928757986, 3.199634134122931, 3.1593819329459576, 3.5442687358391396, 3.1485414278228965, 3.6003439630764125, 3.4311876020080936, 2.9958015227277492], "x_average": 3.332334962231873, "y_average": 3.3058246689335986, "z_average": 3.2913676559126457, "xy_average": 3.319079815582736, "average": 3.3098424290260393}, "angle_XMX": {"x": [174.37668056272074, 169.20094908858349, 160.42179988728716, 163.79795953723945], "y": [163.70097590225822, 164.64440398408013, 171.4765800345443, 162.57765135446542], "z": [174.97884807798937, 161.685730614462, 163.597430747388, 179.55916217725783], "x_average": 166.9493472689577, "y_average": 165.59990281883702, "z_average": 169.9552929042743, "xy_average": 166.27462504389734, "average": 167.50151433068967}, "angle_MXM": {"x": [127.61287560377227, 155.75116150336996, 150.7346422288299, 146.87813344894548], "y": [156.12996189040504, 125.57968629558094, 144.30893942668993, 152.14418833727086], "z": [], "x_average": 145.2442031962294, "y_average": 144.5406939874867, "z_average": NaN, "xy_average": 144.89244859185806, "average": 144.89244859185806}}