{"n_layer": 1, "d_interlayer": 3.8694858699552244, "bond": {"x": [3.2273175117930557, 3.2536279291782564, 3.1750428583590278, 3.3988030043424033, 3.2841073416468967, 3.2336517786538854, 3.1708288730593095, 3.4935986543726547], "y": [3.282122714899391, 3.193945610964787, 3.3520947609015166, 3.1662036240556826, 3.5186739448933557, 3.109025846632395, 3.4982306729684294, 3.1046176619311674], "z": [3.2558935883652786, 3.1125698840298517, 3.163025202514481, 3.24558205050644, 3.2263999810723103, 3.18543530254001, 3.195231364473134, 3.2312680465902144], "x_average": 3.2796222439256866, "y_average": 3.2781143546558407, "z_average": 3.2019256775114653, "xy_average": 3.278868299290764, "average": 3.253220758697664}, "angle_XMX": {"x": [169.59725581240855, 166.635748553472, 164.22862652600193, 166.4342980432172], "y": [167.51459300324612, 175.68981219941, 173.8019056986898, 171.91107863754195], "z": [177.0520706958014, 178.96535799461049, 167.88615418505805, 169.95157699585266], "x_average": 166.7239822337749, "y_average": 172.22934738472196, "z_average": 173.46378996783065, "xy_average": 169.47666480924846, "average": 170.80570652877586}, "angle_MXM": {"x": [167.95427013735338, 138.39660123163185, 146.22698612291143, 156.5201042627939], "y": [167.923647813696, 155.00262498744766, 145.2925378207373, 156.3239456094686], "z": [], "x_average": 152.27449043867264, "y_average": 156.1356890578374, "z_average": NaN, "xy_average": 154.205089748255, "average": 154.205089748255}}