{"n_layer": 1, "d_interlayer": 4.085948526035068, "bond": {"x": [3.2184358964771596, 3.2756414173290755, 3.445508432307254, 3.1187786466825775, 3.1904101021396714, 3.3669490159182525, 3.502261008148231, 3.129858134786419], "y": [3.380550882891055, 3.1494191604921244, 3.348101636499981, 3.196385682596775, 3.1126755544905453, 3.3561831457016633, 3.1200425538140726, 3.438813147378629], "z": [3.2615938607795987, 3.198531258965712, 3.2282421774251695, 3.2120119346644054, 3.385317611400012, 3.1661863905685452, 3.0925031349688656, 3.48758705508888], "x_average": 3.28098033172358, "y_average": 3.2627714704831057, "z_average": 3.2539966779826486, "xy_average": 3.2718759011033427, "average": 3.2659161600631115}, "angle_XMX": {"x": [171.82849503030403, 171.8342777557294, 171.69980729915954, 169.88042574350763], "y": [162.80064322990955, 172.41988978665597, 161.833530524304, 166.78697740522176], "z": [170.61045872567266, 176.02666436276664, 168.8341704962924, 169.17015857269968], "x_average": 171.31075145717517, "y_average": 165.9602602365228, "z_average": 171.16036303935783, "xy_average": 168.63550584684896, "average": 169.4771249110186}, "angle_MXM": {"x": [158.90903683913638, 143.54421031780146, 147.57770288214118, 154.21757789372623], "y": [151.45293624995568, 142.25752256480322, 141.54134524309, 156.92572220382993], "z": [], "x_average": 151.0621319832013, "y_average": 148.0443815654197, "z_average": NaN, "xy_average": 149.5532567743105, "average": 149.5532567743105}}