{"n_layer": 1, "d_interlayer": 3.9947065604680825, "bond": {"x": [3.170409387632516, 3.172053693983547, 3.147068066672697, 3.1481034213854593, 3.171308877496863, 3.173688675956631, 3.1574294883576415, 3.1579400727102267], "y": [3.1739240889030915, 3.173271234763028, 3.160984349397164, 3.159640693022426, 3.156680271800143, 3.158023375879596, 3.158514524593458, 3.160185642448808], "z": [3.2327839592374534, 3.2303762674633996, 3.254594691262589, 3.2528947416632135, 3.17791365497445, 3.1771396902973077, 3.1799672665428624, 3.179756950506555], "x_average": 3.162250210524448, "y_average": 3.1626530226009644, "z_average": 3.2106784027434787, "xy_average": 3.1624516165627057, "average": 3.178527211956297}, "angle_XMX": {"x": [179.78090639527971, 179.67720382979468, 179.98232967357342, 179.81487731201054], "y": [179.65790074360402, 179.8557347867744, 179.78713761410478, 179.80882442325682], "z": [179.84783412073784, 179.7573050557747, 179.86211157139047, 179.86022966608786], "x_average": 179.8138293026646, "y_average": 179.777399391935, "z_average": 179.83187010349775, "xy_average": 179.79561434729982, "average": 179.80769959936575}, "angle_MXM": {"x": [140.95538467310408, 142.77244825601957, 140.7395137068773, 142.95450200392912], "y": [142.28741042254728, 141.8895140626107, 142.84195841851604, 143.174250913168], "z": [], "x_average": 141.85546215998252, "y_average": 142.5482834542105, "z_average": NaN, "xy_average": 142.20187280709652, "average": 142.20187280709652}}