{"n_layer": 1, "d_interlayer": 5.747811632740804, "bond": {"x": [3.1759152352831634, 3.176231956063513, 3.1728611476097295, 3.172977936842812, 3.1815931922910634, 3.1811645634757357, 3.1563979386557777, 3.1561200854433458], "y": [3.1799696125525116, 3.1802418441748954, 3.1768200511955365, 3.1762181876427333, 3.169603320082945, 3.1689336999441617, 3.1651702937961126, 3.1658285449258474], "z": [3.231689078002528, 3.231805876549429, 3.220811228053425, 3.2205042467426845, 3.2357633681971434, 3.23513208612707, 3.2441998565179806, 3.244172076884771], "x_average": 3.171657756958142, "y_average": 3.172848194289343, "z_average": 3.2330097271343785, "xy_average": 3.172252975623743, "average": 3.192505226127288}, "angle_XMX": {"x": [179.99281290854202, 179.98397330067226, 179.97818912039614, 179.98898446172254], "y": [179.98824544347625, 179.9893253451118, 179.9816469947622, 179.99682539162487], "z": [179.98771113770817, 179.9859711714616, 179.98754094501484, 179.98376281476308], "x_average": 179.98598994783325, "y_average": 179.98901079374377, "z_average": 179.98624651723694, "xy_average": 179.9875003707885, "average": 179.98708241960466}, "angle_MXM": {"x": [142.33202293523144, 143.8536730571625, 142.31877405409148, 143.85793298609332], "y": [142.42563249917765, 142.41127385247196, 143.59835054219224, 143.59835274965243], "z": [], "x_average": 143.09060075814466, "y_average": 143.00840241087357, "z_average": NaN, "xy_average": 143.04950158450913, "average": 143.04950158450913}}