{"n_layer": 1, "d_interlayer": 3.7680944615839227, "bond": {"x": [3.3700538095928643, 3.315752376620531, 3.2695338942385237, 3.2210985889577075, 3.3066132993462714, 3.234626061494043, 3.2337141696690597, 3.2406421817757773], "y": [3.312140340587885, 3.2219912570181513, 3.3689294010778656, 3.2260241842520534, 3.1834289645106146, 3.325024145568441, 3.182605316429493, 3.3574293667841117], "z": [3.0402279245670836, 3.294739461216495, 3.228335838744495, 3.2377907459869695, 3.0780445073681304, 3.354900294350404, 3.491738716108577, 3.028875981595321], "x_average": 3.2740042977118473, "y_average": 3.272196622028577, "z_average": 3.219331683742184, "xy_average": 3.273100459870212, "average": 3.255177534494203}, "angle_XMX": {"x": [175.133192719193, 174.55759109755417, 170.72588131137647, 171.64703785732306], "y": [175.91409780999282, 171.50370549270497, 174.1718860338456, 168.18529925179578], "z": [156.30259446770785, 165.90953216537994, 169.486601839169, 178.73845773229124], "x_average": 173.0159257463617, "y_average": 172.4437471470848, "z_average": 167.609296551137, "xy_average": 172.72983644672325, "average": 171.02298981486118}, "angle_MXM": {"x": [140.51266719938926, 151.77252873967535, 143.54777320351263, 147.06369670400971], "y": [140.98028144443205, 147.6283449946205, 150.0944531782927, 143.91420146620678], "z": [], "x_average": 145.72416646164675, "y_average": 145.654320270888, "z_average": NaN, "xy_average": 145.68924336626736, "average": 145.68924336626736}}