{"n_layer": 1, "d_interlayer": 4.107379028308599, "bond": {"x": [3.2023330668587673, 3.328360827868004, 3.211275592820018, 3.20135988195797, 3.178070295011264, 3.443656469804178, 3.24565562110652, 3.1699513030828297], "y": [3.326410089254508, 3.2069987314523316, 3.2867518860942564, 3.2389030302797406, 3.144537254757401, 3.1929782089455814, 3.189973055220775, 3.2076373148901536], "z": [3.4933364523394785, 3.0796425385914934, 3.1083083333277526, 3.4021549518484187, 3.1050854667321492, 3.346456072771544, 3.2351974965448638, 3.1773216648320104], "x_average": 3.2475828823136936, "y_average": 3.224273696361843, "z_average": 3.243437872123464, "xy_average": 3.2359282893377683, "average": 3.238431483599667}, "angle_XMX": {"x": [173.45367017223478, 167.48190186487622, 167.7397671770466, 176.17740477179174], "y": [169.17045435432075, 166.69980099254136, 170.95183310836538, 163.51597579945712], "z": [172.83615804217834, 173.15725691762404, 175.03590503490233, 174.21566615993157], "x_average": 171.21318599648734, "y_average": 167.58451606367115, "z_average": 173.81124653865908, "xy_average": 169.39885103007924, "average": 170.86964953293918}, "angle_MXM": {"x": [132.44841100672056, 153.79685996643386, 145.8629525233341, 141.1068164577682], "y": [130.9434508953889, 144.70181139988526, 151.7837308916313, 142.19125262573692], "z": [], "x_average": 143.3037599885642, "y_average": 142.4050614531606, "z_average": NaN, "xy_average": 142.8544107208624, "average": 142.8544107208624}}