{"n_layer": 1, "d_interlayer": 17.6599595311693, "bond": {"x": [3.587359636788752, 3.0893513873730942, 3.1356897492435607, 3.69395185551624, 3.688094128321902, 3.0787776778653444, 3.138945840085531, 3.7353699165894336], "y": [3.068081032191929, 3.895865519141188, 3.0732099319399806, 3.6595922274715966, 3.1987537356528395, 3.5585453849533817, 3.169499000168376, 3.841081055431262], "z": [3.2298916863341725, 3.198144618896375, 3.7889216374784844, 3.1122705785262106, 3.6289774899388627, 3.115576519284135, 3.150163626302099, 3.2687268446178352], "x_average": 3.393442523972982, "y_average": 3.433078485868819, "z_average": 3.3115841251722715, "xy_average": 3.413260504920901, "average": 3.379368378338025}, "angle_XMX": {"x": [173.89335552736944, 170.1862682287558, 178.0759094785227, 175.7456787148987], "y": [164.98726662611486, 175.36976429597712, 157.5094733113207, 173.0747251546417], "z": [170.43465512352796, 163.23019241594312, 154.9437575062521, 168.42228327511296], "x_average": 174.47530298738667, "y_average": 167.7353073470136, "z_average": 164.25772208020905, "xy_average": 171.10530516720013, "average": 168.82277747153643}, "angle_MXM": {"x": [146.9544187194252, 142.8482064659341, 143.08803322249997, 135.14831169825717], "y": [137.29411266970374, 151.02689381969853, 149.67671498472166, 135.94756180424073], "z": [], "x_average": 142.00974252652912, "y_average": 143.48632081959119, "z_average": NaN, "xy_average": 142.74803167306015, "average": 142.74803167306015}}