{"n_layer": 1, "d_interlayer": 13.050847509805603, "bond": {"x": [3.22888436444754, 3.2261309866742396, 3.251916866487525, 3.1804657942392436, 3.2864603229022533, 3.2871898838965756, 3.3640331269572488, 3.2320545742280444], "y": [3.2247339857607606, 3.2288082528490474, 3.276618891999944, 3.2920630040905308, 3.231933879109312, 3.201580518530706, 3.3202010003983258, 3.269822584925548], "z": [3.0738007212344995, 3.2670612330843447, 3.2137211480941112, 3.1178363803458264, 3.2122997295037834, 3.117875498372289, 3.1620797105704423, 3.110802522278368], "x_average": 3.257141989979084, "y_average": 3.255720264708022, "z_average": 3.1594346179354584, "xy_average": 3.2564311273435527, "average": 3.2240989575408547}, "angle_XMX": {"x": [176.56806584515468, 179.3281445202609, 177.09314762903523, 171.11443751483603], "y": [176.59306844240876, 176.86957184047753, 178.85473467624408, 170.99038832843047], "z": [178.80202586390593, 177.70328207903052, 179.21048961750992, 177.06698965768308], "x_average": 176.0259488773217, "y_average": 175.82694082189022, "z_average": 178.19569680453236, "xy_average": 175.92644484960596, "average": 176.68286216791478}, "angle_MXM": {"x": [156.8352430947386, 157.04842208078483, 157.0325631676315, 157.19048082544285], "y": [157.75017981645314, 156.04188879062863, 155.27253958350778, 158.90620030597364], "z": [], "x_average": 157.02667729214946, "y_average": 156.9927021241408, "z_average": NaN, "xy_average": 157.00968970814512, "average": 157.00968970814512}}