{"n_layer": 1, "d_interlayer": 17.143093413813133, "bond": {"x": [3.2278691681901135, 3.5368623693788823, 3.244686185027343, 3.377729190860428, 3.2284403289109362, 3.325907513324871, 3.2369299239783382, 3.4194446675015375], "y": [3.5149757289290795, 3.1379686677685834, 3.448834893118622, 3.2070413899491563, 3.280279989952048, 3.4295409734770246, 3.1603869213155833, 3.507020063585526], "z": [3.0805173690619796, 3.2023425155810323, 3.1302583637102956, 3.2539344705592743, 3.2010573139355047, 3.192207431582602, 3.3005396221897896, 3.0692844468620475], "x_average": 3.3247336683965565, "y_average": 3.335756078511953, "z_average": 3.178767691685316, "xy_average": 3.3302448734542547, "average": 3.2797524795312754}, "angle_XMX": {"x": [166.0858319030167, 172.73114873330843, 168.7464419342951, 173.3235903643617], "y": [166.26369052640317, 174.73393127806307, 176.1373838658514, 175.17681270888627], "z": [163.63235045864653, 158.87413997717013, 160.78154270265054, 170.25883805198575], "x_average": 170.2217532337455, "y_average": 173.07795459480099, "z_average": 163.38671779761324, "xy_average": 171.64985391427322, "average": 168.8954752087199}, "angle_MXM": {"x": [156.89882091467433, 153.44402328347076, 140.71801795477273, 143.81830076433945], "y": [158.28852468059767, 155.88109116629815, 152.60163265869994, 155.3404824984435], "z": [], "x_average": 148.71979072931433, "y_average": 155.5279327510098, "z_average": NaN, "xy_average": 152.12386174016206, "average": 152.12386174016206}}