{"n_layer": 1, "d_interlayer": 11.6275327594445, "bond": {"x": [3.3098693827183925, 3.164611468860774, 3.2491604070594122, 3.1146625449182745, 3.2767478963389003, 3.157199024707317, 3.2015426197177836, 3.142763572513081], "y": [3.137862113124226, 3.2162054623789644, 3.2189692973657427, 3.1440769216711884, 3.17961759963707, 3.223884042142471, 3.1902172623415077, 3.203298002387559], "z": [3.1174422548487923, 3.391706059467532, 3.265544309789559, 3.213780317462177, 3.253240328086232, 3.222448699876147, 3.2977520082323895, 3.1205943022492995], "x_average": 3.202069614604242, "y_average": 3.189266337631091, "z_average": 3.2353135350015156, "xy_average": 3.1956679761176665, "average": 3.2088831624122833}, "angle_XMX": {"x": [175.89469328830202, 170.9144233941274, 166.20227048244024, 172.34467907416726], "y": [161.78361622437012, 163.4228434020148, 169.4150708996212, 173.86506820680404], "z": [176.48187556203723, 169.96214967986438, 173.23006249277654, 178.15286626430097], "x_average": 171.33901655975924, "y_average": 167.12164968320255, "z_average": 174.45673849974477, "xy_average": 169.2303331214809, "average": 170.97246824756886}, "angle_MXM": {"x": [144.68463844117437, 146.24861294499263, 147.74545660246122, 160.06285634826074], "y": [140.93708516322215, 175.55434426095192, 157.8939896299987, 142.95895477284876], "z": [], "x_average": 149.68539108422223, "y_average": 154.33609345675538, "z_average": NaN, "xy_average": 152.01074227048883, "average": 152.01074227048883}}