{"n_layer": 1, "d_interlayer": 9.50467894488661, "bond": {"x": [3.115464082311919, 3.4859198019902555, 3.0355819574786156, 3.6759860581371973, 3.1875714906222865, 4.208373960576485, 3.1561488638473025, 4.369249849096501], "y": [3.5312957385740344, 3.0687861787937383, 4.2968818893471665, 3.2105635387952582, 3.520229774186955, 3.0812088178035504, 4.435009408684632, 3.2147699457032135], "z": [2.921874838716229, 3.529329093737402, 3.404894715994218, 2.991775148088004, 3.4182382353279768, 2.9644885055179753, 3.0753241216822507, 3.2220456597448046], "x_average": 3.5292870080075702, "y_average": 3.5448431614860683, "z_average": 3.1909962898511077, "xy_average": 3.5370650847468195, "average": 3.421708819781582}, "angle_XMX": {"x": [164.35320601661272, 162.48242703200717, 158.63386262692725, 165.4378129579614], "y": [163.93914897397588, 158.10867970592074, 161.24224322857384, 160.06434578127354], "z": [172.57285885403303, 148.14023149874328, 159.61233247692243, 151.27350487541617], "x_average": 162.72682715837715, "y_average": 160.838604422436, "z_average": 157.89973192627872, "xy_average": 161.78271579040657, "average": 160.4883878356973}, "angle_MXM": {"x": [141.57731472329843, 154.04363533436154, 148.8994079808225, 122.65512101653293], "y": [138.74364973919066, 152.20859367270705, 159.5417940888306, 121.18767889401578], "z": [], "x_average": 141.79386976375386, "y_average": 142.92042909868601, "z_average": NaN, "xy_average": 142.35714943121994, "average": 142.35714943121994}}