{"n_layer": 1, "d_interlayer": 13.30421996646869, "bond": {"x": [3.208211806862002, 3.262470245177944, 3.144868542306344, 3.2117690894141067, 3.136091869845777, 3.2634105848415786, 3.1138511332458028, 3.1619365440432587], "y": [3.1627475166502044, 3.168886768843105, 3.1183946834070126, 3.1668513970195415, 3.1457504460219585, 3.1894206141649244, 3.193517257043008, 3.1054996796878194], "z": [3.174520801790833, 3.245037625638257, 3.2886802261491126, 3.175252818886226, 3.2226867498593954, 3.1971778187486777, 3.296461171192842, 3.1735029473683087], "x_average": 3.187826226967102, "y_average": 3.1563835453546965, "z_average": 3.2216650199542065, "xy_average": 3.1721048861608994, "average": 3.1886249307586687}, "angle_XMX": {"x": [170.54140584438596, 172.86086280532407, 170.36755032396744, 165.34481141957943], "y": [158.58439629202266, 161.20037504176017, 165.40207375627548, 169.82599010971563], "z": [168.81502477675537, 168.016654616764, 168.77031746947043, 169.655317654278], "x_average": 169.77865759831423, "y_average": 163.75320879994348, "z_average": 168.81432862931695, "xy_average": 166.76593319912885, "average": 167.44873167585823}, "angle_MXM": {"x": [149.77100176617918, 172.89560837309875, 153.5841230791388, 159.3237501191377], "y": [160.79879764965753, 156.03241324711232, 157.7573783048966, 163.89656958391777], "z": [], "x_average": 158.89362083438863, "y_average": 159.62128969639605, "z_average": NaN, "xy_average": 159.25745526539234, "average": 159.25745526539234}}