{"n_layer": 1, "d_interlayer": 20.270522627231244, "bond": {"x": [3.1874527859532775, 3.1621449221885425, 3.1732370310177034, 3.2282490673205504, 3.1956894921532117, 3.193410531431069, 3.182647788212071, 3.1772541376062686], "y": [3.262474523720793, 3.1842896100363416, 3.159597356997294, 3.228823936005947, 3.1789227221300638, 3.1673559929777397, 3.1675187840465546, 3.198132887183999], "z": [3.157519284371893, 3.2105558783633685, 3.1431583569928283, 3.2217587703434454, 3.115646606255688, 3.249324007848166, 3.3247288839552915, 3.083195063432719], "x_average": 3.1875107194853367, "y_average": 3.193389476637342, "z_average": 3.1882358564454245, "xy_average": 3.1904500980613393, "average": 3.1897120175227016}, "angle_XMX": {"x": [173.86303424801838, 178.1161966718044, 168.28864674243758, 170.134394820127], "y": [168.31418511272742, 168.44538901078306, 176.80905913397746, 173.74605264318285], "z": [177.69941722581916, 175.3280733313353, 170.03688028561373, 175.36104947610676], "x_average": 172.60056812059685, "y_average": 171.8286714751677, "z_average": 174.60635507971875, "xy_average": 172.21461979788228, "average": 173.0118648918278}, "angle_MXM": {"x": [146.5874735451822, 154.95967552527335, 154.4613005140434, 144.63555784048975], "y": [145.55753175338188, 157.20885365176298, 154.87945480652056, 154.72318865944646], "z": [], "x_average": 150.1610018562472, "y_average": 153.09225721777798, "z_average": NaN, "xy_average": 151.6266295370126, "average": 151.6266295370126}}