{"n_layer": 1, "d_interlayer": 12.823134725007343, "bond": {"x": [3.172829387224213, 3.1730985647370895, 3.169478450660346, 3.169606804413631, 3.1641135191394993, 3.1641017328085304, 3.1627972410735756, 3.1626425597197647], "y": [3.1721567127235226, 3.1738090256592675, 3.163822925399552, 3.164394641268188, 3.1695549283160345, 3.1695905148706083, 3.1627326804449676, 3.1627711067898905], "z": [3.1384326347670015, 3.2890982745147364, 3.198270646340556, 3.158380686751895, 3.1981160030223306, 3.15836879876294, 3.1497940928177597, 3.1647135355275213], "x_average": 3.1673335324720813, "y_average": 3.1673540669340037, "z_average": 3.1818968340630924, "xy_average": 3.1673437997030423, "average": 3.172194811156393}, "angle_XMX": {"x": [177.33585088402165, 176.46098863293983, 176.73853256353337, 173.47793449513537], "y": [177.3339201241919, 176.74347573800105, 176.45473406657734, 173.47724359717307], "z": [179.96470914183433, 179.98043065186837, 179.99788982766077, 179.9954907843222], "x_average": 176.00332664390757, "y_average": 176.00234338148584, "z_average": 179.98463010142143, "xy_average": 176.0028350126967, "average": 177.33010004227162}, "angle_MXM": {"x": [155.4068442734509, 156.32891780965667, 155.37636082963795, 156.34212509629796], "y": [155.39153875991926, 155.3990989262044, 156.33644770357924, 156.33669668703246], "z": [], "x_average": 155.8635620022609, "y_average": 155.86594551918384, "z_average": NaN, "xy_average": 155.86475376072235, "average": 155.86475376072235}}