{"n_layer": 1, "d_interlayer": 12.303905534457508, "bond": {"x": [3.401979846693768, 3.1718985148584586, 3.2187194781605637, 3.2252050097252867, 3.2867417526136924, 3.1553316196591092, 3.2992554774614113, 3.155581959975433], "y": [3.247293330365189, 3.264558816544059, 3.1632487537718115, 3.268278529714998, 3.1849108661355303, 3.2233954096029107, 3.226023716696299, 3.1431126361551036], "z": [3.2346743417686707, 3.1765278757127047, 3.3087940219637706, 3.2254880274603557, 3.315500833479771, 3.2408264005955076, 3.093157911574223, 3.344954266327198], "x_average": 3.2393392073934653, "y_average": 3.215102757373238, "z_average": 3.2424904598602753, "xy_average": 3.2272209823833515, "average": 3.232310808208993}, "angle_XMX": {"x": [169.23398957931943, 177.12876682781027, 169.73261557654135, 165.95278356875698], "y": [164.62842597996416, 177.28692035710742, 162.71284811382014, 165.77165065390392], "z": [175.0589933247448, 166.9685321465585, 168.49917242134475, 176.56998816831393], "x_average": 170.512038888107, "y_average": 167.5999612761989, "z_average": 171.77417151524048, "xy_average": 169.05600008215296, "average": 169.9620572265155}, "angle_MXM": {"x": [154.3172616497705, 147.07324390774403, 135.92505761452304, 149.2561393773618], "y": [153.51819456981792, 135.91874674114771, 142.65424194105503, 158.1392749671797], "z": [], "x_average": 146.64292563734983, "y_average": 147.55761455480007, "z_average": NaN, "xy_average": 147.10027009607495, "average": 147.10027009607495}}